<?xml version="1.0" encoding="UTF-8"?>
<gpx creator="Garmin Connect" version="1.1"
  xsi:schemaLocation="http://www.topografix.com/GPX/1/1 http://www.topografix.com/GPX/11.xsd"
  xmlns:ns3="http://www.garmin.com/xmlschemas/TrackPointExtension/v1"
  xmlns="http://www.topografix.com/GPX/1/1"
  xmlns:xsi="http://www.w3.org/2001/XMLSchema-instance" xmlns:ns2="http://www.garmin.com/xmlschemas/GpxExtensions/v3">
  <metadata>
    <link href="connect.garmin.com">
      <text>Garmin Connect</text>
    </link>
    <time>2024-07-27T11:47:26.000Z</time>
  </metadata>
  <trk>
    <name>Tallahassee Hiking</name>
    <type>hiking</type>
    <trkseg>
      <trkpt lat="30.45361985452473163604736328125" lon="-84.22228507697582244873046875">
        <ele>49.59999847412109375</ele>
        <time>2024-07-27T11:47:26.000Z</time>
        <extensions>
          <ns3:TrackPointExtension>
            <ns3:atemp>28.0</ns3:atemp>
            <ns3:hr>86</ns3:hr>
            <ns3:cad>0</ns3:cad>
          </ns3:TrackPointExtension>
        </extensions>
      </trkpt>
      <trkpt lat="30.45361884869635105133056640625" lon="-84.22228516079485416412353515625">
        <ele>49.59999847412109375</ele>
        <time>2024-07-27T11:47:27.000Z</time>
        <extensions>
          <ns3:TrackPointExtension>
            <ns3:atemp>28.0</ns3:atemp>
            <ns3:hr>86</ns3:hr>
            <ns3:cad>0</ns3:cad>
          </ns3:TrackPointExtension>
        </extensions>
      </trkpt>
      <trkpt lat="30.4536209441721439361572265625" lon="-84.2223241366446018218994140625">
        <ele>48.59999847412109375</ele>
        <time>2024-07-27T11:47:33.000Z</time>
        <extensions>
          <ns3:TrackPointExtension>
            <ns3:atemp>28.0</ns3:atemp>
            <ns3:hr>86</ns3:hr>
            <ns3:cad>41</ns3:cad>
          </ns3:TrackPointExtension>
        </extensions>
      </trkpt>
      <trkpt lat="30.4536201059818267822265625" lon="-84.2223479412496089935302734375">
        <ele>48.200000762939453125</ele>
        <time>2024-07-27T11:47:35.000Z</time>
        <extensions>
          <ns3:TrackPointExtension>
            <ns3:atemp>28.0</ns3:atemp>
            <ns3:hr>87</ns3:hr>
            <ns3:cad>0</ns3:cad>
          </ns3:TrackPointExtension>
        </extensions>
      </trkpt>
      <trkpt lat="30.45362924225628376007080078125" lon="-84.22243125736713409423828125">
        <ele>48</ele>
        <time>2024-07-27T11:47:41.000Z</time>
        <extensions>
          <ns3:TrackPointExtension>
            <ns3:atemp>28.0</ns3:atemp>
            <ns3:hr>87</ns3:hr>
            <ns3:cad>43</ns3:cad>
          </ns3:TrackPointExtension>
        </extensions>
      </trkpt>
      <trkpt lat="30.4536390490829944610595703125" lon="-84.22252421267330646514892578125">
        <ele>48</ele>
        <time>2024-07-27T11:47:47.000Z</time>
        <extensions>
          <ns3:TrackPointExtension>
            <ns3:atemp>28.0</ns3:atemp>
            <ns3:hr>89</ns3:hr>
            <ns3:cad>51</ns3:cad>
          </ns3:TrackPointExtension>
        </extensions>
      </trkpt>
      <trkpt lat="30.453644581139087677001953125" lon="-84.222531504929065704345703125">
        <ele>48</ele>
        <time>2024-07-27T11:47:48.000Z</time>
        <extensions>
          <ns3:TrackPointExtension>
            <ns3:atemp>28.0</ns3:atemp>
            <ns3:hr>89</ns3:hr>
            <ns3:cad>51</ns3:cad>
          </ns3:TrackPointExtension>
        </extensions>
      </trkpt>
      <trkpt lat="30.45368053950369358062744140625" lon="-84.22254751436412334442138671875">
        <ele>47.59999847412109375</ele>
        <time>2024-07-27T11:47:54.000Z</time>
        <extensions>
          <ns3:TrackPointExtension>
            <ns3:atemp>28.0</ns3:atemp>
            <ns3:hr>89</ns3:hr>
            <ns3:cad>0</ns3:cad>
          </ns3:TrackPointExtension>
        </extensions>
      </trkpt>
      <trkpt lat="30.4536831378936767578125" lon="-84.22254499979317188262939453125">
        <ele>47.40000152587890625</ele>
        <time>2024-07-27T11:47:55.000Z</time>
        <extensions>
          <ns3:TrackPointExtension>
            <ns3:atemp>28.0</ns3:atemp>
            <ns3:hr>89</ns3:hr>
            <ns3:cad>0</ns3:cad>
          </ns3:TrackPointExtension>
        </extensions>
      </trkpt>
      <trkpt lat="30.4536859877407550811767578125" lon="-84.22254298813641071319580078125">
        <ele>47.40000152587890625</ele>
        <time>2024-07-27T11:47:56.000Z</time>
        <extensions>
          <ns3:TrackPointExtension>
            <ns3:atemp>28.0</ns3:atemp>
            <ns3:hr>89</ns3:hr>
            <ns3:cad>0</ns3:cad>
          </ns3:TrackPointExtension>
        </extensions>
      </trkpt>
      <trkpt lat="30.453707277774810791015625" lon="-84.22253896482288837432861328125">
        <ele>47.59999847412109375</ele>
        <time>2024-07-27T11:48:01.000Z</time>
        <extensions>
          <ns3:TrackPointExtension>
            <ns3:atemp>28.0</ns3:atemp>
            <ns3:hr>89</ns3:hr>
            <ns3:cad>0</ns3:cad>
          </ns3:TrackPointExtension>
        </extensions>
      </trkpt>
      <trkpt lat="30.4537899233400821685791015625" lon="-84.222524128854274749755859375">
        <ele>47.40000152587890625</ele>
        <time>2024-07-27T11:48:08.000Z</time>
        <extensions>
          <ns3:TrackPointExtension>
            <ns3:atemp>28.0</ns3:atemp>
            <ns3:hr>88</ns3:hr>
            <ns3:cad>49</ns3:cad>
          </ns3:TrackPointExtension>
        </extensions>
      </trkpt>
      <trkpt lat="30.45385907404124736785888671875" lon="-84.22257903032004833221435546875">
        <ele>46.799999237060546875</ele>
        <time>2024-07-27T11:48:17.000Z</time>
        <extensions>
          <ns3:TrackPointExtension>
            <ns3:atemp>29.0</ns3:atemp>
            <ns3:hr>86</ns3:hr>
            <ns3:cad>45</ns3:cad>
          </ns3:TrackPointExtension>
        </extensions>
      </trkpt>
      <trkpt lat="30.4539069347083568572998046875" lon="-84.22264206223189830780029296875">
        <ele>46.799999237060546875</ele>
        <time>2024-07-27T11:48:23.000Z</time>
        <extensions>
          <ns3:TrackPointExtension>
            <ns3:atemp>29.0</ns3:atemp>
            <ns3:hr>88</ns3:hr>
            <ns3:cad>51</ns3:cad>
          </ns3:TrackPointExtension>
        </extensions>
      </trkpt>
      <trkpt lat="30.45390299521386623382568359375" lon="-84.2226493544876575469970703125">
        <ele>46.799999237060546875</ele>
        <time>2024-07-27T11:48:24.000Z</time>
        <extensions>
          <ns3:TrackPointExtension>
            <ns3:atemp>29.0</ns3:atemp>
            <ns3:hr>88</ns3:hr>
            <ns3:cad>52</ns3:cad>
          </ns3:TrackPointExtension>
        </extensions>
      </trkpt>
      <trkpt lat="30.45390634797513484954833984375" lon="-84.2226962931454181671142578125">
        <ele>46.59999847412109375</ele>
        <time>2024-07-27T11:48:28.000Z</time>
        <extensions>
          <ns3:TrackPointExtension>
            <ns3:atemp>29.0</ns3:atemp>
            <ns3:hr>86</ns3:hr>
            <ns3:cad>49</ns3:cad>
          </ns3:TrackPointExtension>
        </extensions>
      </trkpt>
      <trkpt lat="30.4539129696786403656005859375" lon="-84.2227180860936641693115234375">
        <ele>46.59999847412109375</ele>
        <time>2024-07-27T11:48:30.000Z</time>
        <extensions>
          <ns3:TrackPointExtension>
            <ns3:atemp>29.0</ns3:atemp>
            <ns3:hr>87</ns3:hr>
            <ns3:cad>48</ns3:cad>
          </ns3:TrackPointExtension>
        </extensions>
      </trkpt>
      <trkpt lat="30.4539149813354015350341796875" lon="-84.222729988396167755126953125">
        <ele>46.59999847412109375</ele>
        <time>2024-07-27T11:48:31.000Z</time>
        <extensions>
          <ns3:TrackPointExtension>
            <ns3:atemp>29.0</ns3:atemp>
            <ns3:hr>84</ns3:hr>
            <ns3:cad>48</ns3:cad>
          </ns3:TrackPointExtension>
        </extensions>
      </trkpt>
      <trkpt lat="30.45391422696411609649658203125" lon="-84.2227610014379024505615234375">
        <ele>46.59999847412109375</ele>
        <time>2024-07-27T11:48:33.000Z</time>
        <extensions>
          <ns3:TrackPointExtension>
            <ns3:atemp>29.0</ns3:atemp>
            <ns3:hr>82</ns3:hr>
            <ns3:cad>48</ns3:cad>
          </ns3:TrackPointExtension>
        </extensions>
      </trkpt>
      <trkpt lat="30.453911460936069488525390625" lon="-84.222774244844913482666015625">
        <ele>46.40000152587890625</ele>
        <time>2024-07-27T11:48:34.000Z</time>
        <extensions>
          <ns3:TrackPointExtension>
            <ns3:atemp>29.0</ns3:atemp>
            <ns3:hr>87</ns3:hr>
            <ns3:cad>48</ns3:cad>
          </ns3:TrackPointExtension>
        </extensions>
      </trkpt>
      <trkpt lat="30.45392093248665332794189453125" lon="-84.2228377796709537506103515625">
        <ele>46.40000152587890625</ele>
        <time>2024-07-27T11:48:39.000Z</time>
        <extensions>
          <ns3:TrackPointExtension>
            <ns3:atemp>29.0</ns3:atemp>
            <ns3:hr>88</ns3:hr>
            <ns3:cad>48</ns3:cad>
          </ns3:TrackPointExtension>
        </extensions>
      </trkpt>
      <trkpt lat="30.45391984283924102783203125" lon="-84.2228572256863117218017578125">
        <ele>46.40000152587890625</ele>
        <time>2024-07-27T11:48:41.000Z</time>
        <extensions>
          <ns3:TrackPointExtension>
            <ns3:atemp>29.0</ns3:atemp>
            <ns3:hr>86</ns3:hr>
            <ns3:cad>48</ns3:cad>
          </ns3:TrackPointExtension>
        </extensions>
      </trkpt>
      <trkpt lat="30.45392252504825592041015625" lon="-84.222865439951419830322265625">
        <ele>46.40000152587890625</ele>
        <time>2024-07-27T11:48:45.000Z</time>
        <extensions>
          <ns3:TrackPointExtension>
            <ns3:atemp>29.0</ns3:atemp>
            <ns3:hr>84</ns3:hr>
            <ns3:cad>0</ns3:cad>
          </ns3:TrackPointExtension>
        </extensions>
      </trkpt>
      <trkpt lat="30.4539210163056850433349609375" lon="-84.2228646017611026763916015625">
        <ele>46.40000152587890625</ele>
        <time>2024-07-27T11:48:46.000Z</time>
        <extensions>
          <ns3:TrackPointExtension>
            <ns3:atemp>29.0</ns3:atemp>
            <ns3:hr>86</ns3:hr>
            <ns3:cad>0</ns3:cad>
          </ns3:TrackPointExtension>
        </extensions>
      </trkpt>
      <trkpt lat="30.45392663218080997467041015625" lon="-84.22285814769566059112548828125">
        <ele>46.40000152587890625</ele>
        <time>2024-07-27T11:48:48.000Z</time>
        <extensions>
          <ns3:TrackPointExtension>
            <ns3:atemp>29.0</ns3:atemp>
            <ns3:hr>83</ns3:hr>
            <ns3:cad>0</ns3:cad>
          </ns3:TrackPointExtension>
        </extensions>
      </trkpt>
      <trkpt lat="30.45392646454274654388427734375" lon="-84.2228555493056774139404296875">
        <ele>46.40000152587890625</ele>
        <time>2024-07-27T11:48:49.000Z</time>
        <extensions>
          <ns3:TrackPointExtension>
            <ns3:atemp>29.0</ns3:atemp>
            <ns3:hr>86</ns3:hr>
            <ns3:cad>0</ns3:cad>
          </ns3:TrackPointExtension>
        </extensions>
      </trkpt>
      <trkpt lat="30.4539210163056850433349609375" lon="-84.22286837361752986907958984375">
        <ele>46.40000152587890625</ele>
        <time>2024-07-27T11:48:53.000Z</time>
        <extensions>
          <ns3:TrackPointExtension>
            <ns3:atemp>29.0</ns3:atemp>
            <ns3:hr>83</ns3:hr>
            <ns3:cad>0</ns3:cad>
          </ns3:TrackPointExtension>
        </extensions>
      </trkpt>
      <trkpt lat="30.45392747037112712860107421875" lon="-84.2229199223220348358154296875">
        <ele>46.200000762939453125</ele>
        <time>2024-07-27T11:49:04.000Z</time>
        <extensions>
          <ns3:TrackPointExtension>
            <ns3:atemp>29.0</ns3:atemp>
            <ns3:hr>83</ns3:hr>
            <ns3:cad>53</ns3:cad>
          </ns3:TrackPointExtension>
        </extensions>
      </trkpt>
      <trkpt lat="30.453932248055934906005859375" lon="-84.22303332947194576263427734375">
        <ele>46.200000762939453125</ele>
        <time>2024-07-27T11:49:12.000Z</time>
        <extensions>
          <ns3:TrackPointExtension>
            <ns3:atemp>29.0</ns3:atemp>
            <ns3:hr>85</ns3:hr>
            <ns3:cad>43</ns3:cad>
          </ns3:TrackPointExtension>
        </extensions>
      </trkpt>
      <trkpt lat="30.45393819920718669891357421875" lon="-84.2231254465878009796142578125">
        <ele>45.799999237060546875</ele>
        <time>2024-07-27T11:49:19.000Z</time>
        <extensions>
          <ns3:TrackPointExtension>
            <ns3:atemp>29.0</ns3:atemp>
            <ns3:hr>86</ns3:hr>
            <ns3:cad>50</ns3:cad>
          </ns3:TrackPointExtension>
        </extensions>
      </trkpt>
      <trkpt lat="30.4539391212165355682373046875" lon="-84.2231408692896366119384765625">
        <ele>45.799999237060546875</ele>
        <time>2024-07-27T11:49:20.000Z</time>
        <extensions>
          <ns3:TrackPointExtension>
            <ns3:atemp>29.0</ns3:atemp>
            <ns3:hr>86</ns3:hr>
            <ns3:cad>50</ns3:cad>
          </ns3:TrackPointExtension>
        </extensions>
      </trkpt>
      <trkpt lat="30.45396745204925537109375" lon="-84.2232451401650905609130859375">
        <ele>45.799999237060546875</ele>
        <time>2024-07-27T11:49:29.000Z</time>
        <extensions>
          <ns3:TrackPointExtension>
            <ns3:atemp>29.0</ns3:atemp>
            <ns3:hr>87</ns3:hr>
            <ns3:cad>49</ns3:cad>
          </ns3:TrackPointExtension>
        </extensions>
      </trkpt>
      <trkpt lat="30.453987903892993927001953125" lon="-84.22332854010164737701416015625">
        <ele>45.59999847412109375</ele>
        <time>2024-07-27T11:49:35.000Z</time>
        <extensions>
          <ns3:TrackPointExtension>
            <ns3:atemp>29.0</ns3:atemp>
            <ns3:hr>90</ns3:hr>
            <ns3:cad>49</ns3:cad>
          </ns3:TrackPointExtension>
        </extensions>
      </trkpt>
      <trkpt lat="30.453987903892993927001953125" lon="-84.2233386822044849395751953125">
        <ele>45.40000152587890625</ele>
        <time>2024-07-27T11:49:36.000Z</time>
        <extensions>
          <ns3:TrackPointExtension>
            <ns3:atemp>29.0</ns3:atemp>
            <ns3:hr>90</ns3:hr>
            <ns3:cad>49</ns3:cad>
          </ns3:TrackPointExtension>
        </extensions>
      </trkpt>
      <trkpt lat="30.45399972237646579742431640625" lon="-84.2233718745410442352294921875">
        <ele>45.40000152587890625</ele>
        <time>2024-07-27T11:49:39.000Z</time>
        <extensions>
          <ns3:TrackPointExtension>
            <ns3:atemp>29.0</ns3:atemp>
            <ns3:hr>88</ns3:hr>
            <ns3:cad>49</ns3:cad>
          </ns3:TrackPointExtension>
        </extensions>
      </trkpt>
      <trkpt lat="30.4540045000612735748291015625" lon="-84.2233879677951335906982421875">
        <ele>45.59999847412109375</ele>
        <time>2024-07-27T11:49:40.000Z</time>
        <extensions>
          <ns3:TrackPointExtension>
            <ns3:atemp>29.0</ns3:atemp>
            <ns3:hr>91</ns3:hr>
            <ns3:cad>47</ns3:cad>
          </ns3:TrackPointExtension>
        </extensions>
      </trkpt>
      <trkpt lat="30.45401564799249172210693359375" lon="-84.22349919565021991729736328125">
        <ele>45.59999847412109375</ele>
        <time>2024-07-27T11:49:49.000Z</time>
        <extensions>
          <ns3:TrackPointExtension>
            <ns3:atemp>29.0</ns3:atemp>
            <ns3:hr>91</ns3:hr>
            <ns3:cad>49</ns3:cad>
          </ns3:TrackPointExtension>
        </extensions>
      </trkpt>
      <trkpt lat="30.45400827191770076751708984375" lon="-84.22357329167425632476806640625">
        <ele>45.200000762939453125</ele>
        <time>2024-07-27T11:49:56.000Z</time>
        <extensions>
          <ns3:TrackPointExtension>
            <ns3:atemp>29.0</ns3:atemp>
            <ns3:hr>90</ns3:hr>
            <ns3:cad>48</ns3:cad>
          </ns3:TrackPointExtension>
        </extensions>
      </trkpt>
      <trkpt lat="30.45399838127195835113525390625" lon="-84.22359910793602466583251953125">
        <ele>45.200000762939453125</ele>
        <time>2024-07-27T11:49:58.000Z</time>
        <extensions>
          <ns3:TrackPointExtension>
            <ns3:atemp>29.0</ns3:atemp>
            <ns3:hr>89</ns3:hr>
            <ns3:cad>0</ns3:cad>
          </ns3:TrackPointExtension>
        </extensions>
      </trkpt>
      <trkpt lat="30.4539941065013408660888671875" lon="-84.223622493445873260498046875">
        <ele>45.40000152587890625</ele>
        <time>2024-07-27T11:50:01.000Z</time>
        <extensions>
          <ns3:TrackPointExtension>
            <ns3:atemp>29.0</ns3:atemp>
            <ns3:hr>88</ns3:hr>
            <ns3:cad>0</ns3:cad>
          </ns3:TrackPointExtension>
        </extensions>
      </trkpt>
      <trkpt lat="30.45399821363389492034912109375" lon="-84.22365342266857624053955078125">
        <ele>45.59999847412109375</ele>
        <time>2024-07-27T11:50:03.000Z</time>
        <extensions>
          <ns3:TrackPointExtension>
            <ns3:atemp>29.0</ns3:atemp>
            <ns3:hr>88</ns3:hr>
            <ns3:cad>43</ns3:cad>
          </ns3:TrackPointExtension>
        </extensions>
      </trkpt>
      <trkpt lat="30.453996956348419189453125" lon="-84.22366775572299957275390625">
        <ele>45.59999847412109375</ele>
        <time>2024-07-27T11:50:04.000Z</time>
        <extensions>
          <ns3:TrackPointExtension>
            <ns3:atemp>29.0</ns3:atemp>
            <ns3:hr>86</ns3:hr>
            <ns3:cad>43</ns3:cad>
          </ns3:TrackPointExtension>
        </extensions>
      </trkpt>
      <trkpt lat="30.45400408096611499786376953125" lon="-84.22369868494570255279541015625">
        <ele>45.40000152587890625</ele>
        <time>2024-07-27T11:50:06.000Z</time>
        <extensions>
          <ns3:TrackPointExtension>
            <ns3:atemp>29.0</ns3:atemp>
            <ns3:hr>91</ns3:hr>
            <ns3:cad>0</ns3:cad>
          </ns3:TrackPointExtension>
        </extensions>
      </trkpt>
      <trkpt lat="30.454010032117366790771484375" lon="-84.22378149814903736114501953125">
        <ele>45</ele>
        <time>2024-07-27T11:50:13.000Z</time>
        <extensions>
          <ns3:TrackPointExtension>
            <ns3:atemp>29.0</ns3:atemp>
            <ns3:hr>90</ns3:hr>
            <ns3:cad>0</ns3:cad>
          </ns3:TrackPointExtension>
        </extensions>
      </trkpt>
      <trkpt lat="30.454018078744411468505859375" lon="-84.2238593660295009613037109375">
        <ele>44.59999847412109375</ele>
        <time>2024-07-27T11:50:20.000Z</time>
        <extensions>
          <ns3:TrackPointExtension>
            <ns3:atemp>29.0</ns3:atemp>
            <ns3:hr>94</ns3:hr>
            <ns3:cad>47</ns3:cad>
          </ns3:TrackPointExtension>
        </extensions>
      </trkpt>
      <trkpt lat="30.45402201823890209197998046875" lon="-84.22392365522682666778564453125">
        <ele>44.799999237060546875</ele>
        <time>2024-07-27T11:50:25.000Z</time>
        <extensions>
          <ns3:TrackPointExtension>
            <ns3:atemp>29.0</ns3:atemp>
            <ns3:hr>92</ns3:hr>
            <ns3:cad>49</ns3:cad>
          </ns3:TrackPointExtension>
        </extensions>
      </trkpt>
      <trkpt lat="30.45402252115309238433837890625" lon="-84.22399071045219898223876953125">
        <ele>44.59999847412109375</ele>
        <time>2024-07-27T11:50:31.000Z</time>
        <extensions>
          <ns3:TrackPointExtension>
            <ns3:atemp>29.0</ns3:atemp>
            <ns3:hr>88</ns3:hr>
            <ns3:cad>45</ns3:cad>
          </ns3:TrackPointExtension>
        </extensions>
      </trkpt>
      <trkpt lat="30.45402587391436100006103515625" lon="-84.224026165902614593505859375">
        <ele>44.59999847412109375</ele>
        <time>2024-07-27T11:50:34.000Z</time>
        <extensions>
          <ns3:TrackPointExtension>
            <ns3:atemp>29.0</ns3:atemp>
            <ns3:hr>87</ns3:hr>
            <ns3:cad>45</ns3:cad>
          </ns3:TrackPointExtension>
        </extensions>
      </trkpt>
      <trkpt lat="30.45402537100017070770263671875" lon="-84.2240860126912593841552734375">
        <ele>44.59999847412109375</ele>
        <time>2024-07-27T11:50:39.000Z</time>
        <extensions>
          <ns3:TrackPointExtension>
            <ns3:atemp>29.0</ns3:atemp>
            <ns3:hr>90</ns3:hr>
            <ns3:cad>49</ns3:cad>
          </ns3:TrackPointExtension>
        </extensions>
      </trkpt>
      <trkpt lat="30.4540246166288852691650390625" lon="-84.22409749589860439300537109375">
        <ele>44.59999847412109375</ele>
        <time>2024-07-27T11:50:40.000Z</time>
        <extensions>
          <ns3:TrackPointExtension>
            <ns3:atemp>29.0</ns3:atemp>
            <ns3:hr>87</ns3:hr>
            <ns3:cad>50</ns3:cad>
          </ns3:TrackPointExtension>
        </extensions>
      </trkpt>
      <trkpt lat="30.45402000658214092254638671875" lon="-84.224118031561374664306640625">
        <ele>44.40000152587890625</ele>
        <time>2024-07-27T11:50:42.000Z</time>
        <extensions>
          <ns3:TrackPointExtension>
            <ns3:atemp>29.0</ns3:atemp>
            <ns3:hr>87</ns3:hr>
            <ns3:cad>50</ns3:cad>
          </ns3:TrackPointExtension>
        </extensions>
      </trkpt>
      <trkpt lat="30.45401833020150661468505859375" lon="-84.224122725427150726318359375">
        <ele>44.59999847412109375</ele>
        <time>2024-07-27T11:50:43.000Z</time>
        <extensions>
          <ns3:TrackPointExtension>
            <ns3:atemp>29.0</ns3:atemp>
            <ns3:hr>88</ns3:hr>
            <ns3:cad>50</ns3:cad>
          </ns3:TrackPointExtension>
        </extensions>
      </trkpt>
      <trkpt lat="30.4540170729160308837890625" lon="-84.22418282367289066314697265625">
        <ele>44.59999847412109375</ele>
        <time>2024-07-27T11:50:51.000Z</time>
        <extensions>
          <ns3:TrackPointExtension>
            <ns3:atemp>29.0</ns3:atemp>
            <ns3:hr>90</ns3:hr>
            <ns3:cad>45</ns3:cad>
          </ns3:TrackPointExtension>
        </extensions>
      </trkpt>
      <trkpt lat="30.4540138877928256988525390625" lon="-84.22426328994333744049072265625">
        <ele>44.799999237060546875</ele>
        <time>2024-07-27T11:50:59.000Z</time>
        <extensions>
          <ns3:TrackPointExtension>
            <ns3:atemp>29.0</ns3:atemp>
            <ns3:hr>90</ns3:hr>
            <ns3:cad>45</ns3:cad>
          </ns3:TrackPointExtension>
        </extensions>
      </trkpt>
      <trkpt lat="30.45400542207062244415283203125" lon="-84.22435708343982696533203125">
        <ele>44.799999237060546875</ele>
        <time>2024-07-27T11:51:04.000Z</time>
        <extensions>
          <ns3:TrackPointExtension>
            <ns3:atemp>29.0</ns3:atemp>
            <ns3:hr>90</ns3:hr>
            <ns3:cad>0</ns3:cad>
          </ns3:TrackPointExtension>
        </extensions>
      </trkpt>
      <trkpt lat="30.454007685184478759765625" lon="-84.2243656329810619354248046875">
        <ele>44.799999237060546875</ele>
        <time>2024-07-27T11:51:05.000Z</time>
        <extensions>
          <ns3:TrackPointExtension>
            <ns3:atemp>29.0</ns3:atemp>
            <ns3:hr>91</ns3:hr>
            <ns3:cad>0</ns3:cad>
          </ns3:TrackPointExtension>
        </extensions>
      </trkpt>
      <trkpt lat="30.454024113714694976806640625" lon="-84.22435934655368328094482421875">
        <ele>44.799999237060546875</ele>
        <time>2024-07-27T11:51:07.000Z</time>
        <extensions>
          <ns3:TrackPointExtension>
            <ns3:atemp>29.0</ns3:atemp>
            <ns3:hr>91</ns3:hr>
            <ns3:cad>0</ns3:cad>
          </ns3:TrackPointExtension>
        </extensions>
      </trkpt>
      <trkpt lat="30.45403090305626392364501953125" lon="-84.22436001710593700408935546875">
        <ele>45</ele>
        <time>2024-07-27T11:51:09.000Z</time>
        <extensions>
          <ns3:TrackPointExtension>
            <ns3:atemp>29.0</ns3:atemp>
            <ns3:hr>92</ns3:hr>
            <ns3:cad>0</ns3:cad>
          </ns3:TrackPointExtension>
        </extensions>
      </trkpt>
      <trkpt lat="30.4540226049721240997314453125" lon="-84.224384911358356475830078125">
        <ele>44.799999237060546875</ele>
        <time>2024-07-27T11:51:17.000Z</time>
        <extensions>
          <ns3:TrackPointExtension>
            <ns3:atemp>29.0</ns3:atemp>
            <ns3:hr>94</ns3:hr>
            <ns3:cad>0</ns3:cad>
          </ns3:TrackPointExtension>
        </extensions>
      </trkpt>
      <trkpt lat="30.4539937712252140045166015625" lon="-84.22444098629057407379150390625">
        <ele>44.59999847412109375</ele>
        <time>2024-07-27T11:51:24.000Z</time>
        <extensions>
          <ns3:TrackPointExtension>
            <ns3:atemp>29.0</ns3:atemp>
            <ns3:hr>92</ns3:hr>
            <ns3:cad>0</ns3:cad>
          </ns3:TrackPointExtension>
        </extensions>
      </trkpt>
      <trkpt lat="30.453991927206516265869140625" lon="-84.224529080092906951904296875">
        <ele>45</ele>
        <time>2024-07-27T11:51:31.000Z</time>
        <extensions>
          <ns3:TrackPointExtension>
            <ns3:atemp>29.0</ns3:atemp>
            <ns3:hr>93</ns3:hr>
            <ns3:cad>51</ns3:cad>
          </ns3:TrackPointExtension>
        </extensions>
      </trkpt>
      <trkpt lat="30.45399821363389492034912109375" lon="-84.2246134020388126373291015625">
        <ele>45</ele>
        <time>2024-07-27T11:51:38.000Z</time>
        <extensions>
          <ns3:TrackPointExtension>
            <ns3:atemp>29.0</ns3:atemp>
            <ns3:hr>94</ns3:hr>
            <ns3:cad>49</ns3:cad>
          </ns3:TrackPointExtension>
        </extensions>
      </trkpt>
      <trkpt lat="30.45400257222354412078857421875" lon="-84.22464919276535511016845703125">
        <ele>45</ele>
        <time>2024-07-27T11:51:42.000Z</time>
        <extensions>
          <ns3:TrackPointExtension>
            <ns3:atemp>29.0</ns3:atemp>
            <ns3:hr>94</ns3:hr>
            <ns3:cad>0</ns3:cad>
          </ns3:TrackPointExtension>
        </extensions>
      </trkpt>
      <trkpt lat="30.45401162467896938323974609375" lon="-84.22465405426919460296630859375">
        <ele>45</ele>
        <time>2024-07-27T11:51:44.000Z</time>
        <extensions>
          <ns3:TrackPointExtension>
            <ns3:atemp>29.0</ns3:atemp>
            <ns3:hr>95</ns3:hr>
            <ns3:cad>0</ns3:cad>
          </ns3:TrackPointExtension>
        </extensions>
      </trkpt>
      <trkpt lat="30.45401363633573055267333984375" lon="-84.22466159798204898834228515625">
        <ele>45</ele>
        <time>2024-07-27T11:51:46.000Z</time>
        <extensions>
          <ns3:TrackPointExtension>
            <ns3:atemp>29.0</ns3:atemp>
            <ns3:hr>94</ns3:hr>
            <ns3:cad>0</ns3:cad>
          </ns3:TrackPointExtension>
        </extensions>
      </trkpt>
      <trkpt lat="30.45401430688798427581787109375" lon="-84.2246908508241176605224609375">
        <ele>45.40000152587890625</ele>
        <time>2024-07-27T11:51:49.000Z</time>
        <extensions>
          <ns3:TrackPointExtension>
            <ns3:atemp>29.0</ns3:atemp>
            <ns3:hr>97</ns3:hr>
            <ns3:cad>0</ns3:cad>
          </ns3:TrackPointExtension>
        </extensions>
      </trkpt>
      <trkpt lat="30.4540209285914897918701171875" lon="-84.22469629906117916107177734375">
        <ele>45.40000152587890625</ele>
        <time>2024-07-27T11:51:50.000Z</time>
        <extensions>
          <ns3:TrackPointExtension>
            <ns3:atemp>29.0</ns3:atemp>
            <ns3:hr>95</ns3:hr>
            <ns3:cad>0</ns3:cad>
          </ns3:TrackPointExtension>
        </extensions>
      </trkpt>
      <trkpt lat="30.4540329985320568084716796875" lon="-84.2247629351913928985595703125">
        <ele>45.40000152587890625</ele>
        <time>2024-07-27T11:51:57.000Z</time>
        <extensions>
          <ns3:TrackPointExtension>
            <ns3:atemp>29.0</ns3:atemp>
            <ns3:hr>95</ns3:hr>
            <ns3:cad>47</ns3:cad>
          </ns3:TrackPointExtension>
        </extensions>
      </trkpt>
      <trkpt lat="30.45403861440718173980712890625" lon="-84.2248209379613399505615234375">
        <ele>45.40000152587890625</ele>
        <time>2024-07-27T11:52:03.000Z</time>
        <extensions>
          <ns3:TrackPointExtension>
            <ns3:atemp>29.0</ns3:atemp>
            <ns3:hr>92</ns3:hr>
            <ns3:cad>47</ns3:cad>
          </ns3:TrackPointExtension>
        </extensions>
      </trkpt>
      <trkpt lat="30.4540390335023403167724609375" lon="-84.22483384609222412109375">
        <ele>45.40000152587890625</ele>
        <time>2024-07-27T11:52:04.000Z</time>
        <extensions>
          <ns3:TrackPointExtension>
            <ns3:atemp>29.0</ns3:atemp>
            <ns3:hr>95</ns3:hr>
            <ns3:cad>47</ns3:cad>
          </ns3:TrackPointExtension>
        </extensions>
      </trkpt>
      <trkpt lat="30.4540390335023403167724609375" lon="-84.22486628405749797821044921875">
        <ele>45.40000152587890625</ele>
        <time>2024-07-27T11:52:06.000Z</time>
        <extensions>
          <ns3:TrackPointExtension>
            <ns3:atemp>29.0</ns3:atemp>
            <ns3:hr>96</ns3:hr>
            <ns3:cad>51</ns3:cad>
          </ns3:TrackPointExtension>
        </extensions>
      </trkpt>
      <trkpt lat="30.4540554620325565338134765625" lon="-84.22490618191659450531005859375">
        <ele>45.59999847412109375</ele>
        <time>2024-07-27T11:52:11.000Z</time>
        <extensions>
          <ns3:TrackPointExtension>
            <ns3:atemp>29.0</ns3:atemp>
            <ns3:hr>97</ns3:hr>
            <ns3:cad>0</ns3:cad>
          </ns3:TrackPointExtension>
        </extensions>
      </trkpt>
      <trkpt lat="30.45405554585158824920654296875" lon="-84.2249185033142566680908203125">
        <ele>45.59999847412109375</ele>
        <time>2024-07-27T11:52:12.000Z</time>
        <extensions>
          <ns3:TrackPointExtension>
            <ns3:atemp>29.0</ns3:atemp>
            <ns3:hr>98</ns3:hr>
            <ns3:cad>0</ns3:cad>
          </ns3:TrackPointExtension>
        </extensions>
      </trkpt>
      <trkpt lat="30.45406023971736431121826171875" lon="-84.22494239173829555511474609375">
        <ele>45.59999847412109375</ele>
        <time>2024-07-27T11:52:14.000Z</time>
        <extensions>
          <ns3:TrackPointExtension>
            <ns3:atemp>29.0</ns3:atemp>
            <ns3:hr>98</ns3:hr>
            <ns3:cad>0</ns3:cad>
          </ns3:TrackPointExtension>
        </extensions>
      </trkpt>
      <trkpt lat="30.454058982431888580322265625" lon="-84.22500886023044586181640625">
        <ele>45.799999237060546875</ele>
        <time>2024-07-27T11:52:20.000Z</time>
        <extensions>
          <ns3:TrackPointExtension>
            <ns3:atemp>29.0</ns3:atemp>
            <ns3:hr>99</ns3:hr>
            <ns3:cad>48</ns3:cad>
          </ns3:TrackPointExtension>
        </extensions>
      </trkpt>
      <trkpt lat="30.454064346849918365478515625" lon="-84.2251377739012241363525390625">
        <ele>45.799999237060546875</ele>
        <time>2024-07-27T11:52:29.000Z</time>
        <extensions>
          <ns3:TrackPointExtension>
            <ns3:atemp>29.0</ns3:atemp>
            <ns3:hr>96</ns3:hr>
            <ns3:cad>46</ns3:cad>
          </ns3:TrackPointExtension>
        </extensions>
      </trkpt>
      <trkpt lat="30.454066693782806396484375" lon="-84.22514707781374454498291015625">
        <ele>46</ele>
        <time>2024-07-27T11:52:31.000Z</time>
        <extensions>
          <ns3:TrackPointExtension>
            <ns3:atemp>29.0</ns3:atemp>
            <ns3:hr>99</ns3:hr>
            <ns3:cad>46</ns3:cad>
          </ns3:TrackPointExtension>
        </extensions>
      </trkpt>
      <trkpt lat="30.4540658555924892425537109375" lon="-84.22520776279270648956298828125">
        <ele>46.200000762939453125</ele>
        <time>2024-07-27T11:52:36.000Z</time>
        <extensions>
          <ns3:TrackPointExtension>
            <ns3:atemp>29.0</ns3:atemp>
            <ns3:hr>102</ns3:hr>
            <ns3:cad>47</ns3:cad>
          </ns3:TrackPointExtension>
        </extensions>
      </trkpt>
      <trkpt lat="30.454066358506679534912109375" lon="-84.22526308335363864898681640625">
        <ele>46.200000762939453125</ele>
        <time>2024-07-27T11:52:40.000Z</time>
        <extensions>
          <ns3:TrackPointExtension>
            <ns3:atemp>29.0</ns3:atemp>
            <ns3:hr>99</ns3:hr>
            <ns3:cad>49</ns3:cad>
          </ns3:TrackPointExtension>
        </extensions>
      </trkpt>
      <trkpt lat="30.45407415367662906646728515625" lon="-84.22533810138702392578125">
        <ele>46.59999847412109375</ele>
        <time>2024-07-27T11:52:47.000Z</time>
        <extensions>
          <ns3:TrackPointExtension>
            <ns3:atemp>29.0</ns3:atemp>
            <ns3:hr>100</ns3:hr>
            <ns3:cad>48</ns3:cad>
          </ns3:TrackPointExtension>
        </extensions>
      </trkpt>
      <trkpt lat="30.45407046563923358917236328125" lon="-84.225351177155971527099609375">
        <ele>46.59999847412109375</ele>
        <time>2024-07-27T11:52:48.000Z</time>
        <extensions>
          <ns3:TrackPointExtension>
            <ns3:atemp>29.0</ns3:atemp>
            <ns3:hr>100</ns3:hr>
            <ns3:cad>48</ns3:cad>
          </ns3:TrackPointExtension>
        </extensions>
      </trkpt>
      <trkpt lat="30.454064346849918365478515625" lon="-84.22537640668451786041259765625">
        <ele>46.59999847412109375</ele>
        <time>2024-07-27T11:52:50.000Z</time>
        <extensions>
          <ns3:TrackPointExtension>
            <ns3:atemp>29.0</ns3:atemp>
            <ns3:hr>100</ns3:hr>
            <ns3:cad>48</ns3:cad>
          </ns3:TrackPointExtension>
        </extensions>
      </trkpt>
      <trkpt lat="30.4540514387190341949462890625" lon="-84.22541982494294643402099609375">
        <ele>46.799999237060546875</ele>
        <time>2024-07-27T11:52:54.000Z</time>
        <extensions>
          <ns3:TrackPointExtension>
            <ns3:atemp>29.0</ns3:atemp>
            <ns3:hr>101</ns3:hr>
            <ns3:cad>0</ns3:cad>
          </ns3:TrackPointExtension>
        </extensions>
      </trkpt>
      <trkpt lat="30.45404766686260700225830078125" lon="-84.22543189488351345062255859375">
        <ele>46.59999847412109375</ele>
        <time>2024-07-27T11:52:55.000Z</time>
        <extensions>
          <ns3:TrackPointExtension>
            <ns3:atemp>29.0</ns3:atemp>
            <ns3:hr>101</ns3:hr>
            <ns3:cad>0</ns3:cad>
          </ns3:TrackPointExtension>
        </extensions>
      </trkpt>
      <trkpt lat="30.45403358526527881622314453125" lon="-84.22545938752591609954833984375">
        <ele>46.59999847412109375</ele>
        <time>2024-07-27T11:53:08.000Z</time>
        <extensions>
          <ns3:TrackPointExtension>
            <ns3:atemp>29.0</ns3:atemp>
            <ns3:hr>101</ns3:hr>
            <ns3:cad>0</ns3:cad>
          </ns3:TrackPointExtension>
        </extensions>
      </trkpt>
      <trkpt lat="30.45403224416077136993408203125" lon="-84.22552996315062046051025390625">
        <ele>46.59999847412109375</ele>
        <time>2024-07-27T11:53:15.000Z</time>
        <extensions>
          <ns3:TrackPointExtension>
            <ns3:atemp>29.0</ns3:atemp>
            <ns3:hr>99</ns3:hr>
            <ns3:cad>51</ns3:cad>
          </ns3:TrackPointExtension>
        </extensions>
      </trkpt>
      <trkpt lat="30.45403442345559597015380859375" lon="-84.2255397699773311614990234375">
        <ele>46.59999847412109375</ele>
        <time>2024-07-27T11:53:16.000Z</time>
        <extensions>
          <ns3:TrackPointExtension>
            <ns3:atemp>29.0</ns3:atemp>
            <ns3:hr>99</ns3:hr>
            <ns3:cad>51</ns3:cad>
          </ns3:TrackPointExtension>
        </extensions>
      </trkpt>
      <trkpt lat="30.45403576456010341644287109375" lon="-84.22556030564010143280029296875">
        <ele>46.59999847412109375</ele>
        <time>2024-07-27T11:53:18.000Z</time>
        <extensions>
          <ns3:TrackPointExtension>
            <ns3:atemp>29.0</ns3:atemp>
            <ns3:hr>96</ns3:hr>
            <ns3:cad>48</ns3:cad>
          </ns3:TrackPointExtension>
        </extensions>
      </trkpt>
      <trkpt lat="30.45404590666294097900390625" lon="-84.22560741193592548370361328125">
        <ele>46.59999847412109375</ele>
        <time>2024-07-27T11:53:22.000Z</time>
        <extensions>
          <ns3:TrackPointExtension>
            <ns3:atemp>29.0</ns3:atemp>
            <ns3:hr>97</ns3:hr>
            <ns3:cad>48</ns3:cad>
          </ns3:TrackPointExtension>
        </extensions>
      </trkpt>
      <trkpt lat="30.4540440626442432403564453125" lon="-84.225645549595355987548828125">
        <ele>46.799999237060546875</ele>
        <time>2024-07-27T11:53:25.000Z</time>
        <extensions>
          <ns3:TrackPointExtension>
            <ns3:atemp>29.0</ns3:atemp>
            <ns3:hr>100</ns3:hr>
            <ns3:cad>48</ns3:cad>
          </ns3:TrackPointExtension>
        </extensions>
      </trkpt>
      <trkpt lat="30.4540373571217060089111328125" lon="-84.22571294009685516357421875">
        <ele>47</ele>
        <time>2024-07-27T11:53:31.000Z</time>
        <extensions>
          <ns3:TrackPointExtension>
            <ns3:atemp>29.0</ns3:atemp>
            <ns3:hr>101</ns3:hr>
            <ns3:cad>48</ns3:cad>
          </ns3:TrackPointExtension>
        </extensions>
      </trkpt>
      <trkpt lat="30.4540386982262134552001953125" lon="-84.2257229983806610107421875">
        <ele>47</ele>
        <time>2024-07-27T11:53:34.000Z</time>
        <extensions>
          <ns3:TrackPointExtension>
            <ns3:atemp>29.0</ns3:atemp>
            <ns3:hr>101</ns3:hr>
            <ns3:cad>0</ns3:cad>
          </ns3:TrackPointExtension>
        </extensions>
      </trkpt>
      <trkpt lat="30.45403677038848400115966796875" lon="-84.2257164604961872100830078125">
        <ele>46.799999237060546875</ele>
        <time>2024-07-27T11:53:36.000Z</time>
        <extensions>
          <ns3:TrackPointExtension>
            <ns3:atemp>29.0</ns3:atemp>
            <ns3:hr>98</ns3:hr>
            <ns3:cad>0</ns3:cad>
          </ns3:TrackPointExtension>
        </extensions>
      </trkpt>
      <trkpt lat="30.4540363512933254241943359375" lon="-84.22571352683007717132568359375">
        <ele>47</ele>
        <time>2024-07-27T11:53:37.000Z</time>
        <extensions>
          <ns3:TrackPointExtension>
            <ns3:atemp>29.0</ns3:atemp>
            <ns3:hr>99</ns3:hr>
            <ns3:cad>0</ns3:cad>
          </ns3:TrackPointExtension>
        </extensions>
      </trkpt>
      <trkpt lat="30.4540547914803028106689453125" lon="-84.22576230950653553009033203125">
        <ele>47.200000762939453125</ele>
        <time>2024-07-27T11:53:44.000Z</time>
        <extensions>
          <ns3:TrackPointExtension>
            <ns3:atemp>29.0</ns3:atemp>
            <ns3:hr>99</ns3:hr>
            <ns3:cad>0</ns3:cad>
          </ns3:TrackPointExtension>
        </extensions>
      </trkpt>
      <trkpt lat="30.45405822806060314178466796875" lon="-84.22577035613358020782470703125">
        <ele>47.200000762939453125</ele>
        <time>2024-07-27T11:53:45.000Z</time>
        <extensions>
          <ns3:TrackPointExtension>
            <ns3:atemp>29.0</ns3:atemp>
            <ns3:hr>96</ns3:hr>
            <ns3:cad>0</ns3:cad>
          </ns3:TrackPointExtension>
        </extensions>
      </trkpt>
      <trkpt lat="30.45405554585158824920654296875" lon="-84.22577924095094203948974609375">
        <ele>47.200000762939453125</ele>
        <time>2024-07-27T11:53:46.000Z</time>
        <extensions>
          <ns3:TrackPointExtension>
            <ns3:atemp>29.0</ns3:atemp>
            <ns3:hr>99</ns3:hr>
            <ns3:cad>0</ns3:cad>
          </ns3:TrackPointExtension>
        </extensions>
      </trkpt>
      <trkpt lat="30.45404456555843353271484375" lon="-84.2258589528501033782958984375">
        <ele>47.200000762939453125</ele>
        <time>2024-07-27T11:53:53.000Z</time>
        <extensions>
          <ns3:TrackPointExtension>
            <ns3:atemp>29.0</ns3:atemp>
            <ns3:hr>98</ns3:hr>
            <ns3:cad>0</ns3:cad>
          </ns3:TrackPointExtension>
        </extensions>
      </trkpt>
      <trkpt lat="30.45404900796711444854736328125" lon="-84.2258951626718044281005859375">
        <ele>47.200000762939453125</ele>
        <time>2024-07-27T11:54:00.000Z</time>
        <extensions>
          <ns3:TrackPointExtension>
            <ns3:atemp>29.0</ns3:atemp>
            <ns3:hr>103</ns3:hr>
            <ns3:cad>0</ns3:cad>
          </ns3:TrackPointExtension>
        </extensions>
      </trkpt>
      <trkpt lat="30.45404649339616298675537109375" lon="-84.22589658759534358978271484375">
        <ele>47.200000762939453125</ele>
        <time>2024-07-27T11:54:01.000Z</time>
        <extensions>
          <ns3:TrackPointExtension>
            <ns3:atemp>29.0</ns3:atemp>
            <ns3:hr>106</ns3:hr>
            <ns3:cad>0</ns3:cad>
          </ns3:TrackPointExtension>
        </extensions>
      </trkpt>
      <trkpt lat="30.454044900834560394287109375" lon="-84.22589977271854877471923828125">
        <ele>47.200000762939453125</ele>
        <time>2024-07-27T11:54:02.000Z</time>
        <extensions>
          <ns3:TrackPointExtension>
            <ns3:atemp>29.0</ns3:atemp>
            <ns3:hr>106</ns3:hr>
            <ns3:cad>0</ns3:cad>
          </ns3:TrackPointExtension>
        </extensions>
      </trkpt>
      <trkpt lat="30.45404196716845035552978515625" lon="-84.22591100446879863739013671875">
        <ele>47.200000762939453125</ele>
        <time>2024-07-27T11:54:04.000Z</time>
        <extensions>
          <ns3:TrackPointExtension>
            <ns3:atemp>29.0</ns3:atemp>
            <ns3:hr>109</ns3:hr>
            <ns3:cad>0</ns3:cad>
          </ns3:TrackPointExtension>
        </extensions>
      </trkpt>
      <trkpt lat="30.45405521057546138763427734375" lon="-84.2259223200380802154541015625">
        <ele>47.200000762939453125</ele>
        <time>2024-07-27T11:54:09.000Z</time>
        <extensions>
          <ns3:TrackPointExtension>
            <ns3:atemp>29.0</ns3:atemp>
            <ns3:hr>106</ns3:hr>
            <ns3:cad>0</ns3:cad>
          </ns3:TrackPointExtension>
        </extensions>
      </trkpt>
      <trkpt lat="30.45405655167996883392333984375" lon="-84.22597085125744342803955078125">
        <ele>47.40000152587890625</ele>
        <time>2024-07-27T11:54:16.000Z</time>
        <extensions>
          <ns3:TrackPointExtension>
            <ns3:atemp>29.0</ns3:atemp>
            <ns3:hr>103</ns3:hr>
            <ns3:cad>45</ns3:cad>
          </ns3:TrackPointExtension>
        </extensions>
      </trkpt>
      <trkpt lat="30.45405571348965167999267578125" lon="-84.22598116099834442138671875">
        <ele>47.40000152587890625</ele>
        <time>2024-07-27T11:54:17.000Z</time>
        <extensions>
          <ns3:TrackPointExtension>
            <ns3:atemp>29.0</ns3:atemp>
            <ns3:hr>104</ns3:hr>
            <ns3:cad>45</ns3:cad>
          </ns3:TrackPointExtension>
        </extensions>
      </trkpt>
      <trkpt lat="30.4540601558983325958251953125" lon="-84.22607746906578540802001953125">
        <ele>47.40000152587890625</ele>
        <time>2024-07-27T11:54:25.000Z</time>
        <extensions>
          <ns3:TrackPointExtension>
            <ns3:atemp>29.0</ns3:atemp>
            <ns3:hr>104</ns3:hr>
            <ns3:cad>0</ns3:cad>
          </ns3:TrackPointExtension>
        </extensions>
      </trkpt>
      <trkpt lat="30.4540926776826381683349609375" lon="-84.2261268384754657745361328125">
        <ele>47.40000152587890625</ele>
        <time>2024-07-27T11:54:32.000Z</time>
        <extensions>
          <ns3:TrackPointExtension>
            <ns3:atemp>29.0</ns3:atemp>
            <ns3:hr>102</ns3:hr>
            <ns3:cad>0</ns3:cad>
          </ns3:TrackPointExtension>
        </extensions>
      </trkpt>
      <trkpt lat="30.45411857776343822479248046875" lon="-84.2261436022818088531494140625">
        <ele>47.200000762939453125</ele>
        <time>2024-07-27T11:54:35.000Z</time>
        <extensions>
          <ns3:TrackPointExtension>
            <ns3:atemp>29.0</ns3:atemp>
            <ns3:hr>99</ns3:hr>
            <ns3:cad>0</ns3:cad>
          </ns3:TrackPointExtension>
        </extensions>
      </trkpt>
      <trkpt lat="30.454165935516357421875" lon="-84.22619163058698177337646484375">
        <ele>46.200000762939453125</ele>
        <time>2024-07-27T11:54:42.000Z</time>
        <extensions>
          <ns3:TrackPointExtension>
            <ns3:atemp>29.0</ns3:atemp>
            <ns3:hr>99</ns3:hr>
            <ns3:cad>51</ns3:cad>
          </ns3:TrackPointExtension>
        </extensions>
      </trkpt>
      <trkpt lat="30.4541795141994953155517578125" lon="-84.22623052261769771575927734375">
        <ele>45.799999237060546875</ele>
        <time>2024-07-27T11:54:46.000Z</time>
        <extensions>
          <ns3:TrackPointExtension>
            <ns3:atemp>29.0</ns3:atemp>
            <ns3:hr>102</ns3:hr>
            <ns3:cad>48</ns3:cad>
          </ns3:TrackPointExtension>
        </extensions>
      </trkpt>
      <trkpt lat="30.45418127439916133880615234375" lon="-84.2262433469295501708984375">
        <ele>45.59999847412109375</ele>
        <time>2024-07-27T11:54:48.000Z</time>
        <extensions>
          <ns3:TrackPointExtension>
            <ns3:atemp>29.0</ns3:atemp>
            <ns3:hr>102</ns3:hr>
            <ns3:cad>43</ns3:cad>
          </ns3:TrackPointExtension>
        </extensions>
      </trkpt>
      <trkpt lat="30.45418202877044677734375" lon="-84.226253069937229156494140625">
        <ele>45.40000152587890625</ele>
        <time>2024-07-27T11:54:49.000Z</time>
        <extensions>
          <ns3:TrackPointExtension>
            <ns3:atemp>29.0</ns3:atemp>
            <ns3:hr>102</ns3:hr>
            <ns3:cad>43</ns3:cad>
          </ns3:TrackPointExtension>
        </extensions>
      </trkpt>
      <trkpt lat="30.4541795141994953155517578125" lon="-84.226263463497161865234375">
        <ele>45.40000152587890625</ele>
        <time>2024-07-27T11:54:50.000Z</time>
        <extensions>
          <ns3:TrackPointExtension>
            <ns3:atemp>29.0</ns3:atemp>
            <ns3:hr>103</ns3:hr>
            <ns3:cad>43</ns3:cad>
          </ns3:TrackPointExtension>
        </extensions>
      </trkpt>
      <trkpt lat="30.454173982143402099609375" lon="-84.22629137523472309112548828125">
        <ele>45.40000152587890625</ele>
        <time>2024-07-27T11:54:52.000Z</time>
        <extensions>
          <ns3:TrackPointExtension>
            <ns3:atemp>29.0</ns3:atemp>
            <ns3:hr>106</ns3:hr>
            <ns3:cad>0</ns3:cad>
          </ns3:TrackPointExtension>
        </extensions>
      </trkpt>
      <trkpt lat="30.45417104847729206085205078125" lon="-84.22630260698497295379638671875">
        <ele>45.40000152587890625</ele>
        <time>2024-07-27T11:54:54.000Z</time>
        <extensions>
          <ns3:TrackPointExtension>
            <ns3:atemp>29.0</ns3:atemp>
            <ns3:hr>110</ns3:hr>
            <ns3:cad>0</ns3:cad>
          </ns3:TrackPointExtension>
        </extensions>
      </trkpt>
      <trkpt lat="30.45417037792503833770751953125" lon="-84.22631568275392055511474609375">
        <ele>45.200000762939453125</ele>
        <time>2024-07-27T11:54:57.000Z</time>
        <extensions>
          <ns3:TrackPointExtension>
            <ns3:atemp>29.0</ns3:atemp>
            <ns3:hr>110</ns3:hr>
            <ns3:cad>0</ns3:cad>
          </ns3:TrackPointExtension>
        </extensions>
      </trkpt>
      <trkpt lat="30.454168282449245452880859375" lon="-84.22631802968680858612060546875">
        <ele>45</ele>
        <time>2024-07-27T11:54:58.000Z</time>
        <extensions>
          <ns3:TrackPointExtension>
            <ns3:atemp>29.0</ns3:atemp>
            <ns3:hr>112</ns3:hr>
            <ns3:cad>46</ns3:cad>
          </ns3:TrackPointExtension>
        </extensions>
      </trkpt>
      <trkpt lat="30.45417054556310176849365234375" lon="-84.2263407446444034576416015625">
        <ele>45</ele>
        <time>2024-07-27T11:55:01.000Z</time>
        <extensions>
          <ns3:TrackPointExtension>
            <ns3:atemp>29.0</ns3:atemp>
            <ns3:hr>115</ns3:hr>
            <ns3:cad>46</ns3:cad>
          </ns3:TrackPointExtension>
        </extensions>
      </trkpt>
      <trkpt lat="30.454183034598827362060546875" lon="-84.22639958560466766357421875">
        <ele>44.799999237060546875</ele>
        <time>2024-07-27T11:55:05.000Z</time>
        <extensions>
          <ns3:TrackPointExtension>
            <ns3:atemp>29.0</ns3:atemp>
            <ns3:hr>115</ns3:hr>
            <ns3:cad>50</ns3:cad>
          </ns3:TrackPointExtension>
        </extensions>
      </trkpt>
      <trkpt lat="30.45419032685458660125732421875" lon="-84.22644040547311305999755859375">
        <ele>44.799999237060546875</ele>
        <time>2024-07-27T11:55:07.000Z</time>
        <extensions>
          <ns3:TrackPointExtension>
            <ns3:atemp>29.0</ns3:atemp>
            <ns3:hr>114</ns3:hr>
            <ns3:cad>51</ns3:cad>
          </ns3:TrackPointExtension>
        </extensions>
      </trkpt>
      <trkpt lat="30.4542053304612636566162109375" lon="-84.22651399858295917510986328125">
        <ele>44.799999237060546875</ele>
        <time>2024-07-27T11:55:10.000Z</time>
        <extensions>
          <ns3:TrackPointExtension>
            <ns3:atemp>29.0</ns3:atemp>
            <ns3:hr>111</ns3:hr>
            <ns3:cad>41</ns3:cad>
          </ns3:TrackPointExtension>
        </extensions>
      </trkpt>
      <trkpt lat="30.45420910231769084930419921875" lon="-84.226532019674777984619140625">
        <ele>45</ele>
        <time>2024-07-27T11:55:11.000Z</time>
        <extensions>
          <ns3:TrackPointExtension>
            <ns3:atemp>29.0</ns3:atemp>
            <ns3:hr>109</ns3:hr>
            <ns3:cad>0</ns3:cad>
          </ns3:TrackPointExtension>
        </extensions>
      </trkpt>
      <trkpt lat="30.4542153887450695037841796875" lon="-84.22655372880399227142333984375">
        <ele>45</ele>
        <time>2024-07-27T11:55:12.000Z</time>
        <extensions>
          <ns3:TrackPointExtension>
            <ns3:atemp>29.0</ns3:atemp>
            <ns3:hr>112</ns3:hr>
            <ns3:cad>0</ns3:cad>
          </ns3:TrackPointExtension>
        </extensions>
      </trkpt>
      <trkpt lat="30.454225279390811920166015625" lon="-84.22658859752118587493896484375">
        <ele>45.200000762939453125</ele>
        <time>2024-07-27T11:55:14.000Z</time>
        <extensions>
          <ns3:TrackPointExtension>
            <ns3:atemp>29.0</ns3:atemp>
            <ns3:hr>113</ns3:hr>
            <ns3:cad>0</ns3:cad>
          </ns3:TrackPointExtension>
        </extensions>
      </trkpt>
      <trkpt lat="30.4542351700365543365478515625" lon="-84.2266431637108325958251953125">
        <ele>45.200000762939453125</ele>
        <time>2024-07-27T11:55:17.000Z</time>
        <extensions>
          <ns3:TrackPointExtension>
            <ns3:atemp>29.0</ns3:atemp>
            <ns3:hr>112</ns3:hr>
            <ns3:cad>0</ns3:cad>
          </ns3:TrackPointExtension>
        </extensions>
      </trkpt>
      <trkpt lat="30.45423810370266437530517578125" lon="-84.22668850980699062347412109375">
        <ele>45.200000762939453125</ele>
        <time>2024-07-27T11:55:19.000Z</time>
        <extensions>
          <ns3:TrackPointExtension>
            <ns3:atemp>29.0</ns3:atemp>
            <ns3:hr>109</ns3:hr>
            <ns3:cad>0</ns3:cad>
          </ns3:TrackPointExtension>
        </extensions>
      </trkpt>
      <trkpt lat="30.4542184062302112579345703125" lon="-84.22677886672317981719970703125">
        <ele>45</ele>
        <time>2024-07-27T11:55:22.000Z</time>
        <extensions>
          <ns3:TrackPointExtension>
            <ns3:atemp>29.0</ns3:atemp>
            <ns3:hr>109</ns3:hr>
            <ns3:cad>0</ns3:cad>
          </ns3:TrackPointExtension>
        </extensions>
      </trkpt>
      <trkpt lat="30.45415093190968036651611328125" lon="-84.226899482309818267822265625">
        <ele>45.200000762939453125</ele>
        <time>2024-07-27T11:55:27.000Z</time>
        <extensions>
          <ns3:TrackPointExtension>
            <ns3:atemp>29.0</ns3:atemp>
            <ns3:hr>107</ns3:hr>
            <ns3:cad>0</ns3:cad>
          </ns3:TrackPointExtension>
        </extensions>
      </trkpt>
      <trkpt lat="30.4541376046836376190185546875" lon="-84.2269472591578960418701171875">
        <ele>45.200000762939453125</ele>
        <time>2024-07-27T11:55:33.000Z</time>
        <extensions>
          <ns3:TrackPointExtension>
            <ns3:atemp>29.0</ns3:atemp>
            <ns3:hr>108</ns3:hr>
            <ns3:cad>44</ns3:cad>
          </ns3:TrackPointExtension>
        </extensions>
      </trkpt>
      <trkpt lat="30.45410265214741230010986328125" lon="-84.2269599996507167816162109375">
        <ele>45.59999847412109375</ele>
        <time>2024-07-27T11:55:41.000Z</time>
        <extensions>
          <ns3:TrackPointExtension>
            <ns3:atemp>29.0</ns3:atemp>
            <ns3:hr>108</ns3:hr>
            <ns3:cad>46</ns3:cad>
          </ns3:TrackPointExtension>
        </extensions>
      </trkpt>
      <trkpt lat="30.454097874462604522705078125" lon="-84.226961173117160797119140625">
        <ele>45.59999847412109375</ele>
        <time>2024-07-27T11:55:42.000Z</time>
        <extensions>
          <ns3:TrackPointExtension>
            <ns3:atemp>29.0</ns3:atemp>
            <ns3:hr>104</ns3:hr>
            <ns3:cad>46</ns3:cad>
          </ns3:TrackPointExtension>
        </extensions>
      </trkpt>
      <trkpt lat="30.45409125275909900665283203125" lon="-84.2269626818597316741943359375">
        <ele>45.59999847412109375</ele>
        <time>2024-07-27T11:55:43.000Z</time>
        <extensions>
          <ns3:TrackPointExtension>
            <ns3:atemp>29.0</ns3:atemp>
            <ns3:hr>104</ns3:hr>
            <ns3:cad>0</ns3:cad>
          </ns3:TrackPointExtension>
        </extensions>
      </trkpt>
      <trkpt lat="30.45405252836644649505615234375" lon="-84.2269361950457096099853515625">
        <ele>46</ele>
        <time>2024-07-27T11:55:48.000Z</time>
        <extensions>
          <ns3:TrackPointExtension>
            <ns3:atemp>29.0</ns3:atemp>
            <ns3:hr>107</ns3:hr>
            <ns3:cad>44</ns3:cad>
          </ns3:TrackPointExtension>
        </extensions>
      </trkpt>
      <trkpt lat="30.45400408096611499786376953125" lon="-84.22690543346107006072998046875">
        <ele>46.40000152587890625</ele>
        <time>2024-07-27T11:55:53.000Z</time>
        <extensions>
          <ns3:TrackPointExtension>
            <ns3:atemp>29.0</ns3:atemp>
            <ns3:hr>109</ns3:hr>
            <ns3:cad>46</ns3:cad>
          </ns3:TrackPointExtension>
        </extensions>
      </trkpt>
      <trkpt lat="30.45401112176477909088134765625" lon="-84.22692932188510894775390625">
        <ele>46.59999847412109375</ele>
        <time>2024-07-27T11:55:55.000Z</time>
        <extensions>
          <ns3:TrackPointExtension>
            <ns3:atemp>29.0</ns3:atemp>
            <ns3:hr>109</ns3:hr>
            <ns3:cad>44</ns3:cad>
          </ns3:TrackPointExtension>
        </extensions>
      </trkpt>
      <trkpt lat="30.4539887420833110809326171875" lon="-84.2269677110016345977783203125">
        <ele>46.799999237060546875</ele>
        <time>2024-07-27T11:56:01.000Z</time>
        <extensions>
          <ns3:TrackPointExtension>
            <ns3:atemp>29.0</ns3:atemp>
            <ns3:hr>112</ns3:hr>
            <ns3:cad>50</ns3:cad>
          </ns3:TrackPointExtension>
        </extensions>
      </trkpt>
      <trkpt lat="30.45398681424558162689208984375" lon="-84.22696896828711032867431640625">
        <ele>46.799999237060546875</ele>
        <time>2024-07-27T11:56:02.000Z</time>
        <extensions>
          <ns3:TrackPointExtension>
            <ns3:atemp>29.0</ns3:atemp>
            <ns3:hr>112</ns3:hr>
            <ns3:cad>49</ns3:cad>
          </ns3:TrackPointExtension>
        </extensions>
      </trkpt>
      <trkpt lat="30.45398077927529811859130859375" lon="-84.22697466798126697540283203125">
        <ele>46.799999237060546875</ele>
        <time>2024-07-27T11:56:03.000Z</time>
        <extensions>
          <ns3:TrackPointExtension>
            <ns3:atemp>29.0</ns3:atemp>
            <ns3:hr>111</ns3:hr>
            <ns3:cad>51</ns3:cad>
          </ns3:TrackPointExtension>
        </extensions>
      </trkpt>
      <trkpt lat="30.4539756663143634796142578125" lon="-84.226979278028011322021484375">
        <ele>46.799999237060546875</ele>
        <time>2024-07-27T11:56:04.000Z</time>
        <extensions>
          <ns3:TrackPointExtension>
            <ns3:atemp>29.0</ns3:atemp>
            <ns3:hr>112</ns3:hr>
            <ns3:cad>49</ns3:cad>
          </ns3:TrackPointExtension>
        </extensions>
      </trkpt>
      <trkpt lat="30.45396569184958934783935546875" lon="-84.2270079441368579864501953125">
        <ele>46.59999847412109375</ele>
        <time>2024-07-27T11:56:06.000Z</time>
        <extensions>
          <ns3:TrackPointExtension>
            <ns3:atemp>29.0</ns3:atemp>
            <ns3:hr>114</ns3:hr>
            <ns3:cad>0</ns3:cad>
          </ns3:TrackPointExtension>
        </extensions>
      </trkpt>
      <trkpt lat="30.4539669491350650787353515625" lon="-84.22705630771815776824951171875">
        <ele>46.59999847412109375</ele>
        <time>2024-07-27T11:56:11.000Z</time>
        <extensions>
          <ns3:TrackPointExtension>
            <ns3:atemp>29.0</ns3:atemp>
            <ns3:hr>113</ns3:hr>
            <ns3:cad>54</ns3:cad>
          </ns3:TrackPointExtension>
        </extensions>
      </trkpt>
      <trkpt lat="30.453967116773128509521484375" lon="-84.22706653364002704620361328125">
        <ele>46.59999847412109375</ele>
        <time>2024-07-27T11:56:12.000Z</time>
        <extensions>
          <ns3:TrackPointExtension>
            <ns3:atemp>29.0</ns3:atemp>
            <ns3:hr>114</ns3:hr>
            <ns3:cad>54</ns3:cad>
          </ns3:TrackPointExtension>
        </extensions>
      </trkpt>
      <trkpt lat="30.45395144261419773101806640625" lon="-84.22710911370813846588134765625">
        <ele>46.59999847412109375</ele>
        <time>2024-07-27T11:56:15.000Z</time>
        <extensions>
          <ns3:TrackPointExtension>
            <ns3:atemp>29.0</ns3:atemp>
            <ns3:hr>111</ns3:hr>
            <ns3:cad>54</ns3:cad>
          </ns3:TrackPointExtension>
        </extensions>
      </trkpt>
      <trkpt lat="30.45393191277980804443359375" lon="-84.2271564714610576629638671875">
        <ele>46.40000152587890625</ele>
        <time>2024-07-27T11:56:19.000Z</time>
        <extensions>
          <ns3:TrackPointExtension>
            <ns3:atemp>29.0</ns3:atemp>
            <ns3:hr>108</ns3:hr>
            <ns3:cad>50</ns3:cad>
          </ns3:TrackPointExtension>
        </extensions>
      </trkpt>
      <trkpt lat="30.45390919782221317291259765625" lon="-84.2272597365081310272216796875">
        <ele>46.40000152587890625</ele>
        <time>2024-07-27T11:56:26.000Z</time>
        <extensions>
          <ns3:TrackPointExtension>
            <ns3:atemp>29.0</ns3:atemp>
            <ns3:hr>106</ns3:hr>
            <ns3:cad>51</ns3:cad>
          </ns3:TrackPointExtension>
        </extensions>
      </trkpt>
      <trkpt lat="30.45389863662421703338623046875" lon="-84.22731094993650913238525390625">
        <ele>46</ele>
        <time>2024-07-27T11:56:30.000Z</time>
        <extensions>
          <ns3:TrackPointExtension>
            <ns3:atemp>29.0</ns3:atemp>
            <ns3:hr>101</ns3:hr>
            <ns3:cad>0</ns3:cad>
          </ns3:TrackPointExtension>
        </extensions>
      </trkpt>
      <trkpt lat="30.45390249229967594146728515625" lon="-84.22732905484735965728759765625">
        <ele>46</ele>
        <time>2024-07-27T11:56:31.000Z</time>
        <extensions>
          <ns3:TrackPointExtension>
            <ns3:atemp>29.0</ns3:atemp>
            <ns3:hr>104</ns3:hr>
            <ns3:cad>0</ns3:cad>
          </ns3:TrackPointExtension>
        </extensions>
      </trkpt>
      <trkpt lat="30.4538952000439167022705078125" lon="-84.2273537814617156982421875">
        <ele>46.200000762939453125</ele>
        <time>2024-07-27T11:56:34.000Z</time>
        <extensions>
          <ns3:TrackPointExtension>
            <ns3:atemp>29.0</ns3:atemp>
            <ns3:hr>104</ns3:hr>
            <ns3:cad>0</ns3:cad>
          </ns3:TrackPointExtension>
        </extensions>
      </trkpt>
      <trkpt lat="30.45386896468698978424072265625" lon="-84.227466098964214324951171875">
        <ele>46.200000762939453125</ele>
        <time>2024-07-27T11:56:43.000Z</time>
        <extensions>
          <ns3:TrackPointExtension>
            <ns3:atemp>29.0</ns3:atemp>
            <ns3:hr>107</ns3:hr>
            <ns3:cad>46</ns3:cad>
          </ns3:TrackPointExtension>
        </extensions>
      </trkpt>
      <trkpt lat="30.4538573138415813446044921875" lon="-84.22750272788107395172119140625">
        <ele>46.40000152587890625</ele>
        <time>2024-07-27T11:56:49.000Z</time>
        <extensions>
          <ns3:TrackPointExtension>
            <ns3:atemp>29.0</ns3:atemp>
            <ns3:hr>108</ns3:hr>
            <ns3:cad>0</ns3:cad>
          </ns3:TrackPointExtension>
        </extensions>
      </trkpt>
      <trkpt lat="30.4538547992706298828125" lon="-84.22749920748174190521240234375">
        <ele>46.200000762939453125</ele>
        <time>2024-07-27T11:56:51.000Z</time>
        <extensions>
          <ns3:TrackPointExtension>
            <ns3:atemp>29.0</ns3:atemp>
            <ns3:hr>106</ns3:hr>
            <ns3:cad>0</ns3:cad>
          </ns3:TrackPointExtension>
        </extensions>
      </trkpt>
      <trkpt lat="30.45384616591036319732666015625" lon="-84.227494262158870697021484375">
        <ele>46.40000152587890625</ele>
        <time>2024-07-27T11:56:53.000Z</time>
        <extensions>
          <ns3:TrackPointExtension>
            <ns3:atemp>29.0</ns3:atemp>
            <ns3:hr>102</ns3:hr>
            <ns3:cad>0</ns3:cad>
          </ns3:TrackPointExtension>
        </extensions>
      </trkpt>
      <trkpt lat="30.4538325034081935882568359375" lon="-84.2275068350136280059814453125">
        <ele>46.40000152587890625</ele>
        <time>2024-07-27T11:56:55.000Z</time>
        <extensions>
          <ns3:TrackPointExtension>
            <ns3:atemp>29.0</ns3:atemp>
            <ns3:hr>105</ns3:hr>
            <ns3:cad>0</ns3:cad>
          </ns3:TrackPointExtension>
        </extensions>
      </trkpt>
      <trkpt lat="30.4538160748779773712158203125" lon="-84.22758738510310649871826171875">
        <ele>46.200000762939453125</ele>
        <time>2024-07-27T11:56:59.000Z</time>
        <extensions>
          <ns3:TrackPointExtension>
            <ns3:atemp>29.0</ns3:atemp>
            <ns3:hr>102</ns3:hr>
            <ns3:cad>0</ns3:cad>
          </ns3:TrackPointExtension>
        </extensions>
      </trkpt>
      <trkpt lat="30.45384767465293407440185546875" lon="-84.2276939190924167633056640625">
        <ele>46</ele>
        <time>2024-07-27T11:57:07.000Z</time>
        <extensions>
          <ns3:TrackPointExtension>
            <ns3:atemp>29.0</ns3:atemp>
            <ns3:hr>100</ns3:hr>
            <ns3:cad>50</ns3:cad>
          </ns3:TrackPointExtension>
        </extensions>
      </trkpt>
      <trkpt lat="30.45378849841654300689697265625" lon="-84.227767847478389739990234375">
        <ele>45.799999237060546875</ele>
        <time>2024-07-27T11:57:15.000Z</time>
        <extensions>
          <ns3:TrackPointExtension>
            <ns3:atemp>29.0</ns3:atemp>
            <ns3:hr>101</ns3:hr>
            <ns3:cad>0</ns3:cad>
          </ns3:TrackPointExtension>
        </extensions>
      </trkpt>
      <trkpt lat="30.45379537157714366912841796875" lon="-84.22777421772480010986328125">
        <ele>45.799999237060546875</ele>
        <time>2024-07-27T11:57:16.000Z</time>
        <extensions>
          <ns3:TrackPointExtension>
            <ns3:atemp>29.0</ns3:atemp>
            <ns3:hr>102</ns3:hr>
            <ns3:cad>0</ns3:cad>
          </ns3:TrackPointExtension>
        </extensions>
      </trkpt>
      <trkpt lat="30.4538083635270595550537109375" lon="-84.22779492102563381195068359375">
        <ele>45.799999237060546875</ele>
        <time>2024-07-27T11:57:24.000Z</time>
        <extensions>
          <ns3:TrackPointExtension>
            <ns3:atemp>29.0</ns3:atemp>
            <ns3:hr>98</ns3:hr>
            <ns3:cad>0</ns3:cad>
          </ns3:TrackPointExtension>
        </extensions>
      </trkpt>
      <trkpt lat="30.453800819814205169677734375" lon="-84.22779626213014125823974609375">
        <ele>45.799999237060546875</ele>
        <time>2024-07-27T11:57:25.000Z</time>
        <extensions>
          <ns3:TrackPointExtension>
            <ns3:atemp>29.0</ns3:atemp>
            <ns3:hr>99</ns3:hr>
            <ns3:cad>0</ns3:cad>
          </ns3:TrackPointExtension>
        </extensions>
      </trkpt>
      <trkpt lat="30.45376234687864780426025390625" lon="-84.22784990631043910980224609375">
        <ele>46</ele>
        <time>2024-07-27T11:57:30.000Z</time>
        <extensions>
          <ns3:TrackPointExtension>
            <ns3:atemp>29.0</ns3:atemp>
            <ns3:hr>96</ns3:hr>
            <ns3:cad>47</ns3:cad>
          </ns3:TrackPointExtension>
        </extensions>
      </trkpt>
      <trkpt lat="30.4537530429661273956298828125" lon="-84.2278682626783847808837890625">
        <ele>46</ele>
        <time>2024-07-27T11:57:32.000Z</time>
        <extensions>
          <ns3:TrackPointExtension>
            <ns3:atemp>29.0</ns3:atemp>
            <ns3:hr>95</ns3:hr>
            <ns3:cad>46</ns3:cad>
          </ns3:TrackPointExtension>
        </extensions>
      </trkpt>
      <trkpt lat="30.45374684035778045654296875" lon="-84.22788091935217380523681640625">
        <ele>45.799999237060546875</ele>
        <time>2024-07-27T11:57:34.000Z</time>
        <extensions>
          <ns3:TrackPointExtension>
            <ns3:atemp>29.0</ns3:atemp>
            <ns3:hr>95</ns3:hr>
            <ns3:cad>46</ns3:cad>
          </ns3:TrackPointExtension>
        </extensions>
      </trkpt>
      <trkpt lat="30.45374692417681217193603515625" lon="-84.227887876331806182861328125">
        <ele>45.799999237060546875</ele>
        <time>2024-07-27T11:57:38.000Z</time>
        <extensions>
          <ns3:TrackPointExtension>
            <ns3:atemp>29.0</ns3:atemp>
            <ns3:hr>96</ns3:hr>
            <ns3:cad>0</ns3:cad>
          </ns3:TrackPointExtension>
        </extensions>
      </trkpt>
      <trkpt lat="30.4537342675030231475830078125" lon="-84.22795526683330535888671875">
        <ele>45.40000152587890625</ele>
        <time>2024-07-27T11:57:47.000Z</time>
        <extensions>
          <ns3:TrackPointExtension>
            <ns3:atemp>29.0</ns3:atemp>
            <ns3:hr>98</ns3:hr>
            <ns3:cad>48</ns3:cad>
          </ns3:TrackPointExtension>
        </extensions>
      </trkpt>
      <trkpt lat="30.45373166911303997039794921875" lon="-84.227969683706760406494140625">
        <ele>45.40000152587890625</ele>
        <time>2024-07-27T11:57:48.000Z</time>
        <extensions>
          <ns3:TrackPointExtension>
            <ns3:atemp>29.0</ns3:atemp>
            <ns3:hr>98</ns3:hr>
            <ns3:cad>47</ns3:cad>
          </ns3:TrackPointExtension>
        </extensions>
      </trkpt>
      <trkpt lat="30.4537139832973480224609375" lon="-84.22801217995584011077880859375">
        <ele>45.200000762939453125</ele>
        <time>2024-07-27T11:57:56.000Z</time>
        <extensions>
          <ns3:TrackPointExtension>
            <ns3:atemp>29.0</ns3:atemp>
            <ns3:hr>97</ns3:hr>
            <ns3:cad>0</ns3:cad>
          </ns3:TrackPointExtension>
        </extensions>
      </trkpt>
      <trkpt lat="30.45370669104158878326416015625" lon="-84.228023998439311981201171875">
        <ele>45</ele>
        <time>2024-07-27T11:58:04.000Z</time>
        <extensions>
          <ns3:TrackPointExtension>
            <ns3:atemp>29.0</ns3:atemp>
            <ns3:hr>97</ns3:hr>
            <ns3:cad>0</ns3:cad>
          </ns3:TrackPointExtension>
        </extensions>
      </trkpt>
      <trkpt lat="30.45367349870502948760986328125" lon="-84.22807923518121242523193359375">
        <ele>45</ele>
        <time>2024-07-27T11:58:11.000Z</time>
        <extensions>
          <ns3:TrackPointExtension>
            <ns3:atemp>29.0</ns3:atemp>
            <ns3:hr>98</ns3:hr>
            <ns3:cad>46</ns3:cad>
          </ns3:TrackPointExtension>
        </extensions>
      </trkpt>
      <trkpt lat="30.45362186618149280548095703125" lon="-84.2281750403344631195068359375">
        <ele>44.799999237060546875</ele>
        <time>2024-07-27T11:58:20.000Z</time>
        <extensions>
          <ns3:TrackPointExtension>
            <ns3:atemp>29.0</ns3:atemp>
            <ns3:hr>97</ns3:hr>
            <ns3:cad>50</ns3:cad>
          </ns3:TrackPointExtension>
        </extensions>
      </trkpt>
      <trkpt lat="30.45362119562923908233642578125" lon="-84.22818484716117382049560546875">
        <ele>44.799999237060546875</ele>
        <time>2024-07-27T11:58:21.000Z</time>
        <extensions>
          <ns3:TrackPointExtension>
            <ns3:atemp>29.0</ns3:atemp>
            <ns3:hr>97</ns3:hr>
            <ns3:cad>50</ns3:cad>
          </ns3:TrackPointExtension>
        </extensions>
      </trkpt>
      <trkpt lat="30.4536187648773193359375" lon="-84.2282078973948955535888671875">
        <ele>44.799999237060546875</ele>
        <time>2024-07-27T11:58:23.000Z</time>
        <extensions>
          <ns3:TrackPointExtension>
            <ns3:atemp>29.0</ns3:atemp>
            <ns3:hr>97</ns3:hr>
            <ns3:cad>49</ns3:cad>
          </ns3:TrackPointExtension>
        </extensions>
      </trkpt>
      <trkpt lat="30.453620441257953643798828125" lon="-84.22822256572544574737548828125">
        <ele>44.59999847412109375</ele>
        <time>2024-07-27T11:58:25.000Z</time>
        <extensions>
          <ns3:TrackPointExtension>
            <ns3:atemp>29.0</ns3:atemp>
            <ns3:hr>97</ns3:hr>
            <ns3:cad>0</ns3:cad>
          </ns3:TrackPointExtension>
        </extensions>
      </trkpt>
      <trkpt lat="30.45361264608800411224365234375" lon="-84.2282441072165966033935546875">
        <ele>44.59999847412109375</ele>
        <time>2024-07-27T11:58:27.000Z</time>
        <extensions>
          <ns3:TrackPointExtension>
            <ns3:atemp>29.0</ns3:atemp>
            <ns3:hr>98</ns3:hr>
            <ns3:cad>0</ns3:cad>
          </ns3:TrackPointExtension>
        </extensions>
      </trkpt>
      <trkpt lat="30.45360912568867206573486328125" lon="-84.22823446802794933319091796875">
        <ele>44.40000152587890625</ele>
        <time>2024-07-27T11:58:33.000Z</time>
        <extensions>
          <ns3:TrackPointExtension>
            <ns3:atemp>29.0</ns3:atemp>
            <ns3:hr>97</ns3:hr>
            <ns3:cad>0</ns3:cad>
          </ns3:TrackPointExtension>
        </extensions>
      </trkpt>
      <trkpt lat="30.45362739823758602142333984375" lon="-84.228268750011920928955078125">
        <ele>44.40000152587890625</ele>
        <time>2024-07-27T11:58:38.000Z</time>
        <extensions>
          <ns3:TrackPointExtension>
            <ns3:atemp>29.0</ns3:atemp>
            <ns3:hr>97</ns3:hr>
            <ns3:cad>0</ns3:cad>
          </ns3:TrackPointExtension>
        </extensions>
      </trkpt>
      <trkpt lat="30.45362337492406368255615234375" lon="-84.22827771864831447601318359375">
        <ele>44.40000152587890625</ele>
        <time>2024-07-27T11:58:39.000Z</time>
        <extensions>
          <ns3:TrackPointExtension>
            <ns3:atemp>29.0</ns3:atemp>
            <ns3:hr>98</ns3:hr>
            <ns3:cad>0</ns3:cad>
          </ns3:TrackPointExtension>
        </extensions>
      </trkpt>
      <trkpt lat="30.45362689532339572906494140625" lon="-84.22830487601459026336669921875">
        <ele>44.200000762939453125</ele>
        <time>2024-07-27T11:58:45.000Z</time>
        <extensions>
          <ns3:TrackPointExtension>
            <ns3:atemp>29.0</ns3:atemp>
            <ns3:hr>98</ns3:hr>
            <ns3:cad>0</ns3:cad>
          </ns3:TrackPointExtension>
        </extensions>
      </trkpt>
      <trkpt lat="30.4535746760666370391845703125" lon="-84.2283731885254383087158203125">
        <ele>44.200000762939453125</ele>
        <time>2024-07-27T11:58:50.000Z</time>
        <extensions>
          <ns3:TrackPointExtension>
            <ns3:atemp>29.0</ns3:atemp>
            <ns3:hr>98</ns3:hr>
            <ns3:cad>0</ns3:cad>
          </ns3:TrackPointExtension>
        </extensions>
      </trkpt>
      <trkpt lat="30.45356738381087779998779296875" lon="-84.228382073342800140380859375">
        <ele>44.200000762939453125</ele>
        <time>2024-07-27T11:58:51.000Z</time>
        <extensions>
          <ns3:TrackPointExtension>
            <ns3:atemp>29.0</ns3:atemp>
            <ns3:hr>98</ns3:hr>
            <ns3:cad>0</ns3:cad>
          </ns3:TrackPointExtension>
        </extensions>
      </trkpt>
      <trkpt lat="30.4535610973834991455078125" lon="-84.2284159362316131591796875">
        <ele>44.200000762939453125</ele>
        <time>2024-07-27T11:58:55.000Z</time>
        <extensions>
          <ns3:TrackPointExtension>
            <ns3:atemp>29.0</ns3:atemp>
            <ns3:hr>98</ns3:hr>
            <ns3:cad>51</ns3:cad>
          </ns3:TrackPointExtension>
        </extensions>
      </trkpt>
      <trkpt lat="30.45355430804193019866943359375" lon="-84.22843848355114459991455078125">
        <ele>44</ele>
        <time>2024-07-27T11:58:57.000Z</time>
        <extensions>
          <ns3:TrackPointExtension>
            <ns3:atemp>29.0</ns3:atemp>
            <ns3:hr>98</ns3:hr>
            <ns3:cad>51</ns3:cad>
          </ns3:TrackPointExtension>
        </extensions>
      </trkpt>
      <trkpt lat="30.4535398073494434356689453125" lon="-84.22846010886132717132568359375">
        <ele>44</ele>
        <time>2024-07-27T11:58:59.000Z</time>
        <extensions>
          <ns3:TrackPointExtension>
            <ns3:atemp>29.0</ns3:atemp>
            <ns3:hr>98</ns3:hr>
            <ns3:cad>49</ns3:cad>
          </ns3:TrackPointExtension>
        </extensions>
      </trkpt>
      <trkpt lat="30.4535160027444362640380859375" lon="-84.2285186983644962310791015625">
        <ele>43.799999237060546875</ele>
        <time>2024-07-27T11:59:05.000Z</time>
        <extensions>
          <ns3:TrackPointExtension>
            <ns3:atemp>29.0</ns3:atemp>
            <ns3:hr>99</ns3:hr>
            <ns3:cad>0</ns3:cad>
          </ns3:TrackPointExtension>
        </extensions>
      </trkpt>
      <trkpt lat="30.4535173438489437103271484375" lon="-84.22852884046733379364013671875">
        <ele>43.59999847412109375</ele>
        <time>2024-07-27T11:59:06.000Z</time>
        <extensions>
          <ns3:TrackPointExtension>
            <ns3:atemp>29.0</ns3:atemp>
            <ns3:hr>99</ns3:hr>
            <ns3:cad>0</ns3:cad>
          </ns3:TrackPointExtension>
        </extensions>
      </trkpt>
      <trkpt lat="30.45351885259151458740234375" lon="-84.22854803502559661865234375">
        <ele>43.59999847412109375</ele>
        <time>2024-07-27T11:59:08.000Z</time>
        <extensions>
          <ns3:TrackPointExtension>
            <ns3:atemp>29.0</ns3:atemp>
            <ns3:hr>99</ns3:hr>
            <ns3:cad>0</ns3:cad>
          </ns3:TrackPointExtension>
        </extensions>
      </trkpt>
      <trkpt lat="30.45350619591772556304931640625" lon="-84.228570498526096343994140625">
        <ele>43.799999237060546875</ele>
        <time>2024-07-27T11:59:10.000Z</time>
        <extensions>
          <ns3:TrackPointExtension>
            <ns3:atemp>29.0</ns3:atemp>
            <ns3:hr>100</ns3:hr>
            <ns3:cad>0</ns3:cad>
          </ns3:TrackPointExtension>
        </extensions>
      </trkpt>
      <trkpt lat="30.45348423533141613006591796875" lon="-84.22859572805464267730712890625">
        <ele>43.59999847412109375</ele>
        <time>2024-07-27T11:59:13.000Z</time>
        <extensions>
          <ns3:TrackPointExtension>
            <ns3:atemp>29.0</ns3:atemp>
            <ns3:hr>100</ns3:hr>
            <ns3:cad>0</ns3:cad>
          </ns3:TrackPointExtension>
        </extensions>
      </trkpt>
      <trkpt lat="30.45344986952841281890869140625" lon="-84.228681139647960662841796875">
        <ele>43.40000152587890625</ele>
        <time>2024-07-27T11:59:21.000Z</time>
        <extensions>
          <ns3:TrackPointExtension>
            <ns3:atemp>29.0</ns3:atemp>
            <ns3:hr>98</ns3:hr>
            <ns3:cad>50</ns3:cad>
          </ns3:TrackPointExtension>
        </extensions>
      </trkpt>
      <trkpt lat="30.4534435831010341644287109375" lon="-84.22872547991573810577392578125">
        <ele>43.40000152587890625</ele>
        <time>2024-07-27T11:59:24.000Z</time>
        <extensions>
          <ns3:TrackPointExtension>
            <ns3:atemp>29.0</ns3:atemp>
            <ns3:hr>98</ns3:hr>
            <ns3:cad>53</ns3:cad>
          </ns3:TrackPointExtension>
        </extensions>
      </trkpt>
      <trkpt lat="30.45344098471105098724365234375" lon="-84.2287704907357692718505859375">
        <ele>43.40000152587890625</ele>
        <time>2024-07-27T11:59:28.000Z</time>
        <extensions>
          <ns3:TrackPointExtension>
            <ns3:atemp>29.0</ns3:atemp>
            <ns3:hr>97</ns3:hr>
            <ns3:cad>0</ns3:cad>
          </ns3:TrackPointExtension>
        </extensions>
      </trkpt>
      <trkpt lat="30.45344106853008270263671875" lon="-84.2287741787731647491455078125">
        <ele>43.200000762939453125</ele>
        <time>2024-07-27T11:59:29.000Z</time>
        <extensions>
          <ns3:TrackPointExtension>
            <ns3:atemp>29.0</ns3:atemp>
            <ns3:hr>97</ns3:hr>
            <ns3:cad>0</ns3:cad>
          </ns3:TrackPointExtension>
        </extensions>
      </trkpt>
      <trkpt lat="30.453438721597194671630859375" lon="-84.228779375553131103515625">
        <ele>43.200000762939453125</ele>
        <time>2024-07-27T11:59:31.000Z</time>
        <extensions>
          <ns3:TrackPointExtension>
            <ns3:atemp>29.0</ns3:atemp>
            <ns3:hr>97</ns3:hr>
            <ns3:cad>0</ns3:cad>
          </ns3:TrackPointExtension>
        </extensions>
      </trkpt>
      <trkpt lat="30.45341751538217067718505859375" lon="-84.228792451322078704833984375">
        <ele>43</ele>
        <time>2024-07-27T11:59:35.000Z</time>
        <extensions>
          <ns3:TrackPointExtension>
            <ns3:atemp>29.0</ns3:atemp>
            <ns3:hr>97</ns3:hr>
            <ns3:cad>0</ns3:cad>
          </ns3:TrackPointExtension>
        </extensions>
      </trkpt>
      <trkpt lat="30.453411228954792022705078125" lon="-84.2287973128259181976318359375">
        <ele>43</ele>
        <time>2024-07-27T11:59:36.000Z</time>
        <extensions>
          <ns3:TrackPointExtension>
            <ns3:atemp>29.0</ns3:atemp>
            <ns3:hr>97</ns3:hr>
            <ns3:cad>0</ns3:cad>
          </ns3:TrackPointExtension>
        </extensions>
      </trkpt>
      <trkpt lat="30.45337024144828319549560546875" lon="-84.22887216322124004364013671875">
        <ele>42.40000152587890625</ele>
        <time>2024-07-27T11:59:42.000Z</time>
        <extensions>
          <ns3:TrackPointExtension>
            <ns3:atemp>29.0</ns3:atemp>
            <ns3:hr>98</ns3:hr>
            <ns3:cad>0</ns3:cad>
          </ns3:TrackPointExtension>
        </extensions>
      </trkpt>
      <trkpt lat="30.4533647932112216949462890625" lon="-84.2288838140666484832763671875">
        <ele>42.40000152587890625</ele>
        <time>2024-07-27T11:59:43.000Z</time>
        <extensions>
          <ns3:TrackPointExtension>
            <ns3:atemp>29.0</ns3:atemp>
            <ns3:hr>98</ns3:hr>
            <ns3:cad>54</ns3:cad>
          </ns3:TrackPointExtension>
        </extensions>
      </trkpt>
      <trkpt lat="30.4533248953521251678466796875" lon="-84.228963442146778106689453125">
        <ele>42.40000152587890625</ele>
        <time>2024-07-27T11:59:47.000Z</time>
        <extensions>
          <ns3:TrackPointExtension>
            <ns3:atemp>29.0</ns3:atemp>
            <ns3:hr>97</ns3:hr>
            <ns3:cad>53</ns3:cad>
          </ns3:TrackPointExtension>
        </extensions>
      </trkpt>
      <trkpt lat="30.4533145017921924591064453125" lon="-84.229004345834255218505859375">
        <ele>42.40000152587890625</ele>
        <time>2024-07-27T11:59:50.000Z</time>
        <extensions>
          <ns3:TrackPointExtension>
            <ns3:atemp>29.0</ns3:atemp>
            <ns3:hr>97</ns3:hr>
            <ns3:cad>54</ns3:cad>
          </ns3:TrackPointExtension>
        </extensions>
      </trkpt>
      <trkpt lat="30.45331777073442935943603515625" lon="-84.229010045528411865234375">
        <ele>42.40000152587890625</ele>
        <time>2024-07-27T11:59:52.000Z</time>
        <extensions>
          <ns3:TrackPointExtension>
            <ns3:atemp>29.0</ns3:atemp>
            <ns3:hr>99</ns3:hr>
            <ns3:cad>0</ns3:cad>
          </ns3:TrackPointExtension>
        </extensions>
      </trkpt>
      <trkpt lat="30.45329597778618335723876953125" lon="-84.2290286533534526824951171875">
        <ele>42.200000762939453125</ele>
        <time>2024-07-27T11:59:56.000Z</time>
        <extensions>
          <ns3:TrackPointExtension>
            <ns3:atemp>29.0</ns3:atemp>
            <ns3:hr>96</ns3:hr>
            <ns3:cad>0</ns3:cad>
          </ns3:TrackPointExtension>
        </extensions>
      </trkpt>
      <trkpt lat="30.45326965861022472381591796875" lon="-84.2290916852653026580810546875">
        <ele>42</ele>
        <time>2024-07-27T12:00:03.000Z</time>
        <extensions>
          <ns3:TrackPointExtension>
            <ns3:atemp>29.0</ns3:atemp>
            <ns3:hr>97</ns3:hr>
            <ns3:cad>57</ns3:cad>
          </ns3:TrackPointExtension>
        </extensions>
      </trkpt>
      <trkpt lat="30.45328189618885517120361328125" lon="-84.22914591617882251739501953125">
        <ele>42</ele>
        <time>2024-07-27T12:00:06.000Z</time>
        <extensions>
          <ns3:TrackPointExtension>
            <ns3:atemp>29.0</ns3:atemp>
            <ns3:hr>98</ns3:hr>
            <ns3:cad>54</ns3:cad>
          </ns3:TrackPointExtension>
        </extensions>
      </trkpt>
      <trkpt lat="30.45327074825763702392578125" lon="-84.22917240299284458160400390625">
        <ele>41.799999237060546875</ele>
        <time>2024-07-27T12:00:08.000Z</time>
        <extensions>
          <ns3:TrackPointExtension>
            <ns3:atemp>29.0</ns3:atemp>
            <ns3:hr>98</ns3:hr>
            <ns3:cad>54</ns3:cad>
          </ns3:TrackPointExtension>
        </extensions>
      </trkpt>
      <trkpt lat="30.45325465500354766845703125" lon="-84.22919017262756824493408203125">
        <ele>41.799999237060546875</ele>
        <time>2024-07-27T12:00:10.000Z</time>
        <extensions>
          <ns3:TrackPointExtension>
            <ns3:atemp>29.0</ns3:atemp>
            <ns3:hr>100</ns3:hr>
            <ns3:cad>52</ns3:cad>
          </ns3:TrackPointExtension>
        </extensions>
      </trkpt>
      <trkpt lat="30.4532045312225818634033203125" lon="-84.22925747931003570556640625">
        <ele>41.59999847412109375</ele>
        <time>2024-07-27T12:00:17.000Z</time>
        <extensions>
          <ns3:TrackPointExtension>
            <ns3:atemp>29.0</ns3:atemp>
            <ns3:hr>97</ns3:hr>
            <ns3:cad>52</ns3:cad>
          </ns3:TrackPointExtension>
        </extensions>
      </trkpt>
      <trkpt lat="30.4531867615878582000732421875" lon="-84.22928036190569400787353515625">
        <ele>41.59999847412109375</ele>
        <time>2024-07-27T12:00:19.000Z</time>
        <extensions>
          <ns3:TrackPointExtension>
            <ns3:atemp>29.0</ns3:atemp>
            <ns3:hr>98</ns3:hr>
            <ns3:cad>51</ns3:cad>
          </ns3:TrackPointExtension>
        </extensions>
      </trkpt>
      <trkpt lat="30.45315834693610668182373046875" lon="-84.2293153144419193267822265625">
        <ele>41.40000152587890625</ele>
        <time>2024-07-27T12:00:22.000Z</time>
        <extensions>
          <ns3:TrackPointExtension>
            <ns3:atemp>29.0</ns3:atemp>
            <ns3:hr>99</ns3:hr>
            <ns3:cad>54</ns3:cad>
          </ns3:TrackPointExtension>
        </extensions>
      </trkpt>
      <trkpt lat="30.45311677269637584686279296875" lon="-84.2293850518763065338134765625">
        <ele>41.59999847412109375</ele>
        <time>2024-07-27T12:00:29.000Z</time>
        <extensions>
          <ns3:TrackPointExtension>
            <ns3:atemp>29.0</ns3:atemp>
            <ns3:hr>99</ns3:hr>
            <ns3:cad>51</ns3:cad>
          </ns3:TrackPointExtension>
        </extensions>
      </trkpt>
      <trkpt lat="30.453096739947795867919921875" lon="-84.2294169031083583831787109375">
        <ele>41.59999847412109375</ele>
        <time>2024-07-27T12:00:32.000Z</time>
        <extensions>
          <ns3:TrackPointExtension>
            <ns3:atemp>29.0</ns3:atemp>
            <ns3:hr>96</ns3:hr>
            <ns3:cad>51</ns3:cad>
          </ns3:TrackPointExtension>
        </extensions>
      </trkpt>
      <trkpt lat="30.453074276447296142578125" lon="-84.2294832877814769744873046875">
        <ele>41.40000152587890625</ele>
        <time>2024-07-27T12:00:37.000Z</time>
        <extensions>
          <ns3:TrackPointExtension>
            <ns3:atemp>29.0</ns3:atemp>
            <ns3:hr>97</ns3:hr>
            <ns3:cad>51</ns3:cad>
          </ns3:TrackPointExtension>
        </extensions>
      </trkpt>
      <trkpt lat="30.45304887928068637847900390625" lon="-84.2295478284358978271484375">
        <ele>41.40000152587890625</ele>
        <time>2024-07-27T12:00:41.000Z</time>
        <extensions>
          <ns3:TrackPointExtension>
            <ns3:atemp>29.0</ns3:atemp>
            <ns3:hr>100</ns3:hr>
            <ns3:cad>52</ns3:cad>
          </ns3:TrackPointExtension>
        </extensions>
      </trkpt>
      <trkpt lat="30.45303848572075366973876953125" lon="-84.22956869937479496002197265625">
        <ele>41.40000152587890625</ele>
        <time>2024-07-27T12:00:43.000Z</time>
        <extensions>
          <ns3:TrackPointExtension>
            <ns3:atemp>29.0</ns3:atemp>
            <ns3:hr>97</ns3:hr>
            <ns3:cad>51</ns3:cad>
          </ns3:TrackPointExtension>
        </extensions>
      </trkpt>
      <trkpt lat="30.45300395227968692779541015625" lon="-84.22960474155843257904052734375">
        <ele>41.59999847412109375</ele>
        <time>2024-07-27T12:00:47.000Z</time>
        <extensions>
          <ns3:TrackPointExtension>
            <ns3:atemp>29.0</ns3:atemp>
            <ns3:hr>98</ns3:hr>
            <ns3:cad>48</ns3:cad>
          </ns3:TrackPointExtension>
        </extensions>
      </trkpt>
      <trkpt lat="30.45294083654880523681640625" lon="-84.2296908237040042877197265625">
        <ele>41.40000152587890625</ele>
        <time>2024-07-27T12:00:56.000Z</time>
        <extensions>
          <ns3:TrackPointExtension>
            <ns3:atemp>29.0</ns3:atemp>
            <ns3:hr>96</ns3:hr>
            <ns3:cad>50</ns3:cad>
          </ns3:TrackPointExtension>
        </extensions>
      </trkpt>
      <trkpt lat="30.452882833778858184814453125" lon="-84.22981311567127704620361328125">
        <ele>41.59999847412109375</ele>
        <time>2024-07-27T12:01:06.000Z</time>
        <extensions>
          <ns3:TrackPointExtension>
            <ns3:atemp>29.0</ns3:atemp>
            <ns3:hr>98</ns3:hr>
            <ns3:cad>52</ns3:cad>
          </ns3:TrackPointExtension>
        </extensions>
      </trkpt>
      <trkpt lat="30.4528179578483104705810546875" lon="-84.22992191277444362640380859375">
        <ele>42.40000152587890625</ele>
        <time>2024-07-27T12:01:15.000Z</time>
        <extensions>
          <ns3:TrackPointExtension>
            <ns3:atemp>29.0</ns3:atemp>
            <ns3:hr>100</ns3:hr>
            <ns3:cad>50</ns3:cad>
          </ns3:TrackPointExtension>
        </extensions>
      </trkpt>
      <trkpt lat="30.45281401835381984710693359375" lon="-84.22993431799113750457763671875">
        <ele>42.59999847412109375</ele>
        <time>2024-07-27T12:01:16.000Z</time>
        <extensions>
          <ns3:TrackPointExtension>
            <ns3:atemp>29.0</ns3:atemp>
            <ns3:hr>102</ns3:hr>
            <ns3:cad>50</ns3:cad>
          </ns3:TrackPointExtension>
        </extensions>
      </trkpt>
      <trkpt lat="30.4527797363698482513427734375" lon="-84.2300038039684295654296875">
        <ele>42.799999237060546875</ele>
        <time>2024-07-27T12:01:23.000Z</time>
        <extensions>
          <ns3:TrackPointExtension>
            <ns3:atemp>29.0</ns3:atemp>
            <ns3:hr>105</ns3:hr>
            <ns3:cad>46</ns3:cad>
          </ns3:TrackPointExtension>
        </extensions>
      </trkpt>
      <trkpt lat="30.45277026481926441192626953125" lon="-84.23002081923186779022216796875">
        <ele>42.799999237060546875</ele>
        <time>2024-07-27T12:01:25.000Z</time>
        <extensions>
          <ns3:TrackPointExtension>
            <ns3:atemp>29.0</ns3:atemp>
            <ns3:hr>107</ns3:hr>
            <ns3:cad>47</ns3:cad>
          </ns3:TrackPointExtension>
        </extensions>
      </trkpt>
      <trkpt lat="30.4527381621301174163818359375" lon="-84.23004060052335262298583984375">
        <ele>42.799999237060546875</ele>
        <time>2024-07-27T12:01:29.000Z</time>
        <extensions>
          <ns3:TrackPointExtension>
            <ns3:atemp>29.0</ns3:atemp>
            <ns3:hr>110</ns3:hr>
            <ns3:cad>47</ns3:cad>
          </ns3:TrackPointExtension>
        </extensions>
      </trkpt>
      <trkpt lat="30.4527307860553264617919921875" lon="-84.2300440371036529541015625">
        <ele>42.59999847412109375</ele>
        <time>2024-07-27T12:01:30.000Z</time>
        <extensions>
          <ns3:TrackPointExtension>
            <ns3:atemp>29.0</ns3:atemp>
            <ns3:hr>110</ns3:hr>
            <ns3:cad>47</ns3:cad>
          </ns3:TrackPointExtension>
        </extensions>
      </trkpt>
      <trkpt lat="30.45268376357853412628173828125" lon="-84.23009776510298252105712890625">
        <ele>42.40000152587890625</ele>
        <time>2024-07-27T12:01:34.000Z</time>
        <extensions>
          <ns3:TrackPointExtension>
            <ns3:atemp>29.0</ns3:atemp>
            <ns3:hr>109</ns3:hr>
            <ns3:cad>54</ns3:cad>
          </ns3:TrackPointExtension>
        </extensions>
      </trkpt>
      <trkpt lat="30.4526167921721935272216796875" lon="-84.23021896742284297943115234375">
        <ele>42</ele>
        <time>2024-07-27T12:01:43.000Z</time>
        <extensions>
          <ns3:TrackPointExtension>
            <ns3:atemp>29.0</ns3:atemp>
            <ns3:hr>109</ns3:hr>
            <ns3:cad>0</ns3:cad>
          </ns3:TrackPointExtension>
        </extensions>
      </trkpt>
      <trkpt lat="30.45258066616952419281005859375" lon="-84.2302787303924560546875">
        <ele>42</ele>
        <time>2024-07-27T12:01:49.000Z</time>
        <extensions>
          <ns3:TrackPointExtension>
            <ns3:atemp>29.0</ns3:atemp>
            <ns3:hr>108</ns3:hr>
            <ns3:cad>77</ns3:cad>
          </ns3:TrackPointExtension>
        </extensions>
      </trkpt>
      <trkpt lat="30.4525366611778736114501953125" lon="-84.23034234903752803802490234375">
        <ele>41.59999847412109375</ele>
        <time>2024-07-27T12:01:57.000Z</time>
        <extensions>
          <ns3:TrackPointExtension>
            <ns3:atemp>29.0</ns3:atemp>
            <ns3:hr>107</ns3:hr>
            <ns3:cad>49</ns3:cad>
          </ns3:TrackPointExtension>
        </extensions>
      </trkpt>
      <trkpt lat="30.4525302909314632415771484375" lon="-84.23035458661615848541259765625">
        <ele>41.59999847412109375</ele>
        <time>2024-07-27T12:01:59.000Z</time>
        <extensions>
          <ns3:TrackPointExtension>
            <ns3:atemp>29.0</ns3:atemp>
            <ns3:hr>107</ns3:hr>
            <ns3:cad>50</ns3:cad>
          </ns3:TrackPointExtension>
        </extensions>
      </trkpt>
      <trkpt lat="30.45250221155583858489990234375" lon="-84.230396747589111328125">
        <ele>41.799999237060546875</ele>
        <time>2024-07-27T12:02:03.000Z</time>
        <extensions>
          <ns3:TrackPointExtension>
            <ns3:atemp>29.0</ns3:atemp>
            <ns3:hr>107</ns3:hr>
            <ns3:cad>51</ns3:cad>
          </ns3:TrackPointExtension>
        </extensions>
      </trkpt>
      <trkpt lat="30.45243884436786174774169921875" lon="-84.23047193326056003570556640625">
        <ele>41.59999847412109375</ele>
        <time>2024-07-27T12:02:09.000Z</time>
        <extensions>
          <ns3:TrackPointExtension>
            <ns3:atemp>29.0</ns3:atemp>
            <ns3:hr>108</ns3:hr>
            <ns3:cad>51</ns3:cad>
          </ns3:TrackPointExtension>
        </extensions>
      </trkpt>
      <trkpt lat="30.45243180356919765472412109375" lon="-84.23050780780613422393798828125">
        <ele>41.40000152587890625</ele>
        <time>2024-07-27T12:02:11.000Z</time>
        <extensions>
          <ns3:TrackPointExtension>
            <ns3:atemp>29.0</ns3:atemp>
            <ns3:hr>108</ns3:hr>
            <ns3:cad>51</ns3:cad>
          </ns3:TrackPointExtension>
        </extensions>
      </trkpt>
      <trkpt lat="30.45242006890475749969482421875" lon="-84.2305561713874340057373046875">
        <ele>41.200000762939453125</ele>
        <time>2024-07-27T12:02:15.000Z</time>
        <extensions>
          <ns3:TrackPointExtension>
            <ns3:atemp>29.0</ns3:atemp>
            <ns3:hr>109</ns3:hr>
            <ns3:cad>0</ns3:cad>
          </ns3:TrackPointExtension>
        </extensions>
      </trkpt>
      <trkpt lat="30.4524156264960765838623046875" lon="-84.23056296072900295257568359375">
        <ele>41.200000762939453125</ele>
        <time>2024-07-27T12:02:16.000Z</time>
        <extensions>
          <ns3:TrackPointExtension>
            <ns3:atemp>29.0</ns3:atemp>
            <ns3:hr>109</ns3:hr>
            <ns3:cad>0</ns3:cad>
          </ns3:TrackPointExtension>
        </extensions>
      </trkpt>
      <trkpt lat="30.45238268561661243438720703125" lon="-84.2305994220077991485595703125">
        <ele>41.200000762939453125</ele>
        <time>2024-07-27T12:02:20.000Z</time>
        <extensions>
          <ns3:TrackPointExtension>
            <ns3:atemp>29.0</ns3:atemp>
            <ns3:hr>110</ns3:hr>
            <ns3:cad>50</ns3:cad>
          </ns3:TrackPointExtension>
        </extensions>
      </trkpt>
      <trkpt lat="30.4523596353828907012939453125" lon="-84.2306282557547092437744140625">
        <ele>41</ele>
        <time>2024-07-27T12:02:23.000Z</time>
        <extensions>
          <ns3:TrackPointExtension>
            <ns3:atemp>29.0</ns3:atemp>
            <ns3:hr>110</ns3:hr>
            <ns3:cad>55</ns3:cad>
          </ns3:TrackPointExtension>
        </extensions>
      </trkpt>
      <trkpt lat="30.4522506706416606903076171875" lon="-84.23075758852064609527587890625">
        <ele>41.59999847412109375</ele>
        <time>2024-07-27T12:02:33.000Z</time>
        <extensions>
          <ns3:TrackPointExtension>
            <ns3:atemp>29.0</ns3:atemp>
            <ns3:hr>110</ns3:hr>
            <ns3:cad>55</ns3:cad>
          </ns3:TrackPointExtension>
        </extensions>
      </trkpt>
      <trkpt lat="30.4522228427231311798095703125" lon="-84.23078927211463451385498046875">
        <ele>41.59999847412109375</ele>
        <time>2024-07-27T12:02:36.000Z</time>
        <extensions>
          <ns3:TrackPointExtension>
            <ns3:atemp>29.0</ns3:atemp>
            <ns3:hr>111</ns3:hr>
            <ns3:cad>53</ns3:cad>
          </ns3:TrackPointExtension>
        </extensions>
      </trkpt>
      <trkpt lat="30.4521805979311466217041015625" lon="-84.23084660433232784271240234375">
        <ele>41.59999847412109375</ele>
        <time>2024-07-27T12:02:41.000Z</time>
        <extensions>
          <ns3:TrackPointExtension>
            <ns3:atemp>29.0</ns3:atemp>
            <ns3:hr>112</ns3:hr>
            <ns3:cad>51</ns3:cad>
          </ns3:TrackPointExtension>
        </extensions>
      </trkpt>
      <trkpt lat="30.45215335674583911895751953125" lon="-84.230908043682575225830078125">
        <ele>42</ele>
        <time>2024-07-27T12:02:49.000Z</time>
        <extensions>
          <ns3:TrackPointExtension>
            <ns3:atemp>29.0</ns3:atemp>
            <ns3:hr>113</ns3:hr>
            <ns3:cad>0</ns3:cad>
          </ns3:TrackPointExtension>
        </extensions>
      </trkpt>
      <trkpt lat="30.4521531052887439727783203125" lon="-84.2309061996638774871826171875">
        <ele>42</ele>
        <time>2024-07-27T12:02:50.000Z</time>
        <extensions>
          <ns3:TrackPointExtension>
            <ns3:atemp>29.0</ns3:atemp>
            <ns3:hr>113</ns3:hr>
            <ns3:cad>0</ns3:cad>
          </ns3:TrackPointExtension>
        </extensions>
      </trkpt>
      <trkpt lat="30.45215855352580547332763671875" lon="-84.2309028469026088714599609375">
        <ele>42</ele>
        <time>2024-07-27T12:02:51.000Z</time>
        <extensions>
          <ns3:TrackPointExtension>
            <ns3:atemp>29.0</ns3:atemp>
            <ns3:hr>113</ns3:hr>
            <ns3:cad>0</ns3:cad>
          </ns3:TrackPointExtension>
        </extensions>
      </trkpt>
      <trkpt lat="30.45218688435852527618408203125" lon="-84.230892956256866455078125">
        <ele>42.40000152587890625</ele>
        <time>2024-07-27T12:02:57.000Z</time>
        <extensions>
          <ns3:TrackPointExtension>
            <ns3:atemp>29.0</ns3:atemp>
            <ns3:hr>114</ns3:hr>
            <ns3:cad>0</ns3:cad>
          </ns3:TrackPointExtension>
        </extensions>
      </trkpt>
      <trkpt lat="30.45218638144433498382568359375" lon="-84.23089706338942050933837890625">
        <ele>42.40000152587890625</ele>
        <time>2024-07-27T12:02:59.000Z</time>
        <extensions>
          <ns3:TrackPointExtension>
            <ns3:atemp>29.0</ns3:atemp>
            <ns3:hr>115</ns3:hr>
            <ns3:cad>0</ns3:cad>
          </ns3:TrackPointExtension>
        </extensions>
      </trkpt>
      <trkpt lat="30.452200882136821746826171875" lon="-84.23090795986354351043701171875">
        <ele>42.200000762939453125</ele>
        <time>2024-07-27T12:03:07.000Z</time>
        <extensions>
          <ns3:TrackPointExtension>
            <ns3:atemp>29.0</ns3:atemp>
            <ns3:hr>115</ns3:hr>
            <ns3:cad>0</ns3:cad>
          </ns3:TrackPointExtension>
        </extensions>
      </trkpt>
      <trkpt lat="30.45214145444333553314208984375" lon="-84.2309722490608692169189453125">
        <ele>42</ele>
        <time>2024-07-27T12:03:20.000Z</time>
        <extensions>
          <ns3:TrackPointExtension>
            <ns3:atemp>29.0</ns3:atemp>
            <ns3:hr>113</ns3:hr>
            <ns3:cad>51</ns3:cad>
          </ns3:TrackPointExtension>
        </extensions>
      </trkpt>
      <trkpt lat="30.45206920243799686431884765625" lon="-84.2310667969286441802978515625">
        <ele>41.799999237060546875</ele>
        <time>2024-07-27T12:03:25.000Z</time>
        <extensions>
          <ns3:TrackPointExtension>
            <ns3:atemp>29.0</ns3:atemp>
            <ns3:hr>111</ns3:hr>
            <ns3:cad>50</ns3:cad>
          </ns3:TrackPointExtension>
        </extensions>
      </trkpt>
      <trkpt lat="30.4520582221448421478271484375" lon="-84.231074340641498565673828125">
        <ele>41.799999237060546875</ele>
        <time>2024-07-27T12:03:26.000Z</time>
        <extensions>
          <ns3:TrackPointExtension>
            <ns3:atemp>29.0</ns3:atemp>
            <ns3:hr>111</ns3:hr>
            <ns3:cad>51</ns3:cad>
          </ns3:TrackPointExtension>
        </extensions>
      </trkpt>
      <trkpt lat="30.45201539061963558197021484375" lon="-84.2310996539890766143798828125">
        <ele>42</ele>
        <time>2024-07-27T12:03:31.000Z</time>
        <extensions>
          <ns3:TrackPointExtension>
            <ns3:atemp>29.0</ns3:atemp>
            <ns3:hr>110</ns3:hr>
            <ns3:cad>51</ns3:cad>
          </ns3:TrackPointExtension>
        </extensions>
      </trkpt>
      <trkpt lat="30.4519901610910892486572265625" lon="-84.231087751686573028564453125">
        <ele>42</ele>
        <time>2024-07-27T12:03:33.000Z</time>
        <extensions>
          <ns3:TrackPointExtension>
            <ns3:atemp>29.0</ns3:atemp>
            <ns3:hr>111</ns3:hr>
            <ns3:cad>52</ns3:cad>
          </ns3:TrackPointExtension>
        </extensions>
      </trkpt>
      <trkpt lat="30.451952777802944183349609375" lon="-84.23106771893799304962158203125">
        <ele>41.59999847412109375</ele>
        <time>2024-07-27T12:03:37.000Z</time>
        <extensions>
          <ns3:TrackPointExtension>
            <ns3:atemp>29.0</ns3:atemp>
            <ns3:hr>108</ns3:hr>
            <ns3:cad>51</ns3:cad>
          </ns3:TrackPointExtension>
        </extensions>
      </trkpt>
      <trkpt lat="30.45193039812147617340087890625" lon="-84.23108029179275035858154296875">
        <ele>41.40000152587890625</ele>
        <time>2024-07-27T12:03:40.000Z</time>
        <extensions>
          <ns3:TrackPointExtension>
            <ns3:atemp>29.0</ns3:atemp>
            <ns3:hr>107</ns3:hr>
            <ns3:cad>0</ns3:cad>
          </ns3:TrackPointExtension>
        </extensions>
      </trkpt>
      <trkpt lat="30.45192486606538295745849609375" lon="-84.23107911832630634307861328125">
        <ele>41.40000152587890625</ele>
        <time>2024-07-27T12:03:42.000Z</time>
        <extensions>
          <ns3:TrackPointExtension>
            <ns3:atemp>29.0</ns3:atemp>
            <ns3:hr>108</ns3:hr>
            <ns3:cad>0</ns3:cad>
          </ns3:TrackPointExtension>
        </extensions>
      </trkpt>
      <trkpt lat="30.451911874115467071533203125" lon="-84.231093786656856536865234375">
        <ele>41.59999847412109375</ele>
        <time>2024-07-27T12:03:44.000Z</time>
        <extensions>
          <ns3:TrackPointExtension>
            <ns3:atemp>29.0</ns3:atemp>
            <ns3:hr>106</ns3:hr>
            <ns3:cad>0</ns3:cad>
          </ns3:TrackPointExtension>
        </extensions>
      </trkpt>
      <trkpt lat="30.451893769204616546630859375" lon="-84.23110225237905979156494140625">
        <ele>41.59999847412109375</ele>
        <time>2024-07-27T12:03:46.000Z</time>
        <extensions>
          <ns3:TrackPointExtension>
            <ns3:atemp>29.0</ns3:atemp>
            <ns3:hr>107</ns3:hr>
            <ns3:cad>0</ns3:cad>
          </ns3:TrackPointExtension>
        </extensions>
      </trkpt>
      <trkpt lat="30.45180835761129856109619140625" lon="-84.2311690561473369598388671875">
        <ele>41.59999847412109375</ele>
        <time>2024-07-27T12:03:54.000Z</time>
        <extensions>
          <ns3:TrackPointExtension>
            <ns3:atemp>29.0</ns3:atemp>
            <ns3:hr>109</ns3:hr>
            <ns3:cad>53</ns3:cad>
          </ns3:TrackPointExtension>
        </extensions>
      </trkpt>
      <trkpt lat="30.45177541673183441162109375" lon="-84.23121280968189239501953125">
        <ele>41.59999847412109375</ele>
        <time>2024-07-27T12:03:57.000Z</time>
        <extensions>
          <ns3:TrackPointExtension>
            <ns3:atemp>29.0</ns3:atemp>
            <ns3:hr>106</ns3:hr>
            <ns3:cad>52</ns3:cad>
          </ns3:TrackPointExtension>
        </extensions>
      </trkpt>
      <trkpt lat="30.4517316631972789764404296875" lon="-84.23126100562512874603271484375">
        <ele>41.40000152587890625</ele>
        <time>2024-07-27T12:04:02.000Z</time>
        <extensions>
          <ns3:TrackPointExtension>
            <ns3:atemp>29.0</ns3:atemp>
            <ns3:hr>110</ns3:hr>
            <ns3:cad>54</ns3:cad>
          </ns3:TrackPointExtension>
        </extensions>
      </trkpt>
      <trkpt lat="30.45171632431447505950927734375" lon="-84.2312751710414886474609375">
        <ele>41.40000152587890625</ele>
        <time>2024-07-27T12:04:03.000Z</time>
        <extensions>
          <ns3:TrackPointExtension>
            <ns3:atemp>29.0</ns3:atemp>
            <ns3:hr>107</ns3:hr>
            <ns3:cad>54</ns3:cad>
          </ns3:TrackPointExtension>
        </extensions>
      </trkpt>
      <trkpt lat="30.45169436372816562652587890625" lon="-84.23129134811460971832275390625">
        <ele>41.59999847412109375</ele>
        <time>2024-07-27T12:04:06.000Z</time>
        <extensions>
          <ns3:TrackPointExtension>
            <ns3:atemp>29.0</ns3:atemp>
            <ns3:hr>105</ns3:hr>
            <ns3:cad>54</ns3:cad>
          </ns3:TrackPointExtension>
        </extensions>
      </trkpt>
      <trkpt lat="30.4516622610390186309814453125" lon="-84.231317751109600067138671875">
        <ele>41.59999847412109375</ele>
        <time>2024-07-27T12:04:09.000Z</time>
        <extensions>
          <ns3:TrackPointExtension>
            <ns3:atemp>29.0</ns3:atemp>
            <ns3:hr>102</ns3:hr>
            <ns3:cad>53</ns3:cad>
          </ns3:TrackPointExtension>
        </extensions>
      </trkpt>
      <trkpt lat="30.4516206867992877960205078125" lon="-84.23137550242245197296142578125">
        <ele>41.59999847412109375</ele>
        <time>2024-07-27T12:04:15.000Z</time>
        <extensions>
          <ns3:TrackPointExtension>
            <ns3:atemp>29.0</ns3:atemp>
            <ns3:hr>105</ns3:hr>
            <ns3:cad>54</ns3:cad>
          </ns3:TrackPointExtension>
        </extensions>
      </trkpt>
      <trkpt lat="30.4516129754483699798583984375" lon="-84.23139126040041446685791015625">
        <ele>41.59999847412109375</ele>
        <time>2024-07-27T12:04:16.000Z</time>
        <extensions>
          <ns3:TrackPointExtension>
            <ns3:atemp>29.0</ns3:atemp>
            <ns3:hr>105</ns3:hr>
            <ns3:cad>54</ns3:cad>
          </ns3:TrackPointExtension>
        </extensions>
      </trkpt>
      <trkpt lat="30.4515482671558856964111328125" lon="-84.23151279799640178680419921875">
        <ele>41.59999847412109375</ele>
        <time>2024-07-27T12:04:25.000Z</time>
        <extensions>
          <ns3:TrackPointExtension>
            <ns3:atemp>29.0</ns3:atemp>
            <ns3:hr>103</ns3:hr>
            <ns3:cad>51</ns3:cad>
          </ns3:TrackPointExtension>
        </extensions>
      </trkpt>
      <trkpt lat="30.45153493992984294891357421875" lon="-84.23152260482311248779296875">
        <ele>41.59999847412109375</ele>
        <time>2024-07-27T12:04:26.000Z</time>
        <extensions>
          <ns3:TrackPointExtension>
            <ns3:atemp>29.0</ns3:atemp>
            <ns3:hr>100</ns3:hr>
            <ns3:cad>51</ns3:cad>
          </ns3:TrackPointExtension>
        </extensions>
      </trkpt>
      <trkpt lat="30.451523959636688232421875" lon="-84.2315308190882205963134765625">
        <ele>41.59999847412109375</ele>
        <time>2024-07-27T12:04:27.000Z</time>
        <extensions>
          <ns3:TrackPointExtension>
            <ns3:atemp>29.0</ns3:atemp>
            <ns3:hr>103</ns3:hr>
            <ns3:cad>51</ns3:cad>
          </ns3:TrackPointExtension>
        </extensions>
      </trkpt>
      <trkpt lat="30.45150660909712314605712890625" lon="-84.23157080076634883880615234375">
        <ele>41.40000152587890625</ele>
        <time>2024-07-27T12:04:31.000Z</time>
        <extensions>
          <ns3:TrackPointExtension>
            <ns3:atemp>29.0</ns3:atemp>
            <ns3:hr>103</ns3:hr>
            <ns3:cad>50</ns3:cad>
          </ns3:TrackPointExtension>
        </extensions>
      </trkpt>
      <trkpt lat="30.45150225050747394561767578125" lon="-84.2315814457833766937255859375">
        <ele>41.40000152587890625</ele>
        <time>2024-07-27T12:04:32.000Z</time>
        <extensions>
          <ns3:TrackPointExtension>
            <ns3:atemp>29.0</ns3:atemp>
            <ns3:hr>103</ns3:hr>
            <ns3:cad>50</ns3:cad>
          </ns3:TrackPointExtension>
        </extensions>
      </trkpt>
      <trkpt lat="30.4514919407665729522705078125" lon="-84.23157733865082263946533203125">
        <ele>41.40000152587890625</ele>
        <time>2024-07-27T12:04:33.000Z</time>
        <extensions>
          <ns3:TrackPointExtension>
            <ns3:atemp>29.0</ns3:atemp>
            <ns3:hr>102</ns3:hr>
            <ns3:cad>0</ns3:cad>
          </ns3:TrackPointExtension>
        </extensions>
      </trkpt>
      <trkpt lat="30.45145355165004730224609375" lon="-84.23163123428821563720703125">
        <ele>41.200000762939453125</ele>
        <time>2024-07-27T12:04:39.000Z</time>
        <extensions>
          <ns3:TrackPointExtension>
            <ns3:atemp>29.0</ns3:atemp>
            <ns3:hr>101</ns3:hr>
            <ns3:cad>0</ns3:cad>
          </ns3:TrackPointExtension>
        </extensions>
      </trkpt>
      <trkpt lat="30.45145497657358646392822265625" lon="-84.23163752071559429168701171875">
        <ele>41.200000762939453125</ele>
        <time>2024-07-27T12:04:40.000Z</time>
        <extensions>
          <ns3:TrackPointExtension>
            <ns3:atemp>29.0</ns3:atemp>
            <ns3:hr>100</ns3:hr>
            <ns3:cad>0</ns3:cad>
          </ns3:TrackPointExtension>
        </extensions>
      </trkpt>
      <trkpt lat="30.4514510370790958404541015625" lon="-84.23163651488721370697021484375">
        <ele>41.200000762939453125</ele>
        <time>2024-07-27T12:04:41.000Z</time>
        <extensions>
          <ns3:TrackPointExtension>
            <ns3:atemp>29.0</ns3:atemp>
            <ns3:hr>100</ns3:hr>
            <ns3:cad>0</ns3:cad>
          </ns3:TrackPointExtension>
        </extensions>
      </trkpt>
      <trkpt lat="30.45144575648009777069091796875" lon="-84.2316424660384654998779296875">
        <ele>40.799999237060546875</ele>
        <time>2024-07-27T12:04:46.000Z</time>
        <extensions>
          <ns3:TrackPointExtension>
            <ns3:atemp>29.0</ns3:atemp>
            <ns3:hr>100</ns3:hr>
            <ns3:cad>0</ns3:cad>
          </ns3:TrackPointExtension>
        </extensions>
      </trkpt>
      <trkpt lat="30.4514047689735889434814453125" lon="-84.23167305998504161834716796875">
        <ele>41.200000762939453125</ele>
        <time>2024-07-27T12:04:53.000Z</time>
        <extensions>
          <ns3:TrackPointExtension>
            <ns3:atemp>29.0</ns3:atemp>
            <ns3:hr>101</ns3:hr>
            <ns3:cad>49</ns3:cad>
          </ns3:TrackPointExtension>
        </extensions>
      </trkpt>
      <trkpt lat="30.45136034488677978515625" lon="-84.231707341969013214111328125">
        <ele>41</ele>
        <time>2024-07-27T12:05:01.000Z</time>
        <extensions>
          <ns3:TrackPointExtension>
            <ns3:atemp>29.0</ns3:atemp>
            <ns3:hr>100</ns3:hr>
            <ns3:cad>52</ns3:cad>
          </ns3:TrackPointExtension>
        </extensions>
      </trkpt>
      <trkpt lat="30.45129957608878612518310546875" lon="-84.2317608185112476348876953125">
        <ele>40.799999237060546875</ele>
        <time>2024-07-27T12:05:07.000Z</time>
        <extensions>
          <ns3:TrackPointExtension>
            <ns3:atemp>29.0</ns3:atemp>
            <ns3:hr>96</ns3:hr>
            <ns3:cad>52</ns3:cad>
          </ns3:TrackPointExtension>
        </extensions>
      </trkpt>
      <trkpt lat="30.45129354111850261688232421875" lon="-84.2317732237279415130615234375">
        <ele>40.799999237060546875</ele>
        <time>2024-07-27T12:05:08.000Z</time>
        <extensions>
          <ns3:TrackPointExtension>
            <ns3:atemp>29.0</ns3:atemp>
            <ns3:hr>97</ns3:hr>
            <ns3:cad>52</ns3:cad>
          </ns3:TrackPointExtension>
        </extensions>
      </trkpt>
      <trkpt lat="30.45126956887543201446533203125" lon="-84.23180147074162960052490234375">
        <ele>40.799999237060546875</ele>
        <time>2024-07-27T12:05:11.000Z</time>
        <extensions>
          <ns3:TrackPointExtension>
            <ns3:atemp>29.0</ns3:atemp>
            <ns3:hr>97</ns3:hr>
            <ns3:cad>50</ns3:cad>
          </ns3:TrackPointExtension>
        </extensions>
      </trkpt>
      <trkpt lat="30.4512388072907924652099609375" lon="-84.231831394135951995849609375">
        <ele>40.59999847412109375</ele>
        <time>2024-07-27T12:05:15.000Z</time>
        <extensions>
          <ns3:TrackPointExtension>
            <ns3:atemp>29.0</ns3:atemp>
            <ns3:hr>98</ns3:hr>
            <ns3:cad>0</ns3:cad>
          </ns3:TrackPointExtension>
        </extensions>
      </trkpt>
      <trkpt lat="30.4512287490069866180419921875" lon="-84.231844134628772735595703125">
        <ele>40.59999847412109375</ele>
        <time>2024-07-27T12:05:17.000Z</time>
        <extensions>
          <ns3:TrackPointExtension>
            <ns3:atemp>29.0</ns3:atemp>
            <ns3:hr>98</ns3:hr>
            <ns3:cad>0</ns3:cad>
          </ns3:TrackPointExtension>
        </extensions>
      </trkpt>
      <trkpt lat="30.4512036032974720001220703125" lon="-84.2318667657673358917236328125">
        <ele>40.40000152587890625</ele>
        <time>2024-07-27T12:05:20.000Z</time>
        <extensions>
          <ns3:TrackPointExtension>
            <ns3:atemp>29.0</ns3:atemp>
            <ns3:hr>97</ns3:hr>
            <ns3:cad>0</ns3:cad>
          </ns3:TrackPointExtension>
        </extensions>
      </trkpt>
      <trkpt lat="30.4511918686330318450927734375" lon="-84.231868945062160491943359375">
        <ele>40.40000152587890625</ele>
        <time>2024-07-27T12:05:21.000Z</time>
        <extensions>
          <ns3:TrackPointExtension>
            <ns3:atemp>29.0</ns3:atemp>
            <ns3:hr>98</ns3:hr>
            <ns3:cad>0</ns3:cad>
          </ns3:TrackPointExtension>
        </extensions>
      </trkpt>
      <trkpt lat="30.45113277621567249298095703125" lon="-84.23194463364779949188232421875">
        <ele>40.40000152587890625</ele>
        <time>2024-07-27T12:05:30.000Z</time>
        <extensions>
          <ns3:TrackPointExtension>
            <ns3:atemp>29.0</ns3:atemp>
            <ns3:hr>99</ns3:hr>
            <ns3:cad>49</ns3:cad>
          </ns3:TrackPointExtension>
        </extensions>
      </trkpt>
      <trkpt lat="30.45112338848412036895751953125" lon="-84.23195502720773220062255859375">
        <ele>40.200000762939453125</ele>
        <time>2024-07-27T12:05:31.000Z</time>
        <extensions>
          <ns3:TrackPointExtension>
            <ns3:atemp>29.0</ns3:atemp>
            <ns3:hr>98</ns3:hr>
            <ns3:cad>49</ns3:cad>
          </ns3:TrackPointExtension>
        </extensions>
      </trkpt>
      <trkpt lat="30.45104317367076873779296875" lon="-84.23201453872025012969970703125">
        <ele>39.799999237060546875</ele>
        <time>2024-07-27T12:05:38.000Z</time>
        <extensions>
          <ns3:TrackPointExtension>
            <ns3:atemp>29.0</ns3:atemp>
            <ns3:hr>101</ns3:hr>
            <ns3:cad>51</ns3:cad>
          </ns3:TrackPointExtension>
        </extensions>
      </trkpt>
      <trkpt lat="30.45103621669113636016845703125" lon="-84.23202174715697765350341796875">
        <ele>39.799999237060546875</ele>
        <time>2024-07-27T12:05:39.000Z</time>
        <extensions>
          <ns3:TrackPointExtension>
            <ns3:atemp>29.0</ns3:atemp>
            <ns3:hr>101</ns3:hr>
            <ns3:cad>51</ns3:cad>
          </ns3:TrackPointExtension>
        </extensions>
      </trkpt>
      <trkpt lat="30.4509772919118404388427734375" lon="-84.23210657201707363128662109375">
        <ele>39.59999847412109375</ele>
        <time>2024-07-27T12:05:46.000Z</time>
        <extensions>
          <ns3:TrackPointExtension>
            <ns3:atemp>29.0</ns3:atemp>
            <ns3:hr>104</ns3:hr>
            <ns3:cad>51</ns3:cad>
          </ns3:TrackPointExtension>
        </extensions>
      </trkpt>
      <trkpt lat="30.450966395437717437744140625" lon="-84.23211679793894290924072265625">
        <ele>39.59999847412109375</ele>
        <time>2024-07-27T12:05:47.000Z</time>
        <extensions>
          <ns3:TrackPointExtension>
            <ns3:atemp>29.0</ns3:atemp>
            <ns3:hr>101</ns3:hr>
            <ns3:cad>51</ns3:cad>
          </ns3:TrackPointExtension>
        </extensions>
      </trkpt>
      <trkpt lat="30.45096195302903652191162109375" lon="-84.23212601803243160247802734375">
        <ele>39.59999847412109375</ele>
        <time>2024-07-27T12:05:48.000Z</time>
        <extensions>
          <ns3:TrackPointExtension>
            <ns3:atemp>29.0</ns3:atemp>
            <ns3:hr>104</ns3:hr>
            <ns3:cad>51</ns3:cad>
          </ns3:TrackPointExtension>
        </extensions>
      </trkpt>
      <trkpt lat="30.4509461112320423126220703125" lon="-84.23214211128652095794677734375">
        <ele>39.59999847412109375</ele>
        <time>2024-07-27T12:05:50.000Z</time>
        <extensions>
          <ns3:TrackPointExtension>
            <ns3:atemp>29.0</ns3:atemp>
            <ns3:hr>101</ns3:hr>
            <ns3:cad>51</ns3:cad>
          </ns3:TrackPointExtension>
        </extensions>
      </trkpt>
      <trkpt lat="30.450938902795314788818359375" lon="-84.23215158283710479736328125">
        <ele>39.799999237060546875</ele>
        <time>2024-07-27T12:05:51.000Z</time>
        <extensions>
          <ns3:TrackPointExtension>
            <ns3:atemp>29.0</ns3:atemp>
            <ns3:hr>100</ns3:hr>
            <ns3:cad>51</ns3:cad>
          </ns3:TrackPointExtension>
        </extensions>
      </trkpt>
      <trkpt lat="30.450927503407001495361328125" lon="-84.23217169940471649169921875">
        <ele>40</ele>
        <time>2024-07-27T12:05:53.000Z</time>
        <extensions>
          <ns3:TrackPointExtension>
            <ns3:atemp>29.0</ns3:atemp>
            <ns3:hr>97</ns3:hr>
            <ns3:cad>48</ns3:cad>
          </ns3:TrackPointExtension>
        </extensions>
      </trkpt>
      <trkpt lat="30.450917780399322509765625" lon="-84.23218318261206150054931640625">
        <ele>40</ele>
        <time>2024-07-27T12:05:54.000Z</time>
        <extensions>
          <ns3:TrackPointExtension>
            <ns3:atemp>29.0</ns3:atemp>
            <ns3:hr>101</ns3:hr>
            <ns3:cad>48</ns3:cad>
          </ns3:TrackPointExtension>
        </extensions>
      </trkpt>
      <trkpt lat="30.45083790086209774017333984375" lon="-84.23219382762908935546875">
        <ele>40</ele>
        <time>2024-07-27T12:06:01.000Z</time>
        <extensions>
          <ns3:TrackPointExtension>
            <ns3:atemp>29.0</ns3:atemp>
            <ns3:hr>104</ns3:hr>
            <ns3:cad>47</ns3:cad>
          </ns3:TrackPointExtension>
        </extensions>
      </trkpt>
      <trkpt lat="30.45077067799866199493408203125" lon="-84.23219709657132625579833984375">
        <ele>40</ele>
        <time>2024-07-27T12:06:08.000Z</time>
        <extensions>
          <ns3:TrackPointExtension>
            <ns3:atemp>29.0</ns3:atemp>
            <ns3:hr>107</ns3:hr>
            <ns3:cad>43</ns3:cad>
          </ns3:TrackPointExtension>
        </extensions>
      </trkpt>
      <trkpt lat="30.45074150897562503814697265625" lon="-84.2321906425058841705322265625">
        <ele>40</ele>
        <time>2024-07-27T12:06:11.000Z</time>
        <extensions>
          <ns3:TrackPointExtension>
            <ns3:atemp>29.0</ns3:atemp>
            <ns3:hr>107</ns3:hr>
            <ns3:cad>43</ns3:cad>
          </ns3:TrackPointExtension>
        </extensions>
      </trkpt>
      <trkpt lat="30.450732372701168060302734375" lon="-84.2321862839162349700927734375">
        <ele>40</ele>
        <time>2024-07-27T12:06:12.000Z</time>
        <extensions>
          <ns3:TrackPointExtension>
            <ns3:atemp>29.0</ns3:atemp>
            <ns3:hr>108</ns3:hr>
            <ns3:cad>0</ns3:cad>
          </ns3:TrackPointExtension>
        </extensions>
      </trkpt>
      <trkpt lat="30.45060865581035614013671875" lon="-84.23215602524578571319580078125">
        <ele>39.799999237060546875</ele>
        <time>2024-07-27T12:06:22.000Z</time>
        <extensions>
          <ns3:TrackPointExtension>
            <ns3:atemp>29.0</ns3:atemp>
            <ns3:hr>111</ns3:hr>
            <ns3:cad>51</ns3:cad>
          </ns3:TrackPointExtension>
        </extensions>
      </trkpt>
      <trkpt lat="30.450504720211029052734375" lon="-84.2321571148931980133056640625">
        <ele>39.59999847412109375</ele>
        <time>2024-07-27T12:06:30.000Z</time>
        <extensions>
          <ns3:TrackPointExtension>
            <ns3:atemp>29.0</ns3:atemp>
            <ns3:hr>111</ns3:hr>
            <ns3:cad>49</ns3:cad>
          </ns3:TrackPointExtension>
        </extensions>
      </trkpt>
      <trkpt lat="30.45035443268716335296630859375" lon="-84.23218184150755405426025390625">
        <ele>39.40000152587890625</ele>
        <time>2024-07-27T12:06:42.000Z</time>
        <extensions>
          <ns3:TrackPointExtension>
            <ns3:atemp>29.0</ns3:atemp>
            <ns3:hr>111</ns3:hr>
            <ns3:cad>52</ns3:cad>
          </ns3:TrackPointExtension>
        </extensions>
      </trkpt>
      <trkpt lat="30.45026642270386219024658203125" lon="-84.2322107590734958648681640625">
        <ele>39.200000762939453125</ele>
        <time>2024-07-27T12:06:50.000Z</time>
        <extensions>
          <ns3:TrackPointExtension>
            <ns3:atemp>29.0</ns3:atemp>
            <ns3:hr>108</ns3:hr>
            <ns3:cad>45</ns3:cad>
          </ns3:TrackPointExtension>
        </extensions>
      </trkpt>
      <trkpt lat="30.45022652484476566314697265625" lon="-84.232223667204380035400390625">
        <ele>39.200000762939453125</ele>
        <time>2024-07-27T12:06:52.000Z</time>
        <extensions>
          <ns3:TrackPointExtension>
            <ns3:atemp>29.0</ns3:atemp>
            <ns3:hr>109</ns3:hr>
            <ns3:cad>46</ns3:cad>
          </ns3:TrackPointExtension>
        </extensions>
      </trkpt>
      <trkpt lat="30.45014454983174800872802734375" lon="-84.2322541773319244384765625">
        <ele>39</ele>
        <time>2024-07-27T12:07:00.000Z</time>
        <extensions>
          <ns3:TrackPointExtension>
            <ns3:atemp>29.0</ns3:atemp>
            <ns3:hr>108</ns3:hr>
            <ns3:cad>51</ns3:cad>
          </ns3:TrackPointExtension>
        </extensions>
      </trkpt>
      <trkpt lat="30.45011915266513824462890625" lon="-84.23226599581539630889892578125">
        <ele>39.200000762939453125</ele>
        <time>2024-07-27T12:07:02.000Z</time>
        <extensions>
          <ns3:TrackPointExtension>
            <ns3:atemp>29.0</ns3:atemp>
            <ns3:hr>107</ns3:hr>
            <ns3:cad>51</ns3:cad>
          </ns3:TrackPointExtension>
        </extensions>
      </trkpt>
      <trkpt lat="30.45003172941505908966064453125" lon="-84.23231293447315692901611328125">
        <ele>39</ele>
        <time>2024-07-27T12:07:10.000Z</time>
        <extensions>
          <ns3:TrackPointExtension>
            <ns3:atemp>29.0</ns3:atemp>
            <ns3:hr>104</ns3:hr>
            <ns3:cad>49</ns3:cad>
          </ns3:TrackPointExtension>
        </extensions>
      </trkpt>
      <trkpt lat="30.45000926591455936431884765625" lon="-84.23232651315629482269287109375">
        <ele>39</ele>
        <time>2024-07-27T12:07:12.000Z</time>
        <extensions>
          <ns3:TrackPointExtension>
            <ns3:atemp>29.0</ns3:atemp>
            <ns3:hr>106</ns3:hr>
            <ns3:cad>49</ns3:cad>
          </ns3:TrackPointExtension>
        </extensions>
      </trkpt>
      <trkpt lat="30.44992159120738506317138671875" lon="-84.232394658029079437255859375">
        <ele>38.799999237060546875</ele>
        <time>2024-07-27T12:07:22.000Z</time>
        <extensions>
          <ns3:TrackPointExtension>
            <ns3:atemp>29.0</ns3:atemp>
            <ns3:hr>103</ns3:hr>
            <ns3:cad>47</ns3:cad>
          </ns3:TrackPointExtension>
        </extensions>
      </trkpt>
      <trkpt lat="30.44991555623710155487060546875" lon="-84.232402704656124114990234375">
        <ele>38.799999237060546875</ele>
        <time>2024-07-27T12:07:24.000Z</time>
        <extensions>
          <ns3:TrackPointExtension>
            <ns3:atemp>29.0</ns3:atemp>
            <ns3:hr>102</ns3:hr>
            <ns3:cad>0</ns3:cad>
          </ns3:TrackPointExtension>
        </extensions>
      </trkpt>
      <trkpt lat="30.44991253875195980072021484375" lon="-84.23240932635962963104248046875">
        <ele>39</ele>
        <time>2024-07-27T12:07:26.000Z</time>
        <extensions>
          <ns3:TrackPointExtension>
            <ns3:atemp>29.0</ns3:atemp>
            <ns3:hr>101</ns3:hr>
            <ns3:cad>0</ns3:cad>
          </ns3:TrackPointExtension>
        </extensions>
      </trkpt>
      <trkpt lat="30.44990767724812030792236328125" lon="-84.2324166186153888702392578125">
        <ele>38.799999237060546875</ele>
        <time>2024-07-27T12:07:28.000Z</time>
        <extensions>
          <ns3:TrackPointExtension>
            <ns3:atemp>29.0</ns3:atemp>
            <ns3:hr>103</ns3:hr>
            <ns3:cad>0</ns3:cad>
          </ns3:TrackPointExtension>
        </extensions>
      </trkpt>
      <trkpt lat="30.44991773553192615509033203125" lon="-84.23242156393826007843017578125">
        <ele>38.59999847412109375</ele>
        <time>2024-07-27T12:07:33.000Z</time>
        <extensions>
          <ns3:TrackPointExtension>
            <ns3:atemp>29.0</ns3:atemp>
            <ns3:hr>101</ns3:hr>
            <ns3:cad>0</ns3:cad>
          </ns3:TrackPointExtension>
        </extensions>
      </trkpt>
      <trkpt lat="30.44992511160671710968017578125" lon="-84.23241653479635715484619140625">
        <ele>38.200000762939453125</ele>
        <time>2024-07-27T12:07:39.000Z</time>
        <extensions>
          <ns3:TrackPointExtension>
            <ns3:atemp>29.0</ns3:atemp>
            <ns3:hr>104</ns3:hr>
            <ns3:cad>0</ns3:cad>
          </ns3:TrackPointExtension>
        </extensions>
      </trkpt>
      <trkpt lat="30.44992603361606597900390625" lon="-84.2324193008244037628173828125">
        <ele>38.200000762939453125</ele>
        <time>2024-07-27T12:07:42.000Z</time>
        <extensions>
          <ns3:TrackPointExtension>
            <ns3:atemp>29.0</ns3:atemp>
            <ns3:hr>106</ns3:hr>
            <ns3:cad>0</ns3:cad>
          </ns3:TrackPointExtension>
        </extensions>
      </trkpt>
      <trkpt lat="30.44992603361606597900390625" lon="-84.2324193008244037628173828125">
        <ele>38.200000762939453125</ele>
        <time>2024-07-27T12:07:44.000Z</time>
        <extensions>
          <ns3:TrackPointExtension>
            <ns3:atemp>29.0</ns3:atemp>
            <ns3:hr>109</ns3:hr>
            <ns3:cad>0</ns3:cad>
          </ns3:TrackPointExtension>
        </extensions>
      </trkpt>
      <trkpt lat="30.44992603361606597900390625" lon="-84.2324193008244037628173828125">
        <ele>38</ele>
        <time>2024-07-27T12:07:45.000Z</time>
        <extensions>
          <ns3:TrackPointExtension>
            <ns3:atemp>29.0</ns3:atemp>
            <ns3:hr>112</ns3:hr>
            <ns3:cad>0</ns3:cad>
          </ns3:TrackPointExtension>
        </extensions>
      </trkpt>
      <trkpt lat="30.44992603361606597900390625" lon="-84.2324193008244037628173828125">
        <ele>38</ele>
        <time>2024-07-27T12:07:46.000Z</time>
        <extensions>
          <ns3:TrackPointExtension>
            <ns3:atemp>29.0</ns3:atemp>
            <ns3:hr>113</ns3:hr>
            <ns3:cad>0</ns3:cad>
          </ns3:TrackPointExtension>
        </extensions>
      </trkpt>
      <trkpt lat="30.449857302010059356689453125" lon="-84.23244738020002841949462890625">
        <ele>38.200000762939453125</ele>
        <time>2024-07-27T12:07:52.000Z</time>
        <extensions>
          <ns3:TrackPointExtension>
            <ns3:atemp>29.0</ns3:atemp>
            <ns3:hr>113</ns3:hr>
            <ns3:cad>45</ns3:cad>
          </ns3:TrackPointExtension>
        </extensions>
      </trkpt>
      <trkpt lat="30.449776835739612579345703125" lon="-84.23249867744743824005126953125">
        <ele>38.799999237060546875</ele>
        <time>2024-07-27T12:07:58.000Z</time>
        <extensions>
          <ns3:TrackPointExtension>
            <ns3:atemp>29.0</ns3:atemp>
            <ns3:hr>112</ns3:hr>
            <ns3:cad>50</ns3:cad>
          </ns3:TrackPointExtension>
        </extensions>
      </trkpt>
      <trkpt lat="30.44969628565013408660888671875" lon="-84.23253857530653476715087890625">
        <ele>38.40000152587890625</ele>
        <time>2024-07-27T12:08:05.000Z</time>
        <extensions>
          <ns3:TrackPointExtension>
            <ns3:atemp>29.0</ns3:atemp>
            <ns3:hr>109</ns3:hr>
            <ns3:cad>51</ns3:cad>
          </ns3:TrackPointExtension>
        </extensions>
      </trkpt>
      <trkpt lat="30.44966745190322399139404296875" lon="-84.23254662193357944488525390625">
        <ele>38.59999847412109375</ele>
        <time>2024-07-27T12:08:07.000Z</time>
        <extensions>
          <ns3:TrackPointExtension>
            <ns3:atemp>29.0</ns3:atemp>
            <ns3:hr>109</ns3:hr>
            <ns3:cad>51</ns3:cad>
          </ns3:TrackPointExtension>
        </extensions>
      </trkpt>
      <trkpt lat="30.4495967924594879150390625" lon="-84.23261024057865142822265625">
        <ele>38.40000152587890625</ele>
        <time>2024-07-27T12:08:15.000Z</time>
        <extensions>
          <ns3:TrackPointExtension>
            <ns3:atemp>29.0</ns3:atemp>
            <ns3:hr>108</ns3:hr>
            <ns3:cad>50</ns3:cad>
          </ns3:TrackPointExtension>
        </extensions>
      </trkpt>
      <trkpt lat="30.449574328958988189697265625" lon="-84.232625663280487060546875">
        <ele>38.40000152587890625</ele>
        <time>2024-07-27T12:08:17.000Z</time>
        <extensions>
          <ns3:TrackPointExtension>
            <ns3:atemp>29.0</ns3:atemp>
            <ns3:hr>108</ns3:hr>
            <ns3:cad>50</ns3:cad>
          </ns3:TrackPointExtension>
        </extensions>
      </trkpt>
      <trkpt lat="30.44952797703444957733154296875" lon="-84.23266095109283924102783203125">
        <ele>38</ele>
        <time>2024-07-27T12:08:22.000Z</time>
        <extensions>
          <ns3:TrackPointExtension>
            <ns3:atemp>29.0</ns3:atemp>
            <ns3:hr>109</ns3:hr>
            <ns3:cad>52</ns3:cad>
          </ns3:TrackPointExtension>
        </extensions>
      </trkpt>
      <trkpt lat="30.44948372058570384979248046875" lon="-84.23272280953824520111083984375">
        <ele>37.59999847412109375</ele>
        <time>2024-07-27T12:08:29.000Z</time>
        <extensions>
          <ns3:TrackPointExtension>
            <ns3:atemp>29.0</ns3:atemp>
            <ns3:hr>108</ns3:hr>
            <ns3:cad>47</ns3:cad>
          </ns3:TrackPointExtension>
        </extensions>
      </trkpt>
      <trkpt lat="30.44939621351659297943115234375" lon="-84.23276639543473720550537109375">
        <ele>37.59999847412109375</ele>
        <time>2024-07-27T12:08:37.000Z</time>
        <extensions>
          <ns3:TrackPointExtension>
            <ns3:atemp>29.0</ns3:atemp>
            <ns3:hr>108</ns3:hr>
            <ns3:cad>51</ns3:cad>
          </ns3:TrackPointExtension>
        </extensions>
      </trkpt>
      <trkpt lat="30.449308790266513824462890625" lon="-84.2327933013439178466796875">
        <ele>37.799999237060546875</ele>
        <time>2024-07-27T12:08:45.000Z</time>
        <extensions>
          <ns3:TrackPointExtension>
            <ns3:atemp>29.0</ns3:atemp>
            <ns3:hr>108</ns3:hr>
            <ns3:cad>52</ns3:cad>
          </ns3:TrackPointExtension>
        </extensions>
      </trkpt>
      <trkpt lat="30.4492948763072490692138671875" lon="-84.23280604183673858642578125">
        <ele>37.799999237060546875</ele>
        <time>2024-07-27T12:08:47.000Z</time>
        <extensions>
          <ns3:TrackPointExtension>
            <ns3:atemp>29.0</ns3:atemp>
            <ns3:hr>108</ns3:hr>
            <ns3:cad>52</ns3:cad>
          </ns3:TrackPointExtension>
        </extensions>
      </trkpt>
      <trkpt lat="30.44925606809556484222412109375" lon="-84.2328451015055179595947265625">
        <ele>38</ele>
        <time>2024-07-27T12:08:51.000Z</time>
        <extensions>
          <ns3:TrackPointExtension>
            <ns3:atemp>29.0</ns3:atemp>
            <ns3:hr>109</ns3:hr>
            <ns3:cad>51</ns3:cad>
          </ns3:TrackPointExtension>
        </extensions>
      </trkpt>
      <trkpt lat="30.44915112666785717010498046875" lon="-84.2328735999763011932373046875">
        <ele>38.59999847412109375</ele>
        <time>2024-07-27T12:08:59.000Z</time>
        <extensions>
          <ns3:TrackPointExtension>
            <ns3:atemp>29.0</ns3:atemp>
            <ns3:hr>108</ns3:hr>
            <ns3:cad>0</ns3:cad>
          </ns3:TrackPointExtension>
        </extensions>
      </trkpt>
      <trkpt lat="30.4491476900875568389892578125" lon="-84.232873432338237762451171875">
        <ele>38.59999847412109375</ele>
        <time>2024-07-27T12:09:00.000Z</time>
        <extensions>
          <ns3:TrackPointExtension>
            <ns3:atemp>29.0</ns3:atemp>
            <ns3:hr>109</ns3:hr>
            <ns3:cad>0</ns3:cad>
          </ns3:TrackPointExtension>
        </extensions>
      </trkpt>
      <trkpt lat="30.44914190657436847686767578125" lon="-84.23287577927112579345703125">
        <ele>38.799999237060546875</ele>
        <time>2024-07-27T12:09:01.000Z</time>
        <extensions>
          <ns3:TrackPointExtension>
            <ns3:atemp>29.0</ns3:atemp>
            <ns3:hr>106</ns3:hr>
            <ns3:cad>0</ns3:cad>
          </ns3:TrackPointExtension>
        </extensions>
      </trkpt>
      <trkpt lat="30.44912966899573802947998046875" lon="-84.23288089223206043243408203125">
        <ele>38.799999237060546875</ele>
        <time>2024-07-27T12:09:04.000Z</time>
        <extensions>
          <ns3:TrackPointExtension>
            <ns3:atemp>29.0</ns3:atemp>
            <ns3:hr>107</ns3:hr>
            <ns3:cad>0</ns3:cad>
          </ns3:TrackPointExtension>
        </extensions>
      </trkpt>
      <trkpt lat="30.4491201974451541900634765625" lon="-84.23288977704942226409912109375">
        <ele>38.799999237060546875</ele>
        <time>2024-07-27T12:09:06.000Z</time>
        <extensions>
          <ns3:TrackPointExtension>
            <ns3:atemp>29.0</ns3:atemp>
            <ns3:hr>109</ns3:hr>
            <ns3:cad>0</ns3:cad>
          </ns3:TrackPointExtension>
        </extensions>
      </trkpt>
      <trkpt lat="30.44911977834999561309814453125" lon="-84.23288156278431415557861328125">
        <ele>38.59999847412109375</ele>
        <time>2024-07-27T12:09:08.000Z</time>
        <extensions>
          <ns3:TrackPointExtension>
            <ns3:atemp>29.0</ns3:atemp>
            <ns3:hr>108</ns3:hr>
            <ns3:cad>0</ns3:cad>
          </ns3:TrackPointExtension>
        </extensions>
      </trkpt>
      <trkpt lat="30.4491181857883930206298828125" lon="-84.23287049867212772369384765625">
        <ele>38.59999847412109375</ele>
        <time>2024-07-27T12:09:09.000Z</time>
        <extensions>
          <ns3:TrackPointExtension>
            <ns3:atemp>29.0</ns3:atemp>
            <ns3:hr>109</ns3:hr>
            <ns3:cad>0</ns3:cad>
          </ns3:TrackPointExtension>
        </extensions>
      </trkpt>
      <trkpt lat="30.4491141624748706817626953125" lon="-84.232831858098506927490234375">
        <ele>37.59999847412109375</ele>
        <time>2024-07-27T12:09:13.000Z</time>
        <extensions>
          <ns3:TrackPointExtension>
            <ns3:atemp>29.0</ns3:atemp>
            <ns3:hr>104</ns3:hr>
            <ns3:cad>0</ns3:cad>
          </ns3:TrackPointExtension>
        </extensions>
      </trkpt>
      <trkpt lat="30.4491121508181095123291015625" lon="-84.23281786032021045684814453125">
        <ele>37.59999847412109375</ele>
        <time>2024-07-27T12:09:15.000Z</time>
        <extensions>
          <ns3:TrackPointExtension>
            <ns3:atemp>29.0</ns3:atemp>
            <ns3:hr>106</ns3:hr>
            <ns3:cad>0</ns3:cad>
          </ns3:TrackPointExtension>
        </extensions>
      </trkpt>
      <trkpt lat="30.449120700359344482421875" lon="-84.23280428163707256317138671875">
        <ele>37.59999847412109375</ele>
        <time>2024-07-27T12:09:19.000Z</time>
        <extensions>
          <ns3:TrackPointExtension>
            <ns3:atemp>29.0</ns3:atemp>
            <ns3:hr>103</ns3:hr>
            <ns3:cad>0</ns3:cad>
          </ns3:TrackPointExtension>
        </extensions>
      </trkpt>
      <trkpt lat="30.4490910284221172332763671875" lon="-84.2328363843262195587158203125">
        <ele>37.40000152587890625</ele>
        <time>2024-07-27T12:09:24.000Z</time>
        <extensions>
          <ns3:TrackPointExtension>
            <ns3:atemp>29.0</ns3:atemp>
            <ns3:hr>102</ns3:hr>
            <ns3:cad>0</ns3:cad>
          </ns3:TrackPointExtension>
        </extensions>
      </trkpt>
      <trkpt lat="30.44914257712662220001220703125" lon="-84.23277125693857669830322265625">
        <ele>37.40000152587890625</ele>
        <time>2024-07-27T12:09:31.000Z</time>
        <extensions>
          <ns3:TrackPointExtension>
            <ns3:atemp>29.0</ns3:atemp>
            <ns3:hr>102</ns3:hr>
            <ns3:cad>0</ns3:cad>
          </ns3:TrackPointExtension>
        </extensions>
      </trkpt>
      <trkpt lat="30.44914282858371734619140625" lon="-84.232778213918209075927734375">
        <ele>37.40000152587890625</ele>
        <time>2024-07-27T12:09:45.000Z</time>
        <extensions>
          <ns3:TrackPointExtension>
            <ns3:atemp>29.0</ns3:atemp>
            <ns3:hr>105</ns3:hr>
            <ns3:cad>0</ns3:cad>
          </ns3:TrackPointExtension>
        </extensions>
      </trkpt>
      <trkpt lat="30.449141152203083038330078125" lon="-84.23280763439834117889404296875">
        <ele>37.59999847412109375</ele>
        <time>2024-07-27T12:10:07.000Z</time>
        <extensions>
          <ns3:TrackPointExtension>
            <ns3:atemp>29.0</ns3:atemp>
            <ns3:hr>101</ns3:hr>
            <ns3:cad>0</ns3:cad>
          </ns3:TrackPointExtension>
        </extensions>
      </trkpt>
      <trkpt lat="30.44914056546986103057861328125" lon="-84.2328093945980072021484375">
        <ele>37.59999847412109375</ele>
        <time>2024-07-27T12:10:08.000Z</time>
        <extensions>
          <ns3:TrackPointExtension>
            <ns3:atemp>29.0</ns3:atemp>
            <ns3:hr>98</ns3:hr>
            <ns3:cad>0</ns3:cad>
          </ns3:TrackPointExtension>
        </extensions>
      </trkpt>
      <trkpt lat="30.44913939200341701507568359375" lon="-84.232809729874134063720703125">
        <ele>37.59999847412109375</ele>
        <time>2024-07-27T12:10:09.000Z</time>
        <extensions>
          <ns3:TrackPointExtension>
            <ns3:atemp>29.0</ns3:atemp>
            <ns3:hr>103</ns3:hr>
            <ns3:cad>0</ns3:cad>
          </ns3:TrackPointExtension>
        </extensions>
      </trkpt>
      <trkpt lat="30.44913872145116329193115234375" lon="-84.2328112386167049407958984375">
        <ele>37.59999847412109375</ele>
        <time>2024-07-27T12:10:11.000Z</time>
        <extensions>
          <ns3:TrackPointExtension>
            <ns3:atemp>29.0</ns3:atemp>
            <ns3:hr>99</ns3:hr>
            <ns3:cad>0</ns3:cad>
          </ns3:TrackPointExtension>
        </extensions>
      </trkpt>
      <trkpt lat="30.44913838617503643035888671875" lon="-84.232811741530895233154296875">
        <ele>37.59999847412109375</ele>
        <time>2024-07-27T12:10:12.000Z</time>
        <extensions>
          <ns3:TrackPointExtension>
            <ns3:atemp>29.0</ns3:atemp>
            <ns3:hr>102</ns3:hr>
            <ns3:cad>0</ns3:cad>
          </ns3:TrackPointExtension>
        </extensions>
      </trkpt>
      <trkpt lat="30.44912128709256649017333984375" lon="-84.23281886614859104156494140625">
        <ele>37.200000762939453125</ele>
        <time>2024-07-27T12:10:31.000Z</time>
        <extensions>
          <ns3:TrackPointExtension>
            <ns3:atemp>29.0</ns3:atemp>
            <ns3:hr>105</ns3:hr>
            <ns3:cad>0</ns3:cad>
          </ns3:TrackPointExtension>
        </extensions>
      </trkpt>
      <trkpt lat="30.44911910779774188995361328125" lon="-84.23282347619533538818359375">
        <ele>37</ele>
        <time>2024-07-27T12:10:36.000Z</time>
        <extensions>
          <ns3:TrackPointExtension>
            <ns3:atemp>29.0</ns3:atemp>
            <ns3:hr>105</ns3:hr>
            <ns3:cad>0</ns3:cad>
          </ns3:TrackPointExtension>
        </extensions>
      </trkpt>
      <trkpt lat="30.44911458157002925872802734375" lon="-84.2328568361699581146240234375">
        <ele>37.40000152587890625</ele>
        <time>2024-07-27T12:10:46.000Z</time>
        <extensions>
          <ns3:TrackPointExtension>
            <ns3:atemp>29.0</ns3:atemp>
            <ns3:hr>103</ns3:hr>
            <ns3:cad>0</ns3:cad>
          </ns3:TrackPointExtension>
        </extensions>
      </trkpt>
      <trkpt lat="30.4491010867059230804443359375" lon="-84.232894890010356903076171875">
        <ele>37.59999847412109375</ele>
        <time>2024-07-27T12:10:51.000Z</time>
        <extensions>
          <ns3:TrackPointExtension>
            <ns3:atemp>29.0</ns3:atemp>
            <ns3:hr>101</ns3:hr>
            <ns3:cad>0</ns3:cad>
          </ns3:TrackPointExtension>
        </extensions>
      </trkpt>
      <trkpt lat="30.44905222021043300628662109375" lon="-84.23291374929249286651611328125">
        <ele>37.40000152587890625</ele>
        <time>2024-07-27T12:10:56.000Z</time>
        <extensions>
          <ns3:TrackPointExtension>
            <ns3:atemp>29.0</ns3:atemp>
            <ns3:hr>100</ns3:hr>
            <ns3:cad>46</ns3:cad>
          </ns3:TrackPointExtension>
        </extensions>
      </trkpt>
      <trkpt lat="30.4490132443606853485107421875" lon="-84.23293671570718288421630859375">
        <ele>37.200000762939453125</ele>
        <time>2024-07-27T12:10:59.000Z</time>
        <extensions>
          <ns3:TrackPointExtension>
            <ns3:atemp>29.0</ns3:atemp>
            <ns3:hr>101</ns3:hr>
            <ns3:cad>48</ns3:cad>
          </ns3:TrackPointExtension>
        </extensions>
      </trkpt>
      <trkpt lat="30.448941327631473541259765625" lon="-84.2329828999936580657958984375">
        <ele>36.59999847412109375</ele>
        <time>2024-07-27T12:11:06.000Z</time>
        <extensions>
          <ns3:TrackPointExtension>
            <ns3:atemp>29.0</ns3:atemp>
            <ns3:hr>102</ns3:hr>
            <ns3:cad>51</ns3:cad>
          </ns3:TrackPointExtension>
        </extensions>
      </trkpt>
      <trkpt lat="30.4488593526184558868408203125" lon="-84.23305548727512359619140625">
        <ele>36</ele>
        <time>2024-07-27T12:11:12.000Z</time>
        <extensions>
          <ns3:TrackPointExtension>
            <ns3:atemp>29.0</ns3:atemp>
            <ns3:hr>104</ns3:hr>
            <ns3:cad>52</ns3:cad>
          </ns3:TrackPointExtension>
        </extensions>
      </trkpt>
      <trkpt lat="30.44881501235067844390869140625" lon="-84.2330680601298809051513671875">
        <ele>36.40000152587890625</ele>
        <time>2024-07-27T12:11:17.000Z</time>
        <extensions>
          <ns3:TrackPointExtension>
            <ns3:atemp>29.0</ns3:atemp>
            <ns3:hr>106</ns3:hr>
            <ns3:cad>51</ns3:cad>
          </ns3:TrackPointExtension>
        </extensions>
      </trkpt>
      <trkpt lat="30.448733456432819366455078125" lon="-84.23310779035091400146484375">
        <ele>36.200000762939453125</ele>
        <time>2024-07-27T12:11:24.000Z</time>
        <extensions>
          <ns3:TrackPointExtension>
            <ns3:atemp>29.0</ns3:atemp>
            <ns3:hr>108</ns3:hr>
            <ns3:cad>53</ns3:cad>
          </ns3:TrackPointExtension>
        </extensions>
      </trkpt>
      <trkpt lat="30.44861954636871814727783203125" lon="-84.2331367917358875274658203125">
        <ele>35.799999237060546875</ele>
        <time>2024-07-27T12:11:35.000Z</time>
        <extensions>
          <ns3:TrackPointExtension>
            <ns3:atemp>29.0</ns3:atemp>
            <ns3:hr>108</ns3:hr>
            <ns3:cad>52</ns3:cad>
          </ns3:TrackPointExtension>
        </extensions>
      </trkpt>
      <trkpt lat="30.448597334325313568115234375" lon="-84.2331491969525814056396484375">
        <ele>36</ele>
        <time>2024-07-27T12:11:38.000Z</time>
        <extensions>
          <ns3:TrackPointExtension>
            <ns3:atemp>29.0</ns3:atemp>
            <ns3:hr>108</ns3:hr>
            <ns3:cad>51</ns3:cad>
          </ns3:TrackPointExtension>
        </extensions>
      </trkpt>
      <trkpt lat="30.4485552571713924407958984375" lon="-84.23317526467144489288330078125">
        <ele>36</ele>
        <time>2024-07-27T12:11:43.000Z</time>
        <extensions>
          <ns3:TrackPointExtension>
            <ns3:atemp>29.0</ns3:atemp>
            <ns3:hr>108</ns3:hr>
            <ns3:cad>52</ns3:cad>
          </ns3:TrackPointExtension>
        </extensions>
      </trkpt>
      <trkpt lat="30.4484808258712291717529296875" lon="-84.2332095466554164886474609375">
        <ele>36</ele>
        <time>2024-07-27T12:11:50.000Z</time>
        <extensions>
          <ns3:TrackPointExtension>
            <ns3:atemp>29.0</ns3:atemp>
            <ns3:hr>108</ns3:hr>
            <ns3:cad>54</ns3:cad>
          </ns3:TrackPointExtension>
        </extensions>
      </trkpt>
      <trkpt lat="30.448434054851531982421875" lon="-84.233269393444061279296875">
        <ele>35.799999237060546875</ele>
        <time>2024-07-27T12:11:55.000Z</time>
        <extensions>
          <ns3:TrackPointExtension>
            <ns3:atemp>29.0</ns3:atemp>
            <ns3:hr>104</ns3:hr>
            <ns3:cad>50</ns3:cad>
          </ns3:TrackPointExtension>
        </extensions>
      </trkpt>
      <trkpt lat="30.44842022471129894256591796875" lon="-84.23328557051718235015869140625">
        <ele>35.799999237060546875</ele>
        <time>2024-07-27T12:11:56.000Z</time>
        <extensions>
          <ns3:TrackPointExtension>
            <ns3:atemp>29.0</ns3:atemp>
            <ns3:hr>107</ns3:hr>
            <ns3:cad>50</ns3:cad>
          </ns3:TrackPointExtension>
        </extensions>
      </trkpt>
      <trkpt lat="30.44838485307991504669189453125" lon="-84.233311302959918975830078125">
        <ele>35.799999237060546875</ele>
        <time>2024-07-27T12:11:59.000Z</time>
        <extensions>
          <ns3:TrackPointExtension>
            <ns3:atemp>29.0</ns3:atemp>
            <ns3:hr>104</ns3:hr>
            <ns3:cad>52</ns3:cad>
          </ns3:TrackPointExtension>
        </extensions>
      </trkpt>
      <trkpt lat="30.44837328605353832244873046875" lon="-84.23331960104405879974365234375">
        <ele>36</ele>
        <time>2024-07-27T12:12:00.000Z</time>
        <extensions>
          <ns3:TrackPointExtension>
            <ns3:atemp>29.0</ns3:atemp>
            <ns3:hr>108</ns3:hr>
            <ns3:cad>52</ns3:cad>
          </ns3:TrackPointExtension>
        </extensions>
      </trkpt>
      <trkpt lat="30.44834009371697902679443359375" lon="-84.23331440426409244537353515625">
        <ele>36</ele>
        <time>2024-07-27T12:12:07.000Z</time>
        <extensions>
          <ns3:TrackPointExtension>
            <ns3:atemp>29.0</ns3:atemp>
            <ns3:hr>105</ns3:hr>
            <ns3:cad>0</ns3:cad>
          </ns3:TrackPointExtension>
        </extensions>
      </trkpt>
      <trkpt lat="30.44834746979176998138427734375" lon="-84.23333586193621158599853515625">
        <ele>36</ele>
        <time>2024-07-27T12:12:09.000Z</time>
        <extensions>
          <ns3:TrackPointExtension>
            <ns3:atemp>29.0</ns3:atemp>
            <ns3:hr>106</ns3:hr>
            <ns3:cad>0</ns3:cad>
          </ns3:TrackPointExtension>
        </extensions>
      </trkpt>
      <trkpt lat="30.4483413510024547576904296875" lon="-84.23336419276893138885498046875">
        <ele>36.200000762939453125</ele>
        <time>2024-07-27T12:12:14.000Z</time>
        <extensions>
          <ns3:TrackPointExtension>
            <ns3:atemp>29.0</ns3:atemp>
            <ns3:hr>107</ns3:hr>
            <ns3:cad>0</ns3:cad>
          </ns3:TrackPointExtension>
        </extensions>
      </trkpt>
      <trkpt lat="30.448316372931003570556640625" lon="-84.23336888663470745086669921875">
        <ele>36.200000762939453125</ele>
        <time>2024-07-27T12:12:16.000Z</time>
        <extensions>
          <ns3:TrackPointExtension>
            <ns3:atemp>29.0</ns3:atemp>
            <ns3:hr>107</ns3:hr>
            <ns3:cad>0</ns3:cad>
          </ns3:TrackPointExtension>
        </extensions>
      </trkpt>
      <trkpt lat="30.4482484795153141021728515625" lon="-84.2334021627902984619140625">
        <ele>36</ele>
        <time>2024-07-27T12:12:23.000Z</time>
        <extensions>
          <ns3:TrackPointExtension>
            <ns3:atemp>29.0</ns3:atemp>
            <ns3:hr>104</ns3:hr>
            <ns3:cad>48</ns3:cad>
          </ns3:TrackPointExtension>
        </extensions>
      </trkpt>
      <trkpt lat="30.44824169017374515533447265625" lon="-84.233408868312835693359375">
        <ele>36</ele>
        <time>2024-07-27T12:12:24.000Z</time>
        <extensions>
          <ns3:TrackPointExtension>
            <ns3:atemp>29.0</ns3:atemp>
            <ns3:hr>104</ns3:hr>
            <ns3:cad>48</ns3:cad>
          </ns3:TrackPointExtension>
        </extensions>
      </trkpt>
      <trkpt lat="30.4481354914605617523193359375" lon="-84.23345991410315036773681640625">
        <ele>36.200000762939453125</ele>
        <time>2024-07-27T12:12:33.000Z</time>
        <extensions>
          <ns3:TrackPointExtension>
            <ns3:atemp>29.0</ns3:atemp>
            <ns3:hr>103</ns3:hr>
            <ns3:cad>52</ns3:cad>
          </ns3:TrackPointExtension>
        </extensions>
      </trkpt>
      <trkpt lat="30.44806248508393764495849609375" lon="-84.23348254524171352386474609375">
        <ele>36.200000762939453125</ele>
        <time>2024-07-27T12:12:40.000Z</time>
        <extensions>
          <ns3:TrackPointExtension>
            <ns3:atemp>29.0</ns3:atemp>
            <ns3:hr>102</ns3:hr>
            <ns3:cad>51</ns3:cad>
          </ns3:TrackPointExtension>
        </extensions>
      </trkpt>
      <trkpt lat="30.4480553604662418365478515625" lon="-84.23348103649914264678955078125">
        <ele>36.200000762939453125</ele>
        <time>2024-07-27T12:12:41.000Z</time>
        <extensions>
          <ns3:TrackPointExtension>
            <ns3:atemp>29.0</ns3:atemp>
            <ns3:hr>102</ns3:hr>
            <ns3:cad>51</ns3:cad>
          </ns3:TrackPointExtension>
        </extensions>
      </trkpt>
      <trkpt lat="30.44802258722484111785888671875" lon="-84.23349461518228054046630859375">
        <ele>36.200000762939453125</ele>
        <time>2024-07-27T12:12:44.000Z</time>
        <extensions>
          <ns3:TrackPointExtension>
            <ns3:atemp>29.0</ns3:atemp>
            <ns3:hr>102</ns3:hr>
            <ns3:cad>52</ns3:cad>
          </ns3:TrackPointExtension>
        </extensions>
      </trkpt>
      <trkpt lat="30.44795452617108821868896484375" lon="-84.2335277236998081207275390625">
        <ele>36.40000152587890625</ele>
        <time>2024-07-27T12:12:48.000Z</time>
        <extensions>
          <ns3:TrackPointExtension>
            <ns3:atemp>29.0</ns3:atemp>
            <ns3:hr>102</ns3:hr>
            <ns3:cad>53</ns3:cad>
          </ns3:TrackPointExtension>
        </extensions>
      </trkpt>
      <trkpt lat="30.4478287138044834136962890625" lon="-84.23360559158027172088623046875">
        <ele>36.40000152587890625</ele>
        <time>2024-07-27T12:12:57.000Z</time>
        <extensions>
          <ns3:TrackPointExtension>
            <ns3:atemp>29.0</ns3:atemp>
            <ns3:hr>104</ns3:hr>
            <ns3:cad>53</ns3:cad>
          </ns3:TrackPointExtension>
        </extensions>
      </trkpt>
      <trkpt lat="30.4477594792842864990234375" lon="-84.23365764319896697998046875">
        <ele>36.200000762939453125</ele>
        <time>2024-07-27T12:13:05.000Z</time>
        <extensions>
          <ns3:TrackPointExtension>
            <ns3:atemp>29.0</ns3:atemp>
            <ns3:hr>103</ns3:hr>
            <ns3:cad>52</ns3:cad>
          </ns3:TrackPointExtension>
        </extensions>
      </trkpt>
      <trkpt lat="30.44774950481951236724853515625" lon="-84.23367097042500972747802734375">
        <ele>36.200000762939453125</ele>
        <time>2024-07-27T12:13:09.000Z</time>
        <extensions>
          <ns3:TrackPointExtension>
            <ns3:atemp>29.0</ns3:atemp>
            <ns3:hr>103</ns3:hr>
            <ns3:cad>0</ns3:cad>
          </ns3:TrackPointExtension>
        </extensions>
      </trkpt>
      <trkpt lat="30.44775201939046382904052734375" lon="-84.2336628399789333343505859375">
        <ele>36.200000762939453125</ele>
        <time>2024-07-27T12:13:11.000Z</time>
        <extensions>
          <ns3:TrackPointExtension>
            <ns3:atemp>29.0</ns3:atemp>
            <ns3:hr>104</ns3:hr>
            <ns3:cad>0</ns3:cad>
          </ns3:TrackPointExtension>
        </extensions>
      </trkpt>
      <trkpt lat="30.44778051786124706268310546875" lon="-84.23365630209445953369140625">
        <ele>36</ele>
        <time>2024-07-27T12:13:24.000Z</time>
        <extensions>
          <ns3:TrackPointExtension>
            <ns3:atemp>29.0</ns3:atemp>
            <ns3:hr>107</ns3:hr>
            <ns3:cad>0</ns3:cad>
          </ns3:TrackPointExtension>
        </extensions>
      </trkpt>
      <trkpt lat="30.447778590023517608642578125" lon="-84.23365630209445953369140625">
        <ele>36.200000762939453125</ele>
        <time>2024-07-27T12:13:30.000Z</time>
        <extensions>
          <ns3:TrackPointExtension>
            <ns3:atemp>29.0</ns3:atemp>
            <ns3:hr>110</ns3:hr>
            <ns3:cad>0</ns3:cad>
          </ns3:TrackPointExtension>
        </extensions>
      </trkpt>
      <trkpt lat="30.44777490198612213134765625" lon="-84.23365219496190547943115234375">
        <ele>35.799999237060546875</ele>
        <time>2024-07-27T12:13:38.000Z</time>
        <extensions>
          <ns3:TrackPointExtension>
            <ns3:atemp>29.0</ns3:atemp>
            <ns3:hr>107</ns3:hr>
            <ns3:cad>0</ns3:cad>
          </ns3:TrackPointExtension>
        </extensions>
      </trkpt>
      <trkpt lat="30.44777431525290012359619140625" lon="-84.233651943504810333251953125">
        <ele>36</ele>
        <time>2024-07-27T12:13:43.000Z</time>
        <extensions>
          <ns3:TrackPointExtension>
            <ns3:atemp>29.0</ns3:atemp>
            <ns3:hr>104</ns3:hr>
            <ns3:cad>46</ns3:cad>
          </ns3:TrackPointExtension>
        </extensions>
      </trkpt>
      <trkpt lat="30.44772955588996410369873046875" lon="-84.23368622548878192901611328125">
        <ele>35.799999237060546875</ele>
        <time>2024-07-27T12:13:47.000Z</time>
        <extensions>
          <ns3:TrackPointExtension>
            <ns3:atemp>29.0</ns3:atemp>
            <ns3:hr>101</ns3:hr>
            <ns3:cad>46</ns3:cad>
          </ns3:TrackPointExtension>
        </extensions>
      </trkpt>
      <trkpt lat="30.44770776294171810150146484375" lon="-84.23370818607509136199951171875">
        <ele>35.799999237060546875</ele>
        <time>2024-07-27T12:13:49.000Z</time>
        <extensions>
          <ns3:TrackPointExtension>
            <ns3:atemp>29.0</ns3:atemp>
            <ns3:hr>100</ns3:hr>
            <ns3:cad>0</ns3:cad>
          </ns3:TrackPointExtension>
        </extensions>
      </trkpt>
      <trkpt lat="30.44767557643353939056396484375" lon="-84.23372494988143444061279296875">
        <ele>35.59999847412109375</ele>
        <time>2024-07-27T12:13:56.000Z</time>
        <extensions>
          <ns3:TrackPointExtension>
            <ns3:atemp>29.0</ns3:atemp>
            <ns3:hr>98</ns3:hr>
            <ns3:cad>0</ns3:cad>
          </ns3:TrackPointExtension>
        </extensions>
      </trkpt>
      <trkpt lat="30.44763618148863315582275390625" lon="-84.23373366706073284149169921875">
        <ele>35.799999237060546875</ele>
        <time>2024-07-27T12:14:03.000Z</time>
        <extensions>
          <ns3:TrackPointExtension>
            <ns3:atemp>29.0</ns3:atemp>
            <ns3:hr>98</ns3:hr>
            <ns3:cad>0</ns3:cad>
          </ns3:TrackPointExtension>
        </extensions>
      </trkpt>
      <trkpt lat="30.447558648884296417236328125" lon="-84.23377457074820995330810546875">
        <ele>35.799999237060546875</ele>
        <time>2024-07-27T12:14:09.000Z</time>
        <extensions>
          <ns3:TrackPointExtension>
            <ns3:atemp>29.0</ns3:atemp>
            <ns3:hr>95</ns3:hr>
            <ns3:cad>50</ns3:cad>
          </ns3:TrackPointExtension>
        </extensions>
      </trkpt>
      <trkpt lat="30.447547920048236846923828125" lon="-84.2337842099368572235107421875">
        <ele>35.799999237060546875</ele>
        <time>2024-07-27T12:14:10.000Z</time>
        <extensions>
          <ns3:TrackPointExtension>
            <ns3:atemp>29.0</ns3:atemp>
            <ns3:hr>98</ns3:hr>
            <ns3:cad>50</ns3:cad>
          </ns3:TrackPointExtension>
        </extensions>
      </trkpt>
      <trkpt lat="30.4475256241858005523681640625" lon="-84.2337865568697452545166015625">
        <ele>35.799999237060546875</ele>
        <time>2024-07-27T12:14:12.000Z</time>
        <extensions>
          <ns3:TrackPointExtension>
            <ns3:atemp>29.0</ns3:atemp>
            <ns3:hr>98</ns3:hr>
            <ns3:cad>49</ns3:cad>
          </ns3:TrackPointExtension>
        </extensions>
      </trkpt>
      <trkpt lat="30.4475132189691066741943359375" lon="-84.2337895743548870086669921875">
        <ele>35.59999847412109375</ele>
        <time>2024-07-27T12:14:15.000Z</time>
        <extensions>
          <ns3:TrackPointExtension>
            <ns3:atemp>29.0</ns3:atemp>
            <ns3:hr>98</ns3:hr>
            <ns3:cad>0</ns3:cad>
          </ns3:TrackPointExtension>
        </extensions>
      </trkpt>
      <trkpt lat="30.44752302579581737518310546875" lon="-84.2338019795715808868408203125">
        <ele>35.40000152587890625</ele>
        <time>2024-07-27T12:14:17.000Z</time>
        <extensions>
          <ns3:TrackPointExtension>
            <ns3:atemp>29.0</ns3:atemp>
            <ns3:hr>96</ns3:hr>
            <ns3:cad>0</ns3:cad>
          </ns3:TrackPointExtension>
        </extensions>
      </trkpt>
      <trkpt lat="30.44752688147127628326416015625" lon="-84.23380407504737377166748046875">
        <ele>35.200000762939453125</ele>
        <time>2024-07-27T12:14:18.000Z</time>
        <extensions>
          <ns3:TrackPointExtension>
            <ns3:atemp>29.0</ns3:atemp>
            <ns3:hr>97</ns3:hr>
            <ns3:cad>0</ns3:cad>
          </ns3:TrackPointExtension>
        </extensions>
      </trkpt>
      <trkpt lat="30.44752813875675201416015625" lon="-84.233798794448375701904296875">
        <ele>35.200000762939453125</ele>
        <time>2024-07-27T12:14:21.000Z</time>
        <extensions>
          <ns3:TrackPointExtension>
            <ns3:atemp>29.0</ns3:atemp>
            <ns3:hr>94</ns3:hr>
            <ns3:cad>0</ns3:cad>
          </ns3:TrackPointExtension>
        </extensions>
      </trkpt>
      <trkpt lat="30.4475276358425617218017578125" lon="-84.2338096909224987030029296875">
        <ele>35.59999847412109375</ele>
        <time>2024-07-27T12:14:27.000Z</time>
        <extensions>
          <ns3:TrackPointExtension>
            <ns3:atemp>29.0</ns3:atemp>
            <ns3:hr>96</ns3:hr>
            <ns3:cad>0</ns3:cad>
          </ns3:TrackPointExtension>
        </extensions>
      </trkpt>
      <trkpt lat="30.4475276358425617218017578125" lon="-84.2338096909224987030029296875">
        <ele>35.40000152587890625</ele>
        <time>2024-07-27T12:14:33.000Z</time>
        <extensions>
          <ns3:TrackPointExtension>
            <ns3:atemp>29.0</ns3:atemp>
            <ns3:hr>99</ns3:hr>
            <ns3:cad>0</ns3:cad>
          </ns3:TrackPointExtension>
        </extensions>
      </trkpt>
      <trkpt lat="30.44752143323421478271484375" lon="-84.233806841075420379638671875">
        <ele>35.40000152587890625</ele>
        <time>2024-07-27T12:14:37.000Z</time>
        <extensions>
          <ns3:TrackPointExtension>
            <ns3:atemp>29.0</ns3:atemp>
            <ns3:hr>102</ns3:hr>
            <ns3:cad>0</ns3:cad>
          </ns3:TrackPointExtension>
        </extensions>
      </trkpt>
      <trkpt lat="30.44747876934707164764404296875" lon="-84.233819581568241119384765625">
        <ele>35.59999847412109375</ele>
        <time>2024-07-27T12:14:41.000Z</time>
        <extensions>
          <ns3:TrackPointExtension>
            <ns3:atemp>29.0</ns3:atemp>
            <ns3:hr>104</ns3:hr>
            <ns3:cad>40</ns3:cad>
          </ns3:TrackPointExtension>
        </extensions>
      </trkpt>
      <trkpt lat="30.4474649392068386077880859375" lon="-84.23381321132183074951171875">
        <ele>35.40000152587890625</ele>
        <time>2024-07-27T12:14:47.000Z</time>
        <extensions>
          <ns3:TrackPointExtension>
            <ns3:atemp>29.0</ns3:atemp>
            <ns3:hr>106</ns3:hr>
            <ns3:cad>0</ns3:cad>
          </ns3:TrackPointExtension>
        </extensions>
      </trkpt>
      <trkpt lat="30.44746049679815769195556640625" lon="-84.23381195403635501861572265625">
        <ele>35.200000762939453125</ele>
        <time>2024-07-27T12:14:59.000Z</time>
        <extensions>
          <ns3:TrackPointExtension>
            <ns3:atemp>29.0</ns3:atemp>
            <ns3:hr>103</ns3:hr>
            <ns3:cad>0</ns3:cad>
          </ns3:TrackPointExtension>
        </extensions>
      </trkpt>
      <trkpt lat="30.44746049679815769195556640625" lon="-84.2338127084076404571533203125">
        <ele>35.200000762939453125</ele>
        <time>2024-07-27T12:15:01.000Z</time>
        <extensions>
          <ns3:TrackPointExtension>
            <ns3:atemp>29.0</ns3:atemp>
            <ns3:hr>101</ns3:hr>
            <ns3:cad>0</ns3:cad>
          </ns3:TrackPointExtension>
        </extensions>
      </trkpt>
      <trkpt lat="30.44746049679815769195556640625" lon="-84.233820252120494842529296875">
        <ele>35</ele>
        <time>2024-07-27T12:15:07.000Z</time>
        <extensions>
          <ns3:TrackPointExtension>
            <ns3:atemp>30.0</ns3:atemp>
            <ns3:hr>99</ns3:hr>
            <ns3:cad>0</ns3:cad>
          </ns3:TrackPointExtension>
        </extensions>
      </trkpt>
      <trkpt lat="30.44741624034941196441650390625" lon="-84.23387682996690273284912109375">
        <ele>35</ele>
        <time>2024-07-27T12:15:16.000Z</time>
        <extensions>
          <ns3:TrackPointExtension>
            <ns3:atemp>30.0</ns3:atemp>
            <ns3:hr>99</ns3:hr>
            <ns3:cad>20</ns3:cad>
          </ns3:TrackPointExtension>
        </extensions>
      </trkpt>
      <trkpt lat="30.447361506521701812744140625" lon="-84.23393282108008861541748046875">
        <ele>35</ele>
        <time>2024-07-27T12:15:23.000Z</time>
        <extensions>
          <ns3:TrackPointExtension>
            <ns3:atemp>30.0</ns3:atemp>
            <ns3:hr>101</ns3:hr>
            <ns3:cad>0</ns3:cad>
          </ns3:TrackPointExtension>
        </extensions>
      </trkpt>
      <trkpt lat="30.44738288037478923797607421875" lon="-84.233924858272075653076171875">
        <ele>35</ele>
        <time>2024-07-27T12:15:30.000Z</time>
        <extensions>
          <ns3:TrackPointExtension>
            <ns3:atemp>30.0</ns3:atemp>
            <ns3:hr>101</ns3:hr>
            <ns3:cad>0</ns3:cad>
          </ns3:TrackPointExtension>
        </extensions>
      </trkpt>
      <trkpt lat="30.44738891534507274627685546875" lon="-84.23392309807240962982177734375">
        <ele>34.799999237060546875</ele>
        <time>2024-07-27T12:15:41.000Z</time>
        <extensions>
          <ns3:TrackPointExtension>
            <ns3:atemp>30.0</ns3:atemp>
            <ns3:hr>101</ns3:hr>
            <ns3:cad>0</ns3:cad>
          </ns3:TrackPointExtension>
        </extensions>
      </trkpt>
      <trkpt lat="30.447355806827545166015625" lon="-84.23390583135187625885009765625">
        <ele>34</ele>
        <time>2024-07-27T12:16:10.000Z</time>
        <extensions>
          <ns3:TrackPointExtension>
            <ns3:atemp>30.0</ns3:atemp>
            <ns3:hr>100</ns3:hr>
            <ns3:cad>0</ns3:cad>
          </ns3:TrackPointExtension>
        </extensions>
      </trkpt>
      <trkpt lat="30.4473107121884822845458984375" lon="-84.23394036479294300079345703125">
        <ele>34.200000762939453125</ele>
        <time>2024-07-27T12:16:23.000Z</time>
        <extensions>
          <ns3:TrackPointExtension>
            <ns3:atemp>30.0</ns3:atemp>
            <ns3:hr>102</ns3:hr>
            <ns3:cad>0</ns3:cad>
          </ns3:TrackPointExtension>
        </extensions>
      </trkpt>
      <trkpt lat="30.4472865723073482513427734375" lon="-84.2339598946273326873779296875">
        <ele>34.200000762939453125</ele>
        <time>2024-07-27T12:16:29.000Z</time>
        <extensions>
          <ns3:TrackPointExtension>
            <ns3:atemp>30.0</ns3:atemp>
            <ns3:hr>101</ns3:hr>
            <ns3:cad>0</ns3:cad>
          </ns3:TrackPointExtension>
        </extensions>
      </trkpt>
      <trkpt lat="30.4472768492996692657470703125" lon="-84.2339320667088031768798828125">
        <ele>34.200000762939453125</ele>
        <time>2024-07-27T12:16:36.000Z</time>
        <extensions>
          <ns3:TrackPointExtension>
            <ns3:atemp>30.0</ns3:atemp>
            <ns3:hr>101</ns3:hr>
            <ns3:cad>0</ns3:cad>
          </ns3:TrackPointExtension>
        </extensions>
      </trkpt>
      <trkpt lat="30.4472181759774684906005859375" lon="-84.23394908197224140167236328125">
        <ele>34</ele>
        <time>2024-07-27T12:16:45.000Z</time>
        <extensions>
          <ns3:TrackPointExtension>
            <ns3:atemp>30.0</ns3:atemp>
            <ns3:hr>101</ns3:hr>
            <ns3:cad>0</ns3:cad>
          </ns3:TrackPointExtension>
        </extensions>
      </trkpt>
      <trkpt lat="30.447202585637569427490234375" lon="-84.23398847691714763641357421875">
        <ele>34.200000762939453125</ele>
        <time>2024-07-27T12:16:48.000Z</time>
        <extensions>
          <ns3:TrackPointExtension>
            <ns3:atemp>30.0</ns3:atemp>
            <ns3:hr>101</ns3:hr>
            <ns3:cad>48</ns3:cad>
          </ns3:TrackPointExtension>
        </extensions>
      </trkpt>
      <trkpt lat="30.44718188233673572540283203125" lon="-84.23404044471681118011474609375">
        <ele>34.59999847412109375</ele>
        <time>2024-07-27T12:16:52.000Z</time>
        <extensions>
          <ns3:TrackPointExtension>
            <ns3:atemp>30.0</ns3:atemp>
            <ns3:hr>101</ns3:hr>
            <ns3:cad>46</ns3:cad>
          </ns3:TrackPointExtension>
        </extensions>
      </trkpt>
      <trkpt lat="30.44709823094308376312255859375" lon="-84.23415653407573699951171875">
        <ele>34.40000152587890625</ele>
        <time>2024-07-27T12:17:02.000Z</time>
        <extensions>
          <ns3:TrackPointExtension>
            <ns3:atemp>30.0</ns3:atemp>
            <ns3:hr>102</ns3:hr>
            <ns3:cad>48</ns3:cad>
          </ns3:TrackPointExtension>
        </extensions>
      </trkpt>
      <trkpt lat="30.44703234918415546417236328125" lon="-84.234208501875400543212890625">
        <ele>34.200000762939453125</ele>
        <time>2024-07-27T12:17:09.000Z</time>
        <extensions>
          <ns3:TrackPointExtension>
            <ns3:atemp>30.0</ns3:atemp>
            <ns3:hr>103</ns3:hr>
            <ns3:cad>49</ns3:cad>
          </ns3:TrackPointExtension>
        </extensions>
      </trkpt>
      <trkpt lat="30.447026230394840240478515625" lon="-84.234215877950191497802734375">
        <ele>34.200000762939453125</ele>
        <time>2024-07-27T12:17:10.000Z</time>
        <extensions>
          <ns3:TrackPointExtension>
            <ns3:atemp>30.0</ns3:atemp>
            <ns3:hr>102</ns3:hr>
            <ns3:cad>49</ns3:cad>
          </ns3:TrackPointExtension>
        </extensions>
      </trkpt>
      <trkpt lat="30.4469797946512699127197265625" lon="-84.23428117297589778900146484375">
        <ele>34.40000152587890625</ele>
        <time>2024-07-27T12:17:18.000Z</time>
        <extensions>
          <ns3:TrackPointExtension>
            <ns3:atemp>30.0</ns3:atemp>
            <ns3:hr>104</ns3:hr>
            <ns3:cad>47</ns3:cad>
          </ns3:TrackPointExtension>
        </extensions>
      </trkpt>
      <trkpt lat="30.4469435848295688629150390625" lon="-84.2343409359455108642578125">
        <ele>34.40000152587890625</ele>
        <time>2024-07-27T12:17:23.000Z</time>
        <extensions>
          <ns3:TrackPointExtension>
            <ns3:atemp>30.0</ns3:atemp>
            <ns3:hr>103</ns3:hr>
            <ns3:cad>47</ns3:cad>
          </ns3:TrackPointExtension>
        </extensions>
      </trkpt>
      <trkpt lat="30.4469194449484348297119140625" lon="-84.23436583019793033599853515625">
        <ele>34.200000762939453125</ele>
        <time>2024-07-27T12:17:26.000Z</time>
        <extensions>
          <ns3:TrackPointExtension>
            <ns3:atemp>30.0</ns3:atemp>
            <ns3:hr>103</ns3:hr>
            <ns3:cad>49</ns3:cad>
          </ns3:TrackPointExtension>
        </extensions>
      </trkpt>
      <trkpt lat="30.44685247354209423065185546875" lon="-84.23440103419125080108642578125">
        <ele>33.799999237060546875</ele>
        <time>2024-07-27T12:17:33.000Z</time>
        <extensions>
          <ns3:TrackPointExtension>
            <ns3:atemp>30.0</ns3:atemp>
            <ns3:hr>104</ns3:hr>
            <ns3:cad>50</ns3:cad>
          </ns3:TrackPointExtension>
        </extensions>
      </trkpt>
      <trkpt lat="30.44682514853775501251220703125" lon="-84.2344242520630359649658203125">
        <ele>34</ele>
        <time>2024-07-27T12:17:38.000Z</time>
        <extensions>
          <ns3:TrackPointExtension>
            <ns3:atemp>30.0</ns3:atemp>
            <ns3:hr>104</ns3:hr>
            <ns3:cad>0</ns3:cad>
          </ns3:TrackPointExtension>
        </extensions>
      </trkpt>
      <trkpt lat="30.4468141682446002960205078125" lon="-84.23443171195685863494873046875">
        <ele>34</ele>
        <time>2024-07-27T12:17:40.000Z</time>
        <extensions>
          <ns3:TrackPointExtension>
            <ns3:atemp>30.0</ns3:atemp>
            <ns3:hr>104</ns3:hr>
            <ns3:cad>0</ns3:cad>
          </ns3:TrackPointExtension>
        </extensions>
      </trkpt>
      <trkpt lat="30.44680737890303134918212890625" lon="-84.23443573527038097381591796875">
        <ele>33.799999237060546875</ele>
        <time>2024-07-27T12:17:41.000Z</time>
        <extensions>
          <ns3:TrackPointExtension>
            <ns3:atemp>30.0</ns3:atemp>
            <ns3:hr>104</ns3:hr>
            <ns3:cad>0</ns3:cad>
          </ns3:TrackPointExtension>
        </extensions>
      </trkpt>
      <trkpt lat="30.44676932506263256072998046875" lon="-84.234470017254352569580078125">
        <ele>33.799999237060546875</ele>
        <time>2024-07-27T12:17:48.000Z</time>
        <extensions>
          <ns3:TrackPointExtension>
            <ns3:atemp>30.0</ns3:atemp>
            <ns3:hr>105</ns3:hr>
            <ns3:cad>0</ns3:cad>
          </ns3:TrackPointExtension>
        </extensions>
      </trkpt>
      <trkpt lat="30.44675155542790889739990234375" lon="-84.234470017254352569580078125">
        <ele>33.59999847412109375</ele>
        <time>2024-07-27T12:18:02.000Z</time>
        <extensions>
          <ns3:TrackPointExtension>
            <ns3:atemp>30.0</ns3:atemp>
            <ns3:hr>106</ns3:hr>
            <ns3:cad>0</ns3:cad>
          </ns3:TrackPointExtension>
        </extensions>
      </trkpt>
      <trkpt lat="30.44675071723759174346923828125" lon="-84.2344669997692108154296875">
        <ele>33.799999237060546875</ele>
        <time>2024-07-27T12:18:17.000Z</time>
        <extensions>
          <ns3:TrackPointExtension>
            <ns3:atemp>30.0</ns3:atemp>
            <ns3:hr>103</ns3:hr>
            <ns3:cad>0</ns3:cad>
          </ns3:TrackPointExtension>
        </extensions>
      </trkpt>
      <trkpt lat="30.44671677052974700927734375" lon="-84.2345120944082736968994140625">
        <ele>33.799999237060546875</ele>
        <time>2024-07-27T12:18:23.000Z</time>
        <extensions>
          <ns3:TrackPointExtension>
            <ns3:atemp>30.0</ns3:atemp>
            <ns3:hr>101</ns3:hr>
            <ns3:cad>0</ns3:cad>
          </ns3:TrackPointExtension>
        </extensions>
      </trkpt>
      <trkpt lat="30.44669405557215213775634765625" lon="-84.23453900031745433807373046875">
        <ele>33.799999237060546875</ele>
        <time>2024-07-27T12:18:26.000Z</time>
        <extensions>
          <ns3:TrackPointExtension>
            <ns3:atemp>30.0</ns3:atemp>
            <ns3:hr>101</ns3:hr>
            <ns3:cad>40</ns3:cad>
          </ns3:TrackPointExtension>
        </extensions>
      </trkpt>
      <trkpt lat="30.446653068065643310546875" lon="-84.23460253514349460601806640625">
        <ele>33.799999237060546875</ele>
        <time>2024-07-27T12:18:32.000Z</time>
        <extensions>
          <ns3:TrackPointExtension>
            <ns3:atemp>30.0</ns3:atemp>
            <ns3:hr>98</ns3:hr>
            <ns3:cad>47</ns3:cad>
          </ns3:TrackPointExtension>
        </extensions>
      </trkpt>
      <trkpt lat="30.44665063731372356414794921875" lon="-84.23461116850376129150390625">
        <ele>33.799999237060546875</ele>
        <time>2024-07-27T12:18:33.000Z</time>
        <extensions>
          <ns3:TrackPointExtension>
            <ns3:atemp>30.0</ns3:atemp>
            <ns3:hr>98</ns3:hr>
            <ns3:cad>45</ns3:cad>
          </ns3:TrackPointExtension>
        </extensions>
      </trkpt>
      <trkpt lat="30.446587018668651580810546875" lon="-84.23466171137988567352294921875">
        <ele>33.59999847412109375</ele>
        <time>2024-07-27T12:18:42.000Z</time>
        <extensions>
          <ns3:TrackPointExtension>
            <ns3:atemp>30.0</ns3:atemp>
            <ns3:hr>97</ns3:hr>
            <ns3:cad>50</ns3:cad>
          </ns3:TrackPointExtension>
        </extensions>
      </trkpt>
      <trkpt lat="30.4465328715741634368896484375" lon="-84.2347310297191143035888671875">
        <ele>33.799999237060546875</ele>
        <time>2024-07-27T12:18:49.000Z</time>
        <extensions>
          <ns3:TrackPointExtension>
            <ns3:atemp>30.0</ns3:atemp>
            <ns3:hr>99</ns3:hr>
            <ns3:cad>0</ns3:cad>
          </ns3:TrackPointExtension>
        </extensions>
      </trkpt>
      <trkpt lat="30.44650445692241191864013671875" lon="-84.23473966307938098907470703125">
        <ele>33.799999237060546875</ele>
        <time>2024-07-27T12:18:52.000Z</time>
        <extensions>
          <ns3:TrackPointExtension>
            <ns3:atemp>30.0</ns3:atemp>
            <ns3:hr>96</ns3:hr>
            <ns3:cad>0</ns3:cad>
          </ns3:TrackPointExtension>
        </extensions>
      </trkpt>
      <trkpt lat="30.4464668221771717071533203125" lon="-84.23474737443029880523681640625">
        <ele>34</ele>
        <time>2024-07-27T12:18:57.000Z</time>
        <extensions>
          <ns3:TrackPointExtension>
            <ns3:atemp>30.0</ns3:atemp>
            <ns3:hr>98</ns3:hr>
            <ns3:cad>44</ns3:cad>
          </ns3:TrackPointExtension>
        </extensions>
      </trkpt>
      <trkpt lat="30.44642130844295024871826171875" lon="-84.234763048589229583740234375">
        <ele>34</ele>
        <time>2024-07-27T12:19:02.000Z</time>
        <extensions>
          <ns3:TrackPointExtension>
            <ns3:atemp>30.0</ns3:atemp>
            <ns3:hr>102</ns3:hr>
            <ns3:cad>41</ns3:cad>
          </ns3:TrackPointExtension>
        </extensions>
      </trkpt>
      <trkpt lat="30.4464078135788440704345703125" lon="-84.23476631753146648406982421875">
        <ele>34</ele>
        <time>2024-07-27T12:19:04.000Z</time>
        <extensions>
          <ns3:TrackPointExtension>
            <ns3:atemp>30.0</ns3:atemp>
            <ns3:hr>103</ns3:hr>
            <ns3:cad>41</ns3:cad>
          </ns3:TrackPointExtension>
        </extensions>
      </trkpt>
      <trkpt lat="30.44640270061790943145751953125" lon="-84.234773106873035430908203125">
        <ele>34</ele>
        <time>2024-07-27T12:19:05.000Z</time>
        <extensions>
          <ns3:TrackPointExtension>
            <ns3:atemp>30.0</ns3:atemp>
            <ns3:hr>103</ns3:hr>
            <ns3:cad>41</ns3:cad>
          </ns3:TrackPointExtension>
        </extensions>
      </trkpt>
      <trkpt lat="30.4463716037571430206298828125" lon="-84.2348225601017475128173828125">
        <ele>34.200000762939453125</ele>
        <time>2024-07-27T12:19:10.000Z</time>
        <extensions>
          <ns3:TrackPointExtension>
            <ns3:atemp>30.0</ns3:atemp>
            <ns3:hr>105</ns3:hr>
            <ns3:cad>45</ns3:cad>
          </ns3:TrackPointExtension>
        </extensions>
      </trkpt>
      <trkpt lat="30.44635660015046596527099609375" lon="-84.23485256731510162353515625">
        <ele>34.200000762939453125</ele>
        <time>2024-07-27T12:19:12.000Z</time>
        <extensions>
          <ns3:TrackPointExtension>
            <ns3:atemp>30.0</ns3:atemp>
            <ns3:hr>108</ns3:hr>
            <ns3:cad>44</ns3:cad>
          </ns3:TrackPointExtension>
        </extensions>
      </trkpt>
      <trkpt lat="30.44634972698986530303955078125" lon="-84.23486690036952495574951171875">
        <ele>34.200000762939453125</ele>
        <time>2024-07-27T12:19:13.000Z</time>
        <extensions>
          <ns3:TrackPointExtension>
            <ns3:atemp>30.0</ns3:atemp>
            <ns3:hr>112</ns3:hr>
            <ns3:cad>44</ns3:cad>
          </ns3:TrackPointExtension>
        </extensions>
      </trkpt>
      <trkpt lat="30.4463357292115688323974609375" lon="-84.2348953150212764739990234375">
        <ele>34.200000762939453125</ele>
        <time>2024-07-27T12:19:15.000Z</time>
        <extensions>
          <ns3:TrackPointExtension>
            <ns3:atemp>30.0</ns3:atemp>
            <ns3:hr>116</ns3:hr>
            <ns3:cad>47</ns3:cad>
          </ns3:TrackPointExtension>
        </extensions>
      </trkpt>
      <trkpt lat="30.4463115893304347991943359375" lon="-84.23492255620658397674560546875">
        <ele>34.40000152587890625</ele>
        <time>2024-07-27T12:19:17.000Z</time>
        <extensions>
          <ns3:TrackPointExtension>
            <ns3:atemp>30.0</ns3:atemp>
            <ns3:hr>120</ns3:hr>
            <ns3:cad>49</ns3:cad>
          </ns3:TrackPointExtension>
        </extensions>
      </trkpt>
      <trkpt lat="30.446299016475677490234375" lon="-84.23493127338588237762451171875">
        <ele>34.40000152587890625</ele>
        <time>2024-07-27T12:19:18.000Z</time>
        <extensions>
          <ns3:TrackPointExtension>
            <ns3:atemp>30.0</ns3:atemp>
            <ns3:hr>121</ns3:hr>
            <ns3:cad>49</ns3:cad>
          </ns3:TrackPointExtension>
        </extensions>
      </trkpt>
      <trkpt lat="30.44628250412642955780029296875" lon="-84.2349523119628429412841796875">
        <ele>34.40000152587890625</ele>
        <time>2024-07-27T12:19:20.000Z</time>
        <extensions>
          <ns3:TrackPointExtension>
            <ns3:atemp>30.0</ns3:atemp>
            <ns3:hr>126</ns3:hr>
            <ns3:cad>48</ns3:cad>
          </ns3:TrackPointExtension>
        </extensions>
      </trkpt>
      <trkpt lat="30.44627630151808261871337890625" lon="-84.23495717346668243408203125">
        <ele>34.40000152587890625</ele>
        <time>2024-07-27T12:19:21.000Z</time>
        <extensions>
          <ns3:TrackPointExtension>
            <ns3:atemp>30.0</ns3:atemp>
            <ns3:hr>126</ns3:hr>
            <ns3:cad>48</ns3:cad>
          </ns3:TrackPointExtension>
        </extensions>
      </trkpt>
      <trkpt lat="30.44627261348068714141845703125" lon="-84.23496379517018795013427734375">
        <ele>34.40000152587890625</ele>
        <time>2024-07-27T12:19:23.000Z</time>
        <extensions>
          <ns3:TrackPointExtension>
            <ns3:atemp>30.0</ns3:atemp>
            <ns3:hr>129</ns3:hr>
            <ns3:cad>49</ns3:cad>
          </ns3:TrackPointExtension>
        </extensions>
      </trkpt>
      <trkpt lat="30.44627211056649684906005859375" lon="-84.23496530391275882720947265625">
        <ele>34.40000152587890625</ele>
        <time>2024-07-27T12:19:24.000Z</time>
        <extensions>
          <ns3:TrackPointExtension>
            <ns3:atemp>30.0</ns3:atemp>
            <ns3:hr>128</ns3:hr>
            <ns3:cad>0</ns3:cad>
          </ns3:TrackPointExtension>
        </extensions>
      </trkpt>
      <trkpt lat="30.44627613388001918792724609375" lon="-84.23496010713279247283935546875">
        <ele>34.40000152587890625</ele>
        <time>2024-07-27T12:19:25.000Z</time>
        <extensions>
          <ns3:TrackPointExtension>
            <ns3:atemp>30.0</ns3:atemp>
            <ns3:hr>128</ns3:hr>
            <ns3:cad>0</ns3:cad>
          </ns3:TrackPointExtension>
        </extensions>
      </trkpt>
      <trkpt lat="30.4462857730686664581298828125" lon="-84.23495725728571414947509765625">
        <ele>34.40000152587890625</ele>
        <time>2024-07-27T12:19:28.000Z</time>
        <extensions>
          <ns3:TrackPointExtension>
            <ns3:atemp>30.0</ns3:atemp>
            <ns3:hr>125</ns3:hr>
            <ns3:cad>0</ns3:cad>
          </ns3:TrackPointExtension>
        </extensions>
      </trkpt>
      <trkpt lat="30.44627822935581207275390625" lon="-84.23496723175048828125">
        <ele>34.40000152587890625</ele>
        <time>2024-07-27T12:19:29.000Z</time>
        <extensions>
          <ns3:TrackPointExtension>
            <ns3:atemp>30.0</ns3:atemp>
            <ns3:hr>124</ns3:hr>
            <ns3:cad>0</ns3:cad>
          </ns3:TrackPointExtension>
        </extensions>
      </trkpt>
      <trkpt lat="30.44626875780522823333740234375" lon="-84.23498223535716533660888671875">
        <ele>34.40000152587890625</ele>
        <time>2024-07-27T12:19:30.000Z</time>
        <extensions>
          <ns3:TrackPointExtension>
            <ns3:atemp>30.0</ns3:atemp>
            <ns3:hr>124</ns3:hr>
            <ns3:cad>0</ns3:cad>
          </ns3:TrackPointExtension>
        </extensions>
      </trkpt>
      <trkpt lat="30.44627563096582889556884765625" lon="-84.2349952273070812225341796875">
        <ele>34.40000152587890625</ele>
        <time>2024-07-27T12:19:33.000Z</time>
        <extensions>
          <ns3:TrackPointExtension>
            <ns3:atemp>30.0</ns3:atemp>
            <ns3:hr>121</ns3:hr>
            <ns3:cad>0</ns3:cad>
          </ns3:TrackPointExtension>
        </extensions>
      </trkpt>
      <trkpt lat="30.44626490212976932525634765625" lon="-84.23498743213713169097900390625">
        <ele>34.59999847412109375</ele>
        <time>2024-07-27T12:19:35.000Z</time>
        <extensions>
          <ns3:TrackPointExtension>
            <ns3:atemp>30.0</ns3:atemp>
            <ns3:hr>120</ns3:hr>
            <ns3:cad>0</ns3:cad>
          </ns3:TrackPointExtension>
        </extensions>
      </trkpt>
      <trkpt lat="30.446250401437282562255859375" lon="-84.234983660280704498291015625">
        <ele>34.59999847412109375</ele>
        <time>2024-07-27T12:19:38.000Z</time>
        <extensions>
          <ns3:TrackPointExtension>
            <ns3:atemp>30.0</ns3:atemp>
            <ns3:hr>117</ns3:hr>
            <ns3:cad>0</ns3:cad>
          </ns3:TrackPointExtension>
        </extensions>
      </trkpt>
      <trkpt lat="30.4462505690753459930419921875" lon="-84.2349873483180999755859375">
        <ele>34.200000762939453125</ele>
        <time>2024-07-27T12:19:42.000Z</time>
        <extensions>
          <ns3:TrackPointExtension>
            <ns3:atemp>30.0</ns3:atemp>
            <ns3:hr>114</ns3:hr>
            <ns3:cad>0</ns3:cad>
          </ns3:TrackPointExtension>
        </extensions>
      </trkpt>
      <trkpt lat="30.4462505690753459930419921875" lon="-84.2349873483180999755859375">
        <ele>34.40000152587890625</ele>
        <time>2024-07-27T12:19:43.000Z</time>
        <extensions>
          <ns3:TrackPointExtension>
            <ns3:atemp>30.0</ns3:atemp>
            <ns3:hr>114</ns3:hr>
            <ns3:cad>0</ns3:cad>
          </ns3:TrackPointExtension>
        </extensions>
      </trkpt>
      <trkpt lat="30.4463136009871959686279296875" lon="-84.23496178351342678070068359375">
        <ele>34.200000762939453125</ele>
        <time>2024-07-27T12:19:54.000Z</time>
        <extensions>
          <ns3:TrackPointExtension>
            <ns3:atemp>30.0</ns3:atemp>
            <ns3:hr>112</ns3:hr>
            <ns3:cad>0</ns3:cad>
          </ns3:TrackPointExtension>
        </extensions>
      </trkpt>
      <trkpt lat="30.44636263512074947357177734375" lon="-84.2349254898726940155029296875">
        <ele>34</ele>
        <time>2024-07-27T12:20:00.000Z</time>
        <extensions>
          <ns3:TrackPointExtension>
            <ns3:atemp>30.0</ns3:atemp>
            <ns3:hr>109</ns3:hr>
            <ns3:cad>50</ns3:cad>
          </ns3:TrackPointExtension>
        </extensions>
      </trkpt>
      <trkpt lat="30.4463846795260906219482421875" lon="-84.2349174432456493377685546875">
        <ele>33.799999237060546875</ele>
        <time>2024-07-27T12:20:02.000Z</time>
        <extensions>
          <ns3:TrackPointExtension>
            <ns3:atemp>30.0</ns3:atemp>
            <ns3:hr>109</ns3:hr>
            <ns3:cad>49</ns3:cad>
          </ns3:TrackPointExtension>
        </extensions>
      </trkpt>
      <trkpt lat="30.44644997455179691314697265625" lon="-84.23489137552678585052490234375">
        <ele>33.799999237060546875</ele>
        <time>2024-07-27T12:20:09.000Z</time>
        <extensions>
          <ns3:TrackPointExtension>
            <ns3:atemp>30.0</ns3:atemp>
            <ns3:hr>108</ns3:hr>
            <ns3:cad>44</ns3:cad>
          </ns3:TrackPointExtension>
        </extensions>
      </trkpt>
      <trkpt lat="30.446459613740444183349609375" lon="-84.2348835803568363189697265625">
        <ele>33.799999237060546875</ele>
        <time>2024-07-27T12:20:10.000Z</time>
        <extensions>
          <ns3:TrackPointExtension>
            <ns3:atemp>30.0</ns3:atemp>
            <ns3:hr>107</ns3:hr>
            <ns3:cad>42</ns3:cad>
          </ns3:TrackPointExtension>
        </extensions>
      </trkpt>
      <trkpt lat="30.4464827477931976318359375" lon="-84.23487612046301364898681640625">
        <ele>33.59999847412109375</ele>
        <time>2024-07-27T12:20:14.000Z</time>
        <extensions>
          <ns3:TrackPointExtension>
            <ns3:atemp>30.0</ns3:atemp>
            <ns3:hr>106</ns3:hr>
            <ns3:cad>0</ns3:cad>
          </ns3:TrackPointExtension>
        </extensions>
      </trkpt>
      <trkpt lat="30.4465003497898578643798828125" lon="-84.2348617874085903167724609375">
        <ele>33.59999847412109375</ele>
        <time>2024-07-27T12:20:17.000Z</time>
        <extensions>
          <ns3:TrackPointExtension>
            <ns3:atemp>30.0</ns3:atemp>
            <ns3:hr>106</ns3:hr>
            <ns3:cad>0</ns3:cad>
          </ns3:TrackPointExtension>
        </extensions>
      </trkpt>
      <trkpt lat="30.44651015661656856536865234375" lon="-84.2348503880202770233154296875">
        <ele>33.200000762939453125</ele>
        <time>2024-07-27T12:20:20.000Z</time>
        <extensions>
          <ns3:TrackPointExtension>
            <ns3:atemp>30.0</ns3:atemp>
            <ns3:hr>105</ns3:hr>
            <ns3:cad>0</ns3:cad>
          </ns3:TrackPointExtension>
        </extensions>
      </trkpt>
      <trkpt lat="30.4464440234005451202392578125" lon="-84.23480068333446979522705078125">
        <ele>33.40000152587890625</ele>
        <time>2024-07-27T12:20:32.000Z</time>
        <extensions>
          <ns3:TrackPointExtension>
            <ns3:atemp>30.0</ns3:atemp>
            <ns3:hr>103</ns3:hr>
            <ns3:cad>0</ns3:cad>
          </ns3:TrackPointExtension>
        </extensions>
      </trkpt>
      <trkpt lat="30.446424745023250579833984375" lon="-84.2347317002713680267333984375">
        <ele>33.59999847412109375</ele>
        <time>2024-07-27T12:20:38.000Z</time>
        <extensions>
          <ns3:TrackPointExtension>
            <ns3:atemp>30.0</ns3:atemp>
            <ns3:hr>102</ns3:hr>
            <ns3:cad>42</ns3:cad>
          </ns3:TrackPointExtension>
        </extensions>
      </trkpt>
      <trkpt lat="30.4464500583708286285400390625" lon="-84.234695993363857269287109375">
        <ele>33.59999847412109375</ele>
        <time>2024-07-27T12:20:46.000Z</time>
        <extensions>
          <ns3:TrackPointExtension>
            <ns3:atemp>30.0</ns3:atemp>
            <ns3:hr>102</ns3:hr>
            <ns3:cad>0</ns3:cad>
          </ns3:TrackPointExtension>
        </extensions>
      </trkpt>
      <trkpt lat="30.4464674927294254302978515625" lon="-84.23469389788806438446044921875">
        <ele>33.40000152587890625</ele>
        <time>2024-07-27T12:20:53.000Z</time>
        <extensions>
          <ns3:TrackPointExtension>
            <ns3:atemp>30.0</ns3:atemp>
            <ns3:hr>103</ns3:hr>
            <ns3:cad>0</ns3:cad>
          </ns3:TrackPointExtension>
        </extensions>
      </trkpt>
      <trkpt lat="30.44647478498518466949462890625" lon="-84.2346861027181148529052734375">
        <ele>33.200000762939453125</ele>
        <time>2024-07-27T12:20:57.000Z</time>
        <extensions>
          <ns3:TrackPointExtension>
            <ns3:atemp>30.0</ns3:atemp>
            <ns3:hr>100</ns3:hr>
            <ns3:cad>0</ns3:cad>
          </ns3:TrackPointExtension>
        </extensions>
      </trkpt>
      <trkpt lat="30.44646321795880794525146484375" lon="-84.23467285931110382080078125">
        <ele>33.200000762939453125</ele>
        <time>2024-07-27T12:21:04.000Z</time>
        <extensions>
          <ns3:TrackPointExtension>
            <ns3:atemp>30.0</ns3:atemp>
            <ns3:hr>98</ns3:hr>
            <ns3:cad>0</ns3:cad>
          </ns3:TrackPointExtension>
        </extensions>
      </trkpt>
      <trkpt lat="30.4464540816843509674072265625" lon="-84.234761036932468414306640625">
        <ele>33.200000762939453125</ele>
        <time>2024-07-27T12:21:36.000Z</time>
        <extensions>
          <ns3:TrackPointExtension>
            <ns3:atemp>30.0</ns3:atemp>
            <ns3:hr>98</ns3:hr>
            <ns3:cad>0</ns3:cad>
          </ns3:TrackPointExtension>
        </extensions>
      </trkpt>
      <trkpt lat="30.4464785568416118621826171875" lon="-84.2348108254373073577880859375">
        <ele>33</ele>
        <time>2024-07-27T12:21:42.000Z</time>
        <extensions>
          <ns3:TrackPointExtension>
            <ns3:atemp>30.0</ns3:atemp>
            <ns3:hr>99</ns3:hr>
            <ns3:cad>0</ns3:cad>
          </ns3:TrackPointExtension>
        </extensions>
      </trkpt>
      <trkpt lat="30.446491800248622894287109375" lon="-84.23481157980859279632568359375">
        <ele>33</ele>
        <time>2024-07-27T12:21:44.000Z</time>
        <extensions>
          <ns3:TrackPointExtension>
            <ns3:atemp>30.0</ns3:atemp>
            <ns3:hr>99</ns3:hr>
            <ns3:cad>0</ns3:cad>
          </ns3:TrackPointExtension>
        </extensions>
      </trkpt>
      <trkpt lat="30.446521304547786712646484375" lon="-84.23476665280759334564208984375">
        <ele>32.799999237060546875</ele>
        <time>2024-07-27T12:21:49.000Z</time>
        <extensions>
          <ns3:TrackPointExtension>
            <ns3:atemp>30.0</ns3:atemp>
            <ns3:hr>99</ns3:hr>
            <ns3:cad>0</ns3:cad>
          </ns3:TrackPointExtension>
        </extensions>
      </trkpt>
      <trkpt lat="30.44659095816314220428466796875" lon="-84.2347498051822185516357421875">
        <ele>33.799999237060546875</ele>
        <time>2024-07-27T12:21:55.000Z</time>
        <extensions>
          <ns3:TrackPointExtension>
            <ns3:atemp>30.0</ns3:atemp>
            <ns3:hr>100</ns3:hr>
            <ns3:cad>54</ns3:cad>
          </ns3:TrackPointExtension>
        </extensions>
      </trkpt>
      <trkpt lat="30.4466408304870128631591796875" lon="-84.2347290180623531341552734375">
        <ele>33.799999237060546875</ele>
        <time>2024-07-27T12:21:58.000Z</time>
        <extensions>
          <ns3:TrackPointExtension>
            <ns3:atemp>30.0</ns3:atemp>
            <ns3:hr>100</ns3:hr>
            <ns3:cad>55</ns3:cad>
          </ns3:TrackPointExtension>
        </extensions>
      </trkpt>
      <trkpt lat="30.44667075388133525848388671875" lon="-84.2347028665244579315185546875">
        <ele>33.799999237060546875</ele>
        <time>2024-07-27T12:22:02.000Z</time>
        <extensions>
          <ns3:TrackPointExtension>
            <ns3:atemp>30.0</ns3:atemp>
            <ns3:hr>99</ns3:hr>
            <ns3:cad>55</ns3:cad>
          </ns3:TrackPointExtension>
        </extensions>
      </trkpt>
      <trkpt lat="30.44670813716948032379150390625" lon="-84.23468668945133686065673828125">
        <ele>33.59999847412109375</ele>
        <time>2024-07-27T12:22:06.000Z</time>
        <extensions>
          <ns3:TrackPointExtension>
            <ns3:atemp>30.0</ns3:atemp>
            <ns3:hr>100</ns3:hr>
            <ns3:cad>47</ns3:cad>
          </ns3:TrackPointExtension>
        </extensions>
      </trkpt>
      <trkpt lat="30.4467273317277431488037109375" lon="-84.2346716858446598052978515625">
        <ele>33.40000152587890625</ele>
        <time>2024-07-27T12:22:08.000Z</time>
        <extensions>
          <ns3:TrackPointExtension>
            <ns3:atemp>30.0</ns3:atemp>
            <ns3:hr>101</ns3:hr>
            <ns3:cad>46</ns3:cad>
          </ns3:TrackPointExtension>
        </extensions>
      </trkpt>
      <trkpt lat="30.44675122015178203582763671875" lon="-84.23464058898389339447021484375">
        <ele>33.200000762939453125</ele>
        <time>2024-07-27T12:22:11.000Z</time>
        <extensions>
          <ns3:TrackPointExtension>
            <ns3:atemp>30.0</ns3:atemp>
            <ns3:hr>98</ns3:hr>
            <ns3:cad>47</ns3:cad>
          </ns3:TrackPointExtension>
        </extensions>
      </trkpt>
      <trkpt lat="30.446782819926738739013671875" lon="-84.23460270278155803680419921875">
        <ele>33.200000762939453125</ele>
        <time>2024-07-27T12:22:17.000Z</time>
        <extensions>
          <ns3:TrackPointExtension>
            <ns3:atemp>30.0</ns3:atemp>
            <ns3:hr>97</ns3:hr>
            <ns3:cad>44</ns3:cad>
          </ns3:TrackPointExtension>
        </extensions>
      </trkpt>
      <trkpt lat="30.4468292556703090667724609375" lon="-84.2345233261585235595703125">
        <ele>33</ele>
        <time>2024-07-27T12:22:25.000Z</time>
        <extensions>
          <ns3:TrackPointExtension>
            <ns3:atemp>30.0</ns3:atemp>
            <ns3:hr>99</ns3:hr>
            <ns3:cad>0</ns3:cad>
          </ns3:TrackPointExtension>
        </extensions>
      </trkpt>
      <trkpt lat="30.4468440078198909759521484375" lon="-84.23449851572513580322265625">
        <ele>33</ele>
        <time>2024-07-27T12:22:36.000Z</time>
        <extensions>
          <ns3:TrackPointExtension>
            <ns3:atemp>30.0</ns3:atemp>
            <ns3:hr>97</ns3:hr>
            <ns3:cad>0</ns3:cad>
          </ns3:TrackPointExtension>
        </extensions>
      </trkpt>
      <trkpt lat="30.44689136557281017303466796875" lon="-84.234460294246673583984375">
        <ele>33</ele>
        <time>2024-07-27T12:22:43.000Z</time>
        <extensions>
          <ns3:TrackPointExtension>
            <ns3:atemp>30.0</ns3:atemp>
            <ns3:hr>93</ns3:hr>
            <ns3:cad>44</ns3:cad>
          </ns3:TrackPointExtension>
        </extensions>
      </trkpt>
      <trkpt lat="30.44689647853374481201171875" lon="-84.23445316962897777557373046875">
        <ele>33</ele>
        <time>2024-07-27T12:22:44.000Z</time>
        <extensions>
          <ns3:TrackPointExtension>
            <ns3:atemp>30.0</ns3:atemp>
            <ns3:hr>96</ns3:hr>
            <ns3:cad>44</ns3:cad>
          </ns3:TrackPointExtension>
        </extensions>
      </trkpt>
      <trkpt lat="30.4469291679561138153076171875" lon="-84.23443204723298549652099609375">
        <ele>32.799999237060546875</ele>
        <time>2024-07-27T12:22:50.000Z</time>
        <extensions>
          <ns3:TrackPointExtension>
            <ns3:atemp>30.0</ns3:atemp>
            <ns3:hr>95</ns3:hr>
            <ns3:cad>43</ns3:cad>
          </ns3:TrackPointExtension>
        </extensions>
      </trkpt>
      <trkpt lat="30.4469502903521060943603515625" lon="-84.234411679208278656005859375">
        <ele>32.59999847412109375</ele>
        <time>2024-07-27T12:22:54.000Z</time>
        <extensions>
          <ns3:TrackPointExtension>
            <ns3:atemp>30.0</ns3:atemp>
            <ns3:hr>91</ns3:hr>
            <ns3:cad>0</ns3:cad>
          </ns3:TrackPointExtension>
        </extensions>
      </trkpt>
      <trkpt lat="30.4469714127480983734130859375" lon="-84.23440036363899707794189453125">
        <ele>32.59999847412109375</ele>
        <time>2024-07-27T12:22:56.000Z</time>
        <extensions>
          <ns3:TrackPointExtension>
            <ns3:atemp>30.0</ns3:atemp>
            <ns3:hr>94</ns3:hr>
            <ns3:cad>44</ns3:cad>
          </ns3:TrackPointExtension>
        </extensions>
      </trkpt>
      <trkpt lat="30.44698658399283885955810546875" lon="-84.23439147882163524627685546875">
        <ele>32.59999847412109375</ele>
        <time>2024-07-27T12:22:58.000Z</time>
        <extensions>
          <ns3:TrackPointExtension>
            <ns3:atemp>30.0</ns3:atemp>
            <ns3:hr>96</ns3:hr>
            <ns3:cad>0</ns3:cad>
          </ns3:TrackPointExtension>
        </extensions>
      </trkpt>
      <trkpt lat="30.44701742939651012420654296875" lon="-84.23437203280627727508544921875">
        <ele>33</ele>
        <time>2024-07-27T12:23:02.000Z</time>
        <extensions>
          <ns3:TrackPointExtension>
            <ns3:atemp>30.0</ns3:atemp>
            <ns3:hr>93</ns3:hr>
            <ns3:cad>49</ns3:cad>
          </ns3:TrackPointExtension>
        </extensions>
      </trkpt>
      <trkpt lat="30.44704659841954708099365234375" lon="-84.234368093311786651611328125">
        <ele>33</ele>
        <time>2024-07-27T12:23:05.000Z</time>
        <extensions>
          <ns3:TrackPointExtension>
            <ns3:atemp>30.0</ns3:atemp>
            <ns3:hr>93</ns3:hr>
            <ns3:cad>0</ns3:cad>
          </ns3:TrackPointExtension>
        </extensions>
      </trkpt>
      <trkpt lat="30.44710300862789154052734375" lon="-84.23431017436087131500244140625">
        <ele>33</ele>
        <time>2024-07-27T12:23:13.000Z</time>
        <extensions>
          <ns3:TrackPointExtension>
            <ns3:atemp>30.0</ns3:atemp>
            <ns3:hr>92</ns3:hr>
            <ns3:cad>48</ns3:cad>
          </ns3:TrackPointExtension>
        </extensions>
      </trkpt>
      <trkpt lat="30.44713511131703853607177734375" lon="-84.234278239309787750244140625">
        <ele>32.799999237060546875</ele>
        <time>2024-07-27T12:23:19.000Z</time>
        <extensions>
          <ns3:TrackPointExtension>
            <ns3:atemp>30.0</ns3:atemp>
            <ns3:hr>92</ns3:hr>
            <ns3:cad>44</ns3:cad>
          </ns3:TrackPointExtension>
        </extensions>
      </trkpt>
      <trkpt lat="30.447177775204181671142578125" lon="-84.2342535965144634246826171875">
        <ele>32.59999847412109375</ele>
        <time>2024-07-27T12:23:26.000Z</time>
        <extensions>
          <ns3:TrackPointExtension>
            <ns3:atemp>30.0</ns3:atemp>
            <ns3:hr>92</ns3:hr>
            <ns3:cad>0</ns3:cad>
          </ns3:TrackPointExtension>
        </extensions>
      </trkpt>
      <trkpt lat="30.44719286262989044189453125" lon="-84.23422115854918956756591796875">
        <ele>32.59999847412109375</ele>
        <time>2024-07-27T12:23:30.000Z</time>
        <extensions>
          <ns3:TrackPointExtension>
            <ns3:atemp>30.0</ns3:atemp>
            <ns3:hr>88</ns3:hr>
            <ns3:cad>43</ns3:cad>
          </ns3:TrackPointExtension>
        </extensions>
      </trkpt>
      <trkpt lat="30.44719378463923931121826171875" lon="-84.2342110164463520050048828125">
        <ele>32.59999847412109375</ele>
        <time>2024-07-27T12:23:31.000Z</time>
        <extensions>
          <ns3:TrackPointExtension>
            <ns3:atemp>30.0</ns3:atemp>
            <ns3:hr>90</ns3:hr>
            <ns3:cad>43</ns3:cad>
          </ns3:TrackPointExtension>
        </extensions>
      </trkpt>
      <trkpt lat="30.44721289537847042083740234375" lon="-84.234178327023983001708984375">
        <ele>32.59999847412109375</ele>
        <time>2024-07-27T12:23:36.000Z</time>
        <extensions>
          <ns3:TrackPointExtension>
            <ns3:atemp>30.0</ns3:atemp>
            <ns3:hr>92</ns3:hr>
            <ns3:cad>0</ns3:cad>
          </ns3:TrackPointExtension>
        </extensions>
      </trkpt>
      <trkpt lat="30.447211973369121551513671875" lon="-84.234173633158206939697265625">
        <ele>32.59999847412109375</ele>
        <time>2024-07-27T12:23:37.000Z</time>
        <extensions>
          <ns3:TrackPointExtension>
            <ns3:atemp>30.0</ns3:atemp>
            <ns3:hr>92</ns3:hr>
            <ns3:cad>0</ns3:cad>
          </ns3:TrackPointExtension>
        </extensions>
      </trkpt>
      <trkpt lat="30.44722563587129116058349609375" lon="-84.23415787518024444580078125">
        <ele>32.59999847412109375</ele>
        <time>2024-07-27T12:23:40.000Z</time>
        <extensions>
          <ns3:TrackPointExtension>
            <ns3:atemp>30.0</ns3:atemp>
            <ns3:hr>89</ns3:hr>
            <ns3:cad>0</ns3:cad>
          </ns3:TrackPointExtension>
        </extensions>
      </trkpt>
      <trkpt lat="30.44726536609232425689697265625" lon="-84.2341451346874237060546875">
        <ele>32.40000152587890625</ele>
        <time>2024-07-27T12:23:44.000Z</time>
        <extensions>
          <ns3:TrackPointExtension>
            <ns3:atemp>30.0</ns3:atemp>
            <ns3:hr>90</ns3:hr>
            <ns3:cad>43</ns3:cad>
          </ns3:TrackPointExtension>
        </extensions>
      </trkpt>
      <trkpt lat="30.44732336886227130889892578125" lon="-84.23411521129310131072998046875">
        <ele>32.200000762939453125</ele>
        <time>2024-07-27T12:23:49.000Z</time>
        <extensions>
          <ns3:TrackPointExtension>
            <ns3:atemp>30.0</ns3:atemp>
            <ns3:hr>90</ns3:hr>
            <ns3:cad>43</ns3:cad>
          </ns3:TrackPointExtension>
        </extensions>
      </trkpt>
      <trkpt lat="30.4473610036075115203857421875" lon="-84.234068691730499267578125">
        <ele>32.200000762939453125</ele>
        <time>2024-07-27T12:23:55.000Z</time>
        <extensions>
          <ns3:TrackPointExtension>
            <ns3:atemp>30.0</ns3:atemp>
            <ns3:hr>91</ns3:hr>
            <ns3:cad>42</ns3:cad>
          </ns3:TrackPointExtension>
        </extensions>
      </trkpt>
      <trkpt lat="30.44730459339916706085205078125" lon="-84.2340338230133056640625">
        <ele>32.200000762939453125</ele>
        <time>2024-07-27T12:24:00.000Z</time>
        <extensions>
          <ns3:TrackPointExtension>
            <ns3:atemp>30.0</ns3:atemp>
            <ns3:hr>91</ns3:hr>
            <ns3:cad>0</ns3:cad>
          </ns3:TrackPointExtension>
        </extensions>
      </trkpt>
      <trkpt lat="30.4473127238452434539794921875" lon="-84.2340289615094661712646484375">
        <ele>32.200000762939453125</ele>
        <time>2024-07-27T12:24:01.000Z</time>
        <extensions>
          <ns3:TrackPointExtension>
            <ns3:atemp>30.0</ns3:atemp>
            <ns3:hr>90</ns3:hr>
            <ns3:cad>0</ns3:cad>
          </ns3:TrackPointExtension>
        </extensions>
      </trkpt>
      <trkpt lat="30.44734968803822994232177734375" lon="-84.23402619548141956329345703125">
        <ele>32.200000762939453125</ele>
        <time>2024-07-27T12:24:08.000Z</time>
        <extensions>
          <ns3:TrackPointExtension>
            <ns3:atemp>30.0</ns3:atemp>
            <ns3:hr>92</ns3:hr>
            <ns3:cad>0</ns3:cad>
          </ns3:TrackPointExtension>
        </extensions>
      </trkpt>
      <trkpt lat="30.44743987731635570526123046875" lon="-84.2340202443301677703857421875">
        <ele>32</ele>
        <time>2024-07-27T12:24:15.000Z</time>
        <extensions>
          <ns3:TrackPointExtension>
            <ns3:atemp>30.0</ns3:atemp>
            <ns3:hr>90</ns3:hr>
            <ns3:cad>0</ns3:cad>
          </ns3:TrackPointExtension>
        </extensions>
      </trkpt>
      <trkpt lat="30.447464771568775177001953125" lon="-84.234003312885761260986328125">
        <ele>32</ele>
        <time>2024-07-27T12:24:19.000Z</time>
        <extensions>
          <ns3:TrackPointExtension>
            <ns3:atemp>30.0</ns3:atemp>
            <ns3:hr>89</ns3:hr>
            <ns3:cad>46</ns3:cad>
          </ns3:TrackPointExtension>
        </extensions>
      </trkpt>
      <trkpt lat="30.447500981390476226806640625" lon="-84.2339763231575489044189453125">
        <ele>31.799999237060546875</ele>
        <time>2024-07-27T12:24:23.000Z</time>
        <extensions>
          <ns3:TrackPointExtension>
            <ns3:atemp>30.0</ns3:atemp>
            <ns3:hr>88</ns3:hr>
            <ns3:cad>44</ns3:cad>
          </ns3:TrackPointExtension>
        </extensions>
      </trkpt>
      <trkpt lat="30.4475521109998226165771484375" lon="-84.2339236848056316375732421875">
        <ele>31.799999237060546875</ele>
        <time>2024-07-27T12:24:30.000Z</time>
        <extensions>
          <ns3:TrackPointExtension>
            <ns3:atemp>30.0</ns3:atemp>
            <ns3:hr>91</ns3:hr>
            <ns3:cad>46</ns3:cad>
          </ns3:TrackPointExtension>
        </extensions>
      </trkpt>
      <trkpt lat="30.44756091199815273284912109375" lon="-84.233915805816650390625">
        <ele>31.799999237060546875</ele>
        <time>2024-07-27T12:24:31.000Z</time>
        <extensions>
          <ns3:TrackPointExtension>
            <ns3:atemp>30.0</ns3:atemp>
            <ns3:hr>91</ns3:hr>
            <ns3:cad>47</ns3:cad>
          </ns3:TrackPointExtension>
        </extensions>
      </trkpt>
      <trkpt lat="30.44762327335774898529052734375" lon="-84.23389191739261150360107421875">
        <ele>31.799999237060546875</ele>
        <time>2024-07-27T12:24:37.000Z</time>
        <extensions>
          <ns3:TrackPointExtension>
            <ns3:atemp>30.0</ns3:atemp>
            <ns3:hr>92</ns3:hr>
            <ns3:cad>47</ns3:cad>
          </ns3:TrackPointExtension>
        </extensions>
      </trkpt>
      <trkpt lat="30.447713546454906463623046875" lon="-84.2338324896991252899169921875">
        <ele>31.799999237060546875</ele>
        <time>2024-07-27T12:24:48.000Z</time>
        <extensions>
          <ns3:TrackPointExtension>
            <ns3:atemp>30.0</ns3:atemp>
            <ns3:hr>94</ns3:hr>
            <ns3:cad>47</ns3:cad>
          </ns3:TrackPointExtension>
        </extensions>
      </trkpt>
      <trkpt lat="30.44778563082218170166015625" lon="-84.23377071507275104522705078125">
        <ele>31.799999237060546875</ele>
        <time>2024-07-27T12:24:57.000Z</time>
        <extensions>
          <ns3:TrackPointExtension>
            <ns3:atemp>30.0</ns3:atemp>
            <ns3:hr>93</ns3:hr>
            <ns3:cad>44</ns3:cad>
          </ns3:TrackPointExtension>
        </extensions>
      </trkpt>
      <trkpt lat="30.44782427139580249786376953125" lon="-84.233738444745540618896484375">
        <ele>31.6000003814697265625</ele>
        <time>2024-07-27T12:25:01.000Z</time>
        <extensions>
          <ns3:TrackPointExtension>
            <ns3:atemp>30.0</ns3:atemp>
            <ns3:hr>96</ns3:hr>
            <ns3:cad>47</ns3:cad>
          </ns3:TrackPointExtension>
        </extensions>
      </trkpt>
      <trkpt lat="30.4479078389704227447509765625" lon="-84.233671389520168304443359375">
        <ele>31.6000003814697265625</ele>
        <time>2024-07-27T12:25:09.000Z</time>
        <extensions>
          <ns3:TrackPointExtension>
            <ns3:atemp>30.0</ns3:atemp>
            <ns3:hr>96</ns3:hr>
            <ns3:cad>50</ns3:cad>
          </ns3:TrackPointExtension>
        </extensions>
      </trkpt>
      <trkpt lat="30.4479447193443775177001953125" lon="-84.23362587578594684600830078125">
        <ele>31.6000003814697265625</ele>
        <time>2024-07-27T12:25:14.000Z</time>
        <extensions>
          <ns3:TrackPointExtension>
            <ns3:atemp>30.0</ns3:atemp>
            <ns3:hr>99</ns3:hr>
            <ns3:cad>50</ns3:cad>
          </ns3:TrackPointExtension>
        </extensions>
      </trkpt>
      <trkpt lat="30.447987802326679229736328125" lon="-84.23361003398895263671875">
        <ele>31.6000003814697265625</ele>
        <time>2024-07-27T12:25:18.000Z</time>
        <extensions>
          <ns3:TrackPointExtension>
            <ns3:atemp>30.0</ns3:atemp>
            <ns3:hr>100</ns3:hr>
            <ns3:cad>50</ns3:cad>
          </ns3:TrackPointExtension>
        </extensions>
      </trkpt>
      <trkpt lat="30.44802443124353885650634765625" lon="-84.23358748666942119598388671875">
        <ele>31.6000003814697265625</ele>
        <time>2024-07-27T12:25:22.000Z</time>
        <extensions>
          <ns3:TrackPointExtension>
            <ns3:atemp>30.0</ns3:atemp>
            <ns3:hr>103</ns3:hr>
            <ns3:cad>49</ns3:cad>
          </ns3:TrackPointExtension>
        </extensions>
      </trkpt>
      <trkpt lat="30.44806030578911304473876953125" lon="-84.23356913030147552490234375">
        <ele>31.799999237060546875</ele>
        <time>2024-07-27T12:25:26.000Z</time>
        <extensions>
          <ns3:TrackPointExtension>
            <ns3:atemp>30.0</ns3:atemp>
            <ns3:hr>104</ns3:hr>
            <ns3:cad>47</ns3:cad>
          </ns3:TrackPointExtension>
        </extensions>
      </trkpt>
      <trkpt lat="30.448117889463901519775390625" lon="-84.23353149555623531341552734375">
        <ele>31.200000762939453125</ele>
        <time>2024-07-27T12:25:33.000Z</time>
        <extensions>
          <ns3:TrackPointExtension>
            <ns3:atemp>30.0</ns3:atemp>
            <ns3:hr>107</ns3:hr>
            <ns3:cad>48</ns3:cad>
          </ns3:TrackPointExtension>
        </extensions>
      </trkpt>
      <trkpt lat="30.4481281153857707977294921875" lon="-84.233527220785617828369140625">
        <ele>31.200000762939453125</ele>
        <time>2024-07-27T12:25:34.000Z</time>
        <extensions>
          <ns3:TrackPointExtension>
            <ns3:atemp>30.0</ns3:atemp>
            <ns3:hr>107</ns3:hr>
            <ns3:cad>48</ns3:cad>
          </ns3:TrackPointExtension>
        </extensions>
      </trkpt>
      <trkpt lat="30.44818930327892303466796875" lon="-84.23350752331316471099853515625">
        <ele>31</ele>
        <time>2024-07-27T12:25:40.000Z</time>
        <extensions>
          <ns3:TrackPointExtension>
            <ns3:atemp>30.0</ns3:atemp>
            <ns3:hr>108</ns3:hr>
            <ns3:cad>50</ns3:cad>
          </ns3:TrackPointExtension>
        </extensions>
      </trkpt>
      <trkpt lat="30.44820782728493213653564453125" lon="-84.2335045896470546722412109375">
        <ele>30.799999237060546875</ele>
        <time>2024-07-27T12:25:42.000Z</time>
        <extensions>
          <ns3:TrackPointExtension>
            <ns3:atemp>30.0</ns3:atemp>
            <ns3:hr>108</ns3:hr>
            <ns3:cad>50</ns3:cad>
          </ns3:TrackPointExtension>
        </extensions>
      </trkpt>
      <trkpt lat="30.44825560413300991058349609375" lon="-84.233475588262081146240234375">
        <ele>30.6000003814697265625</ele>
        <time>2024-07-27T12:25:47.000Z</time>
        <extensions>
          <ns3:TrackPointExtension>
            <ns3:atemp>30.0</ns3:atemp>
            <ns3:hr>108</ns3:hr>
            <ns3:cad>51</ns3:cad>
          </ns3:TrackPointExtension>
        </extensions>
      </trkpt>
      <trkpt lat="30.448273122310638427734375" lon="-84.233476929366588592529296875">
        <ele>30.6000003814697265625</ele>
        <time>2024-07-27T12:25:49.000Z</time>
        <extensions>
          <ns3:TrackPointExtension>
            <ns3:atemp>30.0</ns3:atemp>
            <ns3:hr>107</ns3:hr>
            <ns3:cad>0</ns3:cad>
          </ns3:TrackPointExtension>
        </extensions>
      </trkpt>
      <trkpt lat="30.44828879646956920623779296875" lon="-84.23342739231884479522705078125">
        <ele>30.6000003814697265625</ele>
        <time>2024-07-27T12:25:55.000Z</time>
        <extensions>
          <ns3:TrackPointExtension>
            <ns3:atemp>30.0</ns3:atemp>
            <ns3:hr>106</ns3:hr>
            <ns3:cad>0</ns3:cad>
          </ns3:TrackPointExtension>
        </extensions>
      </trkpt>
      <trkpt lat="30.448300279676914215087890625" lon="-84.233416579663753509521484375">
        <ele>30.6000003814697265625</ele>
        <time>2024-07-27T12:25:59.000Z</time>
        <extensions>
          <ns3:TrackPointExtension>
            <ns3:atemp>30.0</ns3:atemp>
            <ns3:hr>106</ns3:hr>
            <ns3:cad>0</ns3:cad>
          </ns3:TrackPointExtension>
        </extensions>
      </trkpt>
      <trkpt lat="30.44831947423517704010009765625" lon="-84.233413226902484893798828125">
        <ele>30.6000003814697265625</ele>
        <time>2024-07-27T12:26:02.000Z</time>
        <extensions>
          <ns3:TrackPointExtension>
            <ns3:atemp>30.0</ns3:atemp>
            <ns3:hr>105</ns3:hr>
            <ns3:cad>0</ns3:cad>
          </ns3:TrackPointExtension>
        </extensions>
      </trkpt>
      <trkpt lat="30.44837730936706066131591796875" lon="-84.2333822138607501983642578125">
        <ele>30.3999996185302734375</ele>
        <time>2024-07-27T12:26:10.000Z</time>
        <extensions>
          <ns3:TrackPointExtension>
            <ns3:atemp>30.0</ns3:atemp>
            <ns3:hr>105</ns3:hr>
            <ns3:cad>44</ns3:cad>
          </ns3:TrackPointExtension>
        </extensions>
      </trkpt>
      <trkpt lat="30.44845039956271648406982421875" lon="-84.23332370817661285400390625">
        <ele>30.6000003814697265625</ele>
        <time>2024-07-27T12:26:17.000Z</time>
        <extensions>
          <ns3:TrackPointExtension>
            <ns3:atemp>30.0</ns3:atemp>
            <ns3:hr>107</ns3:hr>
            <ns3:cad>0</ns3:cad>
          </ns3:TrackPointExtension>
        </extensions>
      </trkpt>
      <trkpt lat="30.44847755692899227142333984375" lon="-84.23331105150282382965087890625">
        <ele>30.6000003814697265625</ele>
        <time>2024-07-27T12:26:21.000Z</time>
        <extensions>
          <ns3:TrackPointExtension>
            <ns3:atemp>30.0</ns3:atemp>
            <ns3:hr>104</ns3:hr>
            <ns3:cad>45</ns3:cad>
          </ns3:TrackPointExtension>
        </extensions>
      </trkpt>
      <trkpt lat="30.4485331289470195770263671875" lon="-84.2332841455936431884765625">
        <ele>30.6000003814697265625</ele>
        <time>2024-07-27T12:26:27.000Z</time>
        <extensions>
          <ns3:TrackPointExtension>
            <ns3:atemp>30.0</ns3:atemp>
            <ns3:hr>105</ns3:hr>
            <ns3:cad>44</ns3:cad>
          </ns3:TrackPointExtension>
        </extensions>
      </trkpt>
      <trkpt lat="30.4485978372395038604736328125" lon="-84.23324835486710071563720703125">
        <ele>30.3999996185302734375</ele>
        <time>2024-07-27T12:26:36.000Z</time>
        <extensions>
          <ns3:TrackPointExtension>
            <ns3:atemp>30.0</ns3:atemp>
            <ns3:hr>102</ns3:hr>
            <ns3:cad>0</ns3:cad>
          </ns3:TrackPointExtension>
        </extensions>
      </trkpt>
      <trkpt lat="30.4486075602471828460693359375" lon="-84.23324349336326122283935546875">
        <ele>30.200000762939453125</ele>
        <time>2024-07-27T12:26:37.000Z</time>
        <extensions>
          <ns3:TrackPointExtension>
            <ns3:atemp>30.0</ns3:atemp>
            <ns3:hr>102</ns3:hr>
            <ns3:cad>0</ns3:cad>
          </ns3:TrackPointExtension>
        </extensions>
      </trkpt>
      <trkpt lat="30.4486846737563610076904296875" lon="-84.23320091329514980316162109375">
        <ele>30</ele>
        <time>2024-07-27T12:26:44.000Z</time>
        <extensions>
          <ns3:TrackPointExtension>
            <ns3:atemp>30.0</ns3:atemp>
            <ns3:hr>102</ns3:hr>
            <ns3:cad>47</ns3:cad>
          </ns3:TrackPointExtension>
        </extensions>
      </trkpt>
      <trkpt lat="30.44872130267322063446044921875" lon="-84.233175851404666900634765625">
        <ele>29.799999237060546875</ele>
        <time>2024-07-27T12:26:51.000Z</time>
        <extensions>
          <ns3:TrackPointExtension>
            <ns3:atemp>30.0</ns3:atemp>
            <ns3:hr>103</ns3:hr>
            <ns3:cad>0</ns3:cad>
          </ns3:TrackPointExtension>
        </extensions>
      </trkpt>
      <trkpt lat="30.44874711893498897552490234375" lon="-84.2331693135201930999755859375">
        <ele>29.799999237060546875</ele>
        <time>2024-07-27T12:26:54.000Z</time>
        <extensions>
          <ns3:TrackPointExtension>
            <ns3:atemp>30.0</ns3:atemp>
            <ns3:hr>102</ns3:hr>
            <ns3:cad>43</ns3:cad>
          </ns3:TrackPointExtension>
        </extensions>
      </trkpt>
      <trkpt lat="30.448813252151012420654296875" lon="-84.23313503153622150421142578125">
        <ele>30</ele>
        <time>2024-07-27T12:27:02.000Z</time>
        <extensions>
          <ns3:TrackPointExtension>
            <ns3:atemp>30.0</ns3:atemp>
            <ns3:hr>101</ns3:hr>
            <ns3:cad>44</ns3:cad>
          </ns3:TrackPointExtension>
        </extensions>
      </trkpt>
      <trkpt lat="30.4488489590585231781005859375" lon="-84.2331059463322162628173828125">
        <ele>29.799999237060546875</ele>
        <time>2024-07-27T12:27:07.000Z</time>
        <extensions>
          <ns3:TrackPointExtension>
            <ns3:atemp>30.0</ns3:atemp>
            <ns3:hr>104</ns3:hr>
            <ns3:cad>0</ns3:cad>
          </ns3:TrackPointExtension>
        </extensions>
      </trkpt>
      <trkpt lat="30.44887552969157695770263671875" lon="-84.2330838181078433990478515625">
        <ele>29.799999237060546875</ele>
        <time>2024-07-27T12:27:11.000Z</time>
        <extensions>
          <ns3:TrackPointExtension>
            <ns3:atemp>30.0</ns3:atemp>
            <ns3:hr>105</ns3:hr>
            <ns3:cad>45</ns3:cad>
          </ns3:TrackPointExtension>
        </extensions>
      </trkpt>
      <trkpt lat="30.44895867817103862762451171875" lon="-84.23305070959031581878662109375">
        <ele>30</ele>
        <time>2024-07-27T12:27:18.000Z</time>
        <extensions>
          <ns3:TrackPointExtension>
            <ns3:atemp>30.0</ns3:atemp>
            <ns3:hr>103</ns3:hr>
            <ns3:cad>49</ns3:cad>
          </ns3:TrackPointExtension>
        </extensions>
      </trkpt>
      <trkpt lat="30.44903017580509185791015625" lon="-84.23301659524440765380859375">
        <ele>30.200000762939453125</ele>
        <time>2024-07-27T12:27:24.000Z</time>
        <extensions>
          <ns3:TrackPointExtension>
            <ns3:atemp>30.0</ns3:atemp>
            <ns3:hr>100</ns3:hr>
            <ns3:cad>47</ns3:cad>
          </ns3:TrackPointExtension>
        </extensions>
      </trkpt>
      <trkpt lat="30.449040569365024566650390625" lon="-84.2330053634941577911376953125">
        <ele>30.200000762939453125</ele>
        <time>2024-07-27T12:27:25.000Z</time>
        <extensions>
          <ns3:TrackPointExtension>
            <ns3:atemp>30.0</ns3:atemp>
            <ns3:hr>103</ns3:hr>
            <ns3:cad>47</ns3:cad>
          </ns3:TrackPointExtension>
        </extensions>
      </trkpt>
      <trkpt lat="30.449076108634471893310546875" lon="-84.2329812236130237579345703125">
        <ele>30.200000762939453125</ele>
        <time>2024-07-27T12:27:28.000Z</time>
        <extensions>
          <ns3:TrackPointExtension>
            <ns3:atemp>30.0</ns3:atemp>
            <ns3:hr>103</ns3:hr>
            <ns3:cad>50</ns3:cad>
          </ns3:TrackPointExtension>
        </extensions>
      </trkpt>
      <trkpt lat="30.44908792711794376373291015625" lon="-84.23297577537596225738525390625">
        <ele>30.200000762939453125</ele>
        <time>2024-07-27T12:27:29.000Z</time>
        <extensions>
          <ns3:TrackPointExtension>
            <ns3:atemp>30.0</ns3:atemp>
            <ns3:hr>103</ns3:hr>
            <ns3:cad>50</ns3:cad>
          </ns3:TrackPointExtension>
        </extensions>
      </trkpt>
      <trkpt lat="30.4491476900875568389892578125" lon="-84.23295130021870136260986328125">
        <ele>30.6000003814697265625</ele>
        <time>2024-07-27T12:27:35.000Z</time>
        <extensions>
          <ns3:TrackPointExtension>
            <ns3:atemp>30.0</ns3:atemp>
            <ns3:hr>105</ns3:hr>
            <ns3:cad>45</ns3:cad>
          </ns3:TrackPointExtension>
        </extensions>
      </trkpt>
      <trkpt lat="30.44916696846485137939453125" lon="-84.232939146459102630615234375">
        <ele>30.799999237060546875</ele>
        <time>2024-07-27T12:27:37.000Z</time>
        <extensions>
          <ns3:TrackPointExtension>
            <ns3:atemp>30.0</ns3:atemp>
            <ns3:hr>106</ns3:hr>
            <ns3:cad>43</ns3:cad>
          </ns3:TrackPointExtension>
        </extensions>
      </trkpt>
      <trkpt lat="30.44918482191860675811767578125" lon="-84.2329354584217071533203125">
        <ele>30.799999237060546875</ele>
        <time>2024-07-27T12:27:39.000Z</time>
        <extensions>
          <ns3:TrackPointExtension>
            <ns3:atemp>30.0</ns3:atemp>
            <ns3:hr>108</ns3:hr>
            <ns3:cad>42</ns3:cad>
          </ns3:TrackPointExtension>
        </extensions>
      </trkpt>
      <trkpt lat="30.44919270090758800506591796875" lon="-84.23292850144207477569580078125">
        <ele>31</ele>
        <time>2024-07-27T12:27:40.000Z</time>
        <extensions>
          <ns3:TrackPointExtension>
            <ns3:atemp>30.0</ns3:atemp>
            <ns3:hr>109</ns3:hr>
            <ns3:cad>43</ns3:cad>
          </ns3:TrackPointExtension>
        </extensions>
      </trkpt>
      <trkpt lat="30.4491998255252838134765625" lon="-84.2329059541225433349609375">
        <ele>31</ele>
        <time>2024-07-27T12:27:44.000Z</time>
        <extensions>
          <ns3:TrackPointExtension>
            <ns3:atemp>30.0</ns3:atemp>
            <ns3:hr>111</ns3:hr>
            <ns3:cad>0</ns3:cad>
          </ns3:TrackPointExtension>
        </extensions>
      </trkpt>
      <trkpt lat="30.449210889637470245361328125" lon="-84.23290100879967212677001953125">
        <ele>31</ele>
        <time>2024-07-27T12:27:47.000Z</time>
        <extensions>
          <ns3:TrackPointExtension>
            <ns3:atemp>30.0</ns3:atemp>
            <ns3:hr>113</ns3:hr>
            <ns3:cad>0</ns3:cad>
          </ns3:TrackPointExtension>
        </extensions>
      </trkpt>
      <trkpt lat="30.44921499677002429962158203125" lon="-84.23287636600434780120849609375">
        <ele>31</ele>
        <time>2024-07-27T12:27:53.000Z</time>
        <extensions>
          <ns3:TrackPointExtension>
            <ns3:atemp>30.0</ns3:atemp>
            <ns3:hr>112</ns3:hr>
            <ns3:cad>0</ns3:cad>
          </ns3:TrackPointExtension>
        </extensions>
      </trkpt>
      <trkpt lat="30.44920393265783786773681640625" lon="-84.23287988640367984771728515625">
        <ele>31</ele>
        <time>2024-07-27T12:28:00.000Z</time>
        <extensions>
          <ns3:TrackPointExtension>
            <ns3:atemp>30.0</ns3:atemp>
            <ns3:hr>111</ns3:hr>
            <ns3:cad>0</ns3:cad>
          </ns3:TrackPointExtension>
        </extensions>
      </trkpt>
      <trkpt lat="30.44924181886017322540283203125" lon="-84.23285826109349727630615234375">
        <ele>30.3999996185302734375</ele>
        <time>2024-07-27T12:28:08.000Z</time>
        <extensions>
          <ns3:TrackPointExtension>
            <ns3:atemp>30.0</ns3:atemp>
            <ns3:hr>111</ns3:hr>
            <ns3:cad>54</ns3:cad>
          </ns3:TrackPointExtension>
        </extensions>
      </trkpt>
      <trkpt lat="30.44926679693162441253662109375" lon="-84.232842922210693359375">
        <ele>30.3999996185302734375</ele>
        <time>2024-07-27T12:28:10.000Z</time>
        <extensions>
          <ns3:TrackPointExtension>
            <ns3:atemp>30.0</ns3:atemp>
            <ns3:hr>111</ns3:hr>
            <ns3:cad>54</ns3:cad>
          </ns3:TrackPointExtension>
        </extensions>
      </trkpt>
      <trkpt lat="30.44931155629456043243408203125" lon="-84.232826493680477142333984375">
        <ele>30</ele>
        <time>2024-07-27T12:28:13.000Z</time>
        <extensions>
          <ns3:TrackPointExtension>
            <ns3:atemp>30.0</ns3:atemp>
            <ns3:hr>112</ns3:hr>
            <ns3:cad>52</ns3:cad>
          </ns3:TrackPointExtension>
        </extensions>
      </trkpt>
      <trkpt lat="30.44935212470591068267822265625" lon="-84.23282054252922534942626953125">
        <ele>29.799999237060546875</ele>
        <time>2024-07-27T12:28:16.000Z</time>
        <extensions>
          <ns3:TrackPointExtension>
            <ns3:atemp>30.0</ns3:atemp>
            <ns3:hr>111</ns3:hr>
            <ns3:cad>51</ns3:cad>
          </ns3:TrackPointExtension>
        </extensions>
      </trkpt>
      <trkpt lat="30.44942705892026424407958984375" lon="-84.23278919421136379241943359375">
        <ele>29.200000762939453125</ele>
        <time>2024-07-27T12:28:23.000Z</time>
        <extensions>
          <ns3:TrackPointExtension>
            <ns3:atemp>30.0</ns3:atemp>
            <ns3:hr>111</ns3:hr>
            <ns3:cad>0</ns3:cad>
          </ns3:TrackPointExtension>
        </extensions>
      </trkpt>
      <trkpt lat="30.4494246281683444976806640625" lon="-84.23278324306011199951171875">
        <ele>29.200000762939453125</ele>
        <time>2024-07-27T12:28:24.000Z</time>
        <extensions>
          <ns3:TrackPointExtension>
            <ns3:atemp>30.0</ns3:atemp>
            <ns3:hr>111</ns3:hr>
            <ns3:cad>0</ns3:cad>
          </ns3:TrackPointExtension>
        </extensions>
      </trkpt>
      <trkpt lat="30.4494222812354564666748046875" lon="-84.2327857576310634613037109375">
        <ele>29.6000003814697265625</ele>
        <time>2024-07-27T12:28:27.000Z</time>
        <extensions>
          <ns3:TrackPointExtension>
            <ns3:atemp>30.0</ns3:atemp>
            <ns3:hr>109</ns3:hr>
            <ns3:cad>0</ns3:cad>
          </ns3:TrackPointExtension>
        </extensions>
      </trkpt>
      <trkpt lat="30.44945002533495426177978515625" lon="-84.23278391361236572265625">
        <ele>29.6000003814697265625</ele>
        <time>2024-07-27T12:28:30.000Z</time>
        <extensions>
          <ns3:TrackPointExtension>
            <ns3:atemp>30.0</ns3:atemp>
            <ns3:hr>108</ns3:hr>
            <ns3:cad>0</ns3:cad>
          </ns3:TrackPointExtension>
        </extensions>
      </trkpt>
      <trkpt lat="30.44953308999538421630859375" lon="-84.2327589355409145355224609375">
        <ele>29.3999996185302734375</ele>
        <time>2024-07-27T12:28:37.000Z</time>
        <extensions>
          <ns3:TrackPointExtension>
            <ns3:atemp>30.0</ns3:atemp>
            <ns3:hr>109</ns3:hr>
            <ns3:cad>50</ns3:cad>
          </ns3:TrackPointExtension>
        </extensions>
      </trkpt>
      <trkpt lat="30.4495785199105739593505859375" lon="-84.232731945812702178955078125">
        <ele>29.3999996185302734375</ele>
        <time>2024-07-27T12:28:42.000Z</time>
        <extensions>
          <ns3:TrackPointExtension>
            <ns3:atemp>30.0</ns3:atemp>
            <ns3:hr>108</ns3:hr>
            <ns3:cad>47</ns3:cad>
          </ns3:TrackPointExtension>
        </extensions>
      </trkpt>
      <trkpt lat="30.44959587045013904571533203125" lon="-84.23271878622472286224365234375">
        <ele>29.200000762939453125</ele>
        <time>2024-07-27T12:28:45.000Z</time>
        <extensions>
          <ns3:TrackPointExtension>
            <ns3:atemp>30.0</ns3:atemp>
            <ns3:hr>110</ns3:hr>
            <ns3:cad>0</ns3:cad>
          </ns3:TrackPointExtension>
        </extensions>
      </trkpt>
      <trkpt lat="30.449607856571674346923828125" lon="-84.23270386643707752227783203125">
        <ele>29.200000762939453125</ele>
        <time>2024-07-27T12:28:47.000Z</time>
        <extensions>
          <ns3:TrackPointExtension>
            <ns3:atemp>30.0</ns3:atemp>
            <ns3:hr>106</ns3:hr>
            <ns3:cad>0</ns3:cad>
          </ns3:TrackPointExtension>
        </extensions>
      </trkpt>
      <trkpt lat="30.44962487183511257171630859375" lon="-84.23268735408782958984375">
        <ele>29.3999996185302734375</ele>
        <time>2024-07-27T12:28:51.000Z</time>
        <extensions>
          <ns3:TrackPointExtension>
            <ns3:atemp>30.0</ns3:atemp>
            <ns3:hr>106</ns3:hr>
            <ns3:cad>0</ns3:cad>
          </ns3:TrackPointExtension>
        </extensions>
      </trkpt>
      <trkpt lat="30.449630320072174072265625" lon="-84.23268190585076808929443359375">
        <ele>29.3999996185302734375</ele>
        <time>2024-07-27T12:28:52.000Z</time>
        <extensions>
          <ns3:TrackPointExtension>
            <ns3:atemp>30.0</ns3:atemp>
            <ns3:hr>107</ns3:hr>
            <ns3:cad>0</ns3:cad>
          </ns3:TrackPointExtension>
        </extensions>
      </trkpt>
      <trkpt lat="30.44962604530155658721923828125" lon="-84.2326633818447589874267578125">
        <ele>29.200000762939453125</ele>
        <time>2024-07-27T12:28:54.000Z</time>
        <extensions>
          <ns3:TrackPointExtension>
            <ns3:atemp>30.0</ns3:atemp>
            <ns3:hr>104</ns3:hr>
            <ns3:cad>0</ns3:cad>
          </ns3:TrackPointExtension>
        </extensions>
      </trkpt>
      <trkpt lat="30.449619926512241363525390625" lon="-84.2326553352177143096923828125">
        <ele>29.3999996185302734375</ele>
        <time>2024-07-27T12:28:55.000Z</time>
        <extensions>
          <ns3:TrackPointExtension>
            <ns3:atemp>30.0</ns3:atemp>
            <ns3:hr>108</ns3:hr>
            <ns3:cad>0</ns3:cad>
          </ns3:TrackPointExtension>
        </extensions>
      </trkpt>
      <trkpt lat="30.4496281407773494720458984375" lon="-84.232663549482822418212890625">
        <ele>29.6000003814697265625</ele>
        <time>2024-07-27T12:28:57.000Z</time>
        <extensions>
          <ns3:TrackPointExtension>
            <ns3:atemp>30.0</ns3:atemp>
            <ns3:hr>113</ns3:hr>
            <ns3:cad>0</ns3:cad>
          </ns3:TrackPointExtension>
        </extensions>
      </trkpt>
      <trkpt lat="30.4496308229863643646240234375" lon="-84.2326660640537738800048828125">
        <ele>29.6000003814697265625</ele>
        <time>2024-07-27T12:28:58.000Z</time>
        <extensions>
          <ns3:TrackPointExtension>
            <ns3:atemp>30.0</ns3:atemp>
            <ns3:hr>116</ns3:hr>
            <ns3:cad>0</ns3:cad>
          </ns3:TrackPointExtension>
        </extensions>
      </trkpt>
      <trkpt lat="30.44968119822442531585693359375" lon="-84.23264401964843273162841796875">
        <ele>29.799999237060546875</ele>
        <time>2024-07-27T12:29:06.000Z</time>
        <extensions>
          <ns3:TrackPointExtension>
            <ns3:atemp>30.0</ns3:atemp>
            <ns3:hr>113</ns3:hr>
            <ns3:cad>80</ns3:cad>
          </ns3:TrackPointExtension>
        </extensions>
      </trkpt>
      <trkpt lat="30.44969812966883182525634765625" lon="-84.23263329081237316131591796875">
        <ele>30</ele>
        <time>2024-07-27T12:29:08.000Z</time>
        <extensions>
          <ns3:TrackPointExtension>
            <ns3:atemp>30.0</ns3:atemp>
            <ns3:hr>113</ns3:hr>
            <ns3:cad>41</ns3:cad>
          </ns3:TrackPointExtension>
        </extensions>
      </trkpt>
      <trkpt lat="30.44973685406148433685302734375" lon="-84.232601858675479888916015625">
        <ele>29.6000003814697265625</ele>
        <time>2024-07-27T12:29:13.000Z</time>
        <extensions>
          <ns3:TrackPointExtension>
            <ns3:atemp>30.0</ns3:atemp>
            <ns3:hr>113</ns3:hr>
            <ns3:cad>45</ns3:cad>
          </ns3:TrackPointExtension>
        </extensions>
      </trkpt>
      <trkpt lat="30.449778847396373748779296875" lon="-84.2325597815215587615966796875">
        <ele>29.6000003814697265625</ele>
        <time>2024-07-27T12:29:19.000Z</time>
        <extensions>
          <ns3:TrackPointExtension>
            <ns3:atemp>30.0</ns3:atemp>
            <ns3:hr>113</ns3:hr>
            <ns3:cad>43</ns3:cad>
          </ns3:TrackPointExtension>
        </extensions>
      </trkpt>
      <trkpt lat="30.44980457983911037445068359375" lon="-84.23252969048917293548583984375">
        <ele>29.799999237060546875</ele>
        <time>2024-07-27T12:29:22.000Z</time>
        <extensions>
          <ns3:TrackPointExtension>
            <ns3:atemp>30.0</ns3:atemp>
            <ns3:hr>112</ns3:hr>
            <ns3:cad>0</ns3:cad>
          </ns3:TrackPointExtension>
        </extensions>
      </trkpt>
      <trkpt lat="30.44989208690822124481201171875" lon="-84.23246934078633785247802734375">
        <ele>29.799999237060546875</ele>
        <time>2024-07-27T12:29:33.000Z</time>
        <extensions>
          <ns3:TrackPointExtension>
            <ns3:atemp>30.0</ns3:atemp>
            <ns3:hr>110</ns3:hr>
            <ns3:cad>0</ns3:cad>
          </ns3:TrackPointExtension>
        </extensions>
      </trkpt>
      <trkpt lat="30.449911616742610931396484375" lon="-84.23245961777865886688232421875">
        <ele>29.799999237060546875</ele>
        <time>2024-07-27T12:29:37.000Z</time>
        <extensions>
          <ns3:TrackPointExtension>
            <ns3:atemp>30.0</ns3:atemp>
            <ns3:hr>107</ns3:hr>
            <ns3:cad>0</ns3:cad>
          </ns3:TrackPointExtension>
        </extensions>
      </trkpt>
      <trkpt lat="30.44994271360337734222412109375" lon="-84.232442267239093780517578125">
        <ele>29.3999996185302734375</ele>
        <time>2024-07-27T12:29:41.000Z</time>
        <extensions>
          <ns3:TrackPointExtension>
            <ns3:atemp>30.0</ns3:atemp>
            <ns3:hr>108</ns3:hr>
            <ns3:cad>0</ns3:cad>
          </ns3:TrackPointExtension>
        </extensions>
      </trkpt>
      <trkpt lat="30.44996601529419422149658203125" lon="-84.23243178986012935638427734375">
        <ele>29.3999996185302734375</ele>
        <time>2024-07-27T12:29:48.000Z</time>
        <extensions>
          <ns3:TrackPointExtension>
            <ns3:atemp>30.0</ns3:atemp>
            <ns3:hr>111</ns3:hr>
            <ns3:cad>0</ns3:cad>
          </ns3:TrackPointExtension>
        </extensions>
      </trkpt>
      <trkpt lat="30.44997163116931915283203125" lon="-84.23242810182273387908935546875">
        <ele>29.200000762939453125</ele>
        <time>2024-07-27T12:29:49.000Z</time>
        <extensions>
          <ns3:TrackPointExtension>
            <ns3:atemp>30.0</ns3:atemp>
            <ns3:hr>111</ns3:hr>
            <ns3:cad>0</ns3:cad>
          </ns3:TrackPointExtension>
        </extensions>
      </trkpt>
      <trkpt lat="30.4500251077115535736083984375" lon="-84.23240211792290210723876953125">
        <ele>29.200000762939453125</ele>
        <time>2024-07-27T12:29:56.000Z</time>
        <extensions>
          <ns3:TrackPointExtension>
            <ns3:atemp>30.0</ns3:atemp>
            <ns3:hr>112</ns3:hr>
            <ns3:cad>0</ns3:cad>
          </ns3:TrackPointExtension>
        </extensions>
      </trkpt>
      <trkpt lat="30.4500824399292469024658203125" lon="-84.2323757149279117584228515625">
        <ele>29.3999996185302734375</ele>
        <time>2024-07-27T12:30:04.000Z</time>
        <extensions>
          <ns3:TrackPointExtension>
            <ns3:atemp>30.0</ns3:atemp>
            <ns3:hr>109</ns3:hr>
            <ns3:cad>0</ns3:cad>
          </ns3:TrackPointExtension>
        </extensions>
      </trkpt>
      <trkpt lat="30.4501320607960224151611328125" lon="-84.2323398403823375701904296875">
        <ele>29</ele>
        <time>2024-07-27T12:30:12.000Z</time>
        <extensions>
          <ns3:TrackPointExtension>
            <ns3:atemp>30.0</ns3:atemp>
            <ns3:hr>112</ns3:hr>
            <ns3:cad>45</ns3:cad>
          </ns3:TrackPointExtension>
        </extensions>
      </trkpt>
      <trkpt lat="30.45013382099568843841552734375" lon="-84.23233925364911556243896484375">
        <ele>29.200000762939453125</ele>
        <time>2024-07-27T12:30:13.000Z</time>
        <extensions>
          <ns3:TrackPointExtension>
            <ns3:atemp>30.0</ns3:atemp>
            <ns3:hr>112</ns3:hr>
            <ns3:cad>43</ns3:cad>
          </ns3:TrackPointExtension>
        </extensions>
      </trkpt>
      <trkpt lat="30.45018210075795650482177734375" lon="-84.232308156788349151611328125">
        <ele>29.6000003814697265625</ele>
        <time>2024-07-27T12:30:20.000Z</time>
        <extensions>
          <ns3:TrackPointExtension>
            <ns3:atemp>30.0</ns3:atemp>
            <ns3:hr>112</ns3:hr>
            <ns3:cad>0</ns3:cad>
          </ns3:TrackPointExtension>
        </extensions>
      </trkpt>
      <trkpt lat="30.450290478765964508056640625" lon="-84.2322568595409393310546875">
        <ele>29.200000762939453125</ele>
        <time>2024-07-27T12:30:32.000Z</time>
        <extensions>
          <ns3:TrackPointExtension>
            <ns3:atemp>30.0</ns3:atemp>
            <ns3:hr>113</ns3:hr>
            <ns3:cad>0</ns3:cad>
          </ns3:TrackPointExtension>
        </extensions>
      </trkpt>
      <trkpt lat="30.4503815062344074249267578125" lon="-84.23222006298601627349853515625">
        <ele>29.200000762939453125</ele>
        <time>2024-07-27T12:30:42.000Z</time>
        <extensions>
          <ns3:TrackPointExtension>
            <ns3:atemp>30.0</ns3:atemp>
            <ns3:hr>114</ns3:hr>
            <ns3:cad>0</ns3:cad>
          </ns3:TrackPointExtension>
        </extensions>
      </trkpt>
      <trkpt lat="30.45038402080535888671875" lon="-84.23221486620604991912841796875">
        <ele>29.200000762939453125</ele>
        <time>2024-07-27T12:30:44.000Z</time>
        <extensions>
          <ns3:TrackPointExtension>
            <ns3:atemp>30.0</ns3:atemp>
            <ns3:hr>114</ns3:hr>
            <ns3:cad>0</ns3:cad>
          </ns3:TrackPointExtension>
        </extensions>
      </trkpt>
      <trkpt lat="30.4503905586898326873779296875" lon="-84.2322193086147308349609375">
        <ele>29.200000762939453125</ele>
        <time>2024-07-27T12:30:46.000Z</time>
        <extensions>
          <ns3:TrackPointExtension>
            <ns3:atemp>30.0</ns3:atemp>
            <ns3:hr>114</ns3:hr>
            <ns3:cad>0</ns3:cad>
          </ns3:TrackPointExtension>
        </extensions>
      </trkpt>
      <trkpt lat="30.4503939114511013031005859375" lon="-84.23221905715763568878173828125">
        <ele>29.200000762939453125</ele>
        <time>2024-07-27T12:30:47.000Z</time>
        <extensions>
          <ns3:TrackPointExtension>
            <ns3:atemp>30.0</ns3:atemp>
            <ns3:hr>115</ns3:hr>
            <ns3:cad>0</ns3:cad>
          </ns3:TrackPointExtension>
        </extensions>
      </trkpt>
      <trkpt lat="30.45042626559734344482421875" lon="-84.23221603967249393463134765625">
        <ele>29</ele>
        <time>2024-07-27T12:30:51.000Z</time>
        <extensions>
          <ns3:TrackPointExtension>
            <ns3:atemp>30.0</ns3:atemp>
            <ns3:hr>114</ns3:hr>
            <ns3:cad>75</ns3:cad>
          </ns3:TrackPointExtension>
        </extensions>
      </trkpt>
      <trkpt lat="30.450448729097843170166015625" lon="-84.232210256159305572509765625">
        <ele>29</ele>
        <time>2024-07-27T12:30:54.000Z</time>
        <extensions>
          <ns3:TrackPointExtension>
            <ns3:atemp>30.0</ns3:atemp>
            <ns3:hr>114</ns3:hr>
            <ns3:cad>75</ns3:cad>
          </ns3:TrackPointExtension>
        </extensions>
      </trkpt>
      <trkpt lat="30.450531877577304840087890625" lon="-84.23219458200037479400634765625">
        <ele>29</ele>
        <time>2024-07-27T12:31:02.000Z</time>
        <extensions>
          <ns3:TrackPointExtension>
            <ns3:atemp>30.0</ns3:atemp>
            <ns3:hr>116</ns3:hr>
            <ns3:cad>50</ns3:cad>
          </ns3:TrackPointExtension>
        </extensions>
      </trkpt>
      <trkpt lat="30.45055476017296314239501953125" lon="-84.2321986891329288482666015625">
        <ele>28.799999237060546875</ele>
        <time>2024-07-27T12:31:05.000Z</time>
        <extensions>
          <ns3:TrackPointExtension>
            <ns3:atemp>30.0</ns3:atemp>
            <ns3:hr>117</ns3:hr>
            <ns3:cad>0</ns3:cad>
          </ns3:TrackPointExtension>
        </extensions>
      </trkpt>
      <trkpt lat="30.45061997137963771820068359375" lon="-84.2322067357599735260009765625">
        <ele>29.200000762939453125</ele>
        <time>2024-07-27T12:31:12.000Z</time>
        <extensions>
          <ns3:TrackPointExtension>
            <ns3:atemp>30.0</ns3:atemp>
            <ns3:hr>118</ns3:hr>
            <ns3:cad>44</ns3:cad>
          </ns3:TrackPointExtension>
        </extensions>
      </trkpt>
      <trkpt lat="30.450703203678131103515625" lon="-84.23222023062407970428466796875">
        <ele>29</ele>
        <time>2024-07-27T12:31:20.000Z</time>
        <extensions>
          <ns3:TrackPointExtension>
            <ns3:atemp>30.0</ns3:atemp>
            <ns3:hr>117</ns3:hr>
            <ns3:cad>49</ns3:cad>
          </ns3:TrackPointExtension>
        </extensions>
      </trkpt>
      <trkpt lat="30.45071552507579326629638671875" lon="-84.2322204820811748504638671875">
        <ele>29.200000762939453125</ele>
        <time>2024-07-27T12:31:21.000Z</time>
        <extensions>
          <ns3:TrackPointExtension>
            <ns3:atemp>30.0</ns3:atemp>
            <ns3:hr>117</ns3:hr>
            <ns3:cad>49</ns3:cad>
          </ns3:TrackPointExtension>
        </extensions>
      </trkpt>
      <trkpt lat="30.450861789286136627197265625" lon="-84.23223900608718395233154296875">
        <ele>29</ele>
        <time>2024-07-27T12:31:34.000Z</time>
        <extensions>
          <ns3:TrackPointExtension>
            <ns3:atemp>30.0</ns3:atemp>
            <ns3:hr>116</ns3:hr>
            <ns3:cad>49</ns3:cad>
          </ns3:TrackPointExtension>
        </extensions>
      </trkpt>
      <trkpt lat="30.4509330354630947113037109375" lon="-84.2322258464992046356201171875">
        <ele>29</ele>
        <time>2024-07-27T12:31:41.000Z</time>
        <extensions>
          <ns3:TrackPointExtension>
            <ns3:atemp>30.0</ns3:atemp>
            <ns3:hr>114</ns3:hr>
            <ns3:cad>47</ns3:cad>
          </ns3:TrackPointExtension>
        </extensions>
      </trkpt>
      <trkpt lat="30.45095172710716724395751953125" lon="-84.2322087474167346954345703125">
        <ele>28.799999237060546875</ele>
        <time>2024-07-27T12:31:44.000Z</time>
        <extensions>
          <ns3:TrackPointExtension>
            <ns3:atemp>30.0</ns3:atemp>
            <ns3:hr>114</ns3:hr>
            <ns3:cad>0</ns3:cad>
          </ns3:TrackPointExtension>
        </extensions>
      </trkpt>
      <trkpt lat="30.450982488691806793212890625" lon="-84.2321554385125637054443359375">
        <ele>28.799999237060546875</ele>
        <time>2024-07-27T12:31:49.000Z</time>
        <extensions>
          <ns3:TrackPointExtension>
            <ns3:atemp>30.0</ns3:atemp>
            <ns3:hr>114</ns3:hr>
            <ns3:cad>50</ns3:cad>
          </ns3:TrackPointExtension>
        </extensions>
      </trkpt>
      <trkpt lat="30.45101291500031948089599609375" lon="-84.2321093380451202392578125">
        <ele>28.6000003814697265625</ele>
        <time>2024-07-27T12:31:53.000Z</time>
        <extensions>
          <ns3:TrackPointExtension>
            <ns3:atemp>30.0</ns3:atemp>
            <ns3:hr>114</ns3:hr>
            <ns3:cad>0</ns3:cad>
          </ns3:TrackPointExtension>
        </extensions>
      </trkpt>
      <trkpt lat="30.451060272753238677978515625" lon="-84.2320709489285945892333984375">
        <ele>28.3999996185302734375</ele>
        <time>2024-07-27T12:32:00.000Z</time>
        <extensions>
          <ns3:TrackPointExtension>
            <ns3:atemp>31.0</ns3:atemp>
            <ns3:hr>114</ns3:hr>
            <ns3:cad>0</ns3:cad>
          </ns3:TrackPointExtension>
        </extensions>
      </trkpt>
      <trkpt lat="30.45105868019163608551025390625" lon="-84.23206600360572338104248046875">
        <ele>28.3999996185302734375</ele>
        <time>2024-07-27T12:32:02.000Z</time>
        <extensions>
          <ns3:TrackPointExtension>
            <ns3:atemp>31.0</ns3:atemp>
            <ns3:hr>114</ns3:hr>
            <ns3:cad>0</ns3:cad>
          </ns3:TrackPointExtension>
        </extensions>
      </trkpt>
      <trkpt lat="30.45105398632586002349853515625" lon="-84.2320595495402812957763671875">
        <ele>28.3999996185302734375</ele>
        <time>2024-07-27T12:32:05.000Z</time>
        <extensions>
          <ns3:TrackPointExtension>
            <ns3:atemp>31.0</ns3:atemp>
            <ns3:hr>114</ns3:hr>
            <ns3:cad>0</ns3:cad>
          </ns3:TrackPointExtension>
        </extensions>
      </trkpt>
      <trkpt lat="30.4510456882417201995849609375" lon="-84.2320565320551395416259765625">
        <ele>28.200000762939453125</ele>
        <time>2024-07-27T12:32:07.000Z</time>
        <extensions>
          <ns3:TrackPointExtension>
            <ns3:atemp>31.0</ns3:atemp>
            <ns3:hr>114</ns3:hr>
            <ns3:cad>0</ns3:cad>
          </ns3:TrackPointExtension>
        </extensions>
      </trkpt>
      <trkpt lat="30.45107779093086719512939453125" lon="-84.23203214071691036224365234375">
        <ele>28.200000762939453125</ele>
        <time>2024-07-27T12:32:20.000Z</time>
        <extensions>
          <ns3:TrackPointExtension>
            <ns3:atemp>31.0</ns3:atemp>
            <ns3:hr>113</ns3:hr>
            <ns3:cad>42</ns3:cad>
          </ns3:TrackPointExtension>
        </extensions>
      </trkpt>
      <trkpt lat="30.45114132575690746307373046875" lon="-84.2319951765239238739013671875">
        <ele>28.200000762939453125</ele>
        <time>2024-07-27T12:32:25.000Z</time>
        <extensions>
          <ns3:TrackPointExtension>
            <ns3:atemp>31.0</ns3:atemp>
            <ns3:hr>116</ns3:hr>
            <ns3:cad>46</ns3:cad>
          </ns3:TrackPointExtension>
        </extensions>
      </trkpt>
      <trkpt lat="30.45115180313587188720703125" lon="-84.23198687843978404998779296875">
        <ele>28.200000762939453125</ele>
        <time>2024-07-27T12:32:26.000Z</time>
        <extensions>
          <ns3:TrackPointExtension>
            <ns3:atemp>31.0</ns3:atemp>
            <ns3:hr>116</ns3:hr>
            <ns3:cad>46</ns3:cad>
          </ns3:TrackPointExtension>
        </extensions>
      </trkpt>
      <trkpt lat="30.45118407346308231353759765625" lon="-84.231925271451473236083984375">
        <ele>28.200000762939453125</ele>
        <time>2024-07-27T12:32:33.000Z</time>
        <extensions>
          <ns3:TrackPointExtension>
            <ns3:atemp>31.0</ns3:atemp>
            <ns3:hr>115</ns3:hr>
            <ns3:cad>0</ns3:cad>
          </ns3:TrackPointExtension>
        </extensions>
      </trkpt>
      <trkpt lat="30.45124224387109279632568359375" lon="-84.2318714596331119537353515625">
        <ele>28.200000762939453125</ele>
        <time>2024-07-27T12:32:43.000Z</time>
        <extensions>
          <ns3:TrackPointExtension>
            <ns3:atemp>31.0</ns3:atemp>
            <ns3:hr>116</ns3:hr>
            <ns3:cad>43</ns3:cad>
          </ns3:TrackPointExtension>
        </extensions>
      </trkpt>
      <trkpt lat="30.45124568045139312744140625" lon="-84.23186718486249446868896484375">
        <ele>28.200000762939453125</ele>
        <time>2024-07-27T12:32:44.000Z</time>
        <extensions>
          <ns3:TrackPointExtension>
            <ns3:atemp>31.0</ns3:atemp>
            <ns3:hr>116</ns3:hr>
            <ns3:cad>0</ns3:cad>
          </ns3:TrackPointExtension>
        </extensions>
      </trkpt>
      <trkpt lat="30.45124794356524944305419921875" lon="-84.231863915920257568359375">
        <ele>28.200000762939453125</ele>
        <time>2024-07-27T12:32:45.000Z</time>
        <extensions>
          <ns3:TrackPointExtension>
            <ns3:atemp>31.0</ns3:atemp>
            <ns3:hr>113</ns3:hr>
            <ns3:cad>0</ns3:cad>
          </ns3:TrackPointExtension>
        </extensions>
      </trkpt>
      <trkpt lat="30.4512488655745983123779296875" lon="-84.23186483792960643768310546875">
        <ele>28.200000762939453125</ele>
        <time>2024-07-27T12:32:46.000Z</time>
        <extensions>
          <ns3:TrackPointExtension>
            <ns3:atemp>31.0</ns3:atemp>
            <ns3:hr>115</ns3:hr>
            <ns3:cad>0</ns3:cad>
          </ns3:TrackPointExtension>
        </extensions>
      </trkpt>
      <trkpt lat="30.4512498714029788970947265625" lon="-84.2318671010434627532958984375">
        <ele>28.3999996185302734375</ele>
        <time>2024-07-27T12:32:47.000Z</time>
        <extensions>
          <ns3:TrackPointExtension>
            <ns3:atemp>31.0</ns3:atemp>
            <ns3:hr>118</ns3:hr>
            <ns3:cad>0</ns3:cad>
          </ns3:TrackPointExtension>
        </extensions>
      </trkpt>
      <trkpt lat="30.451248697936534881591796875" lon="-84.23186860978603363037109375">
        <ele>28.6000003814697265625</ele>
        <time>2024-07-27T12:32:48.000Z</time>
        <extensions>
          <ns3:TrackPointExtension>
            <ns3:atemp>31.0</ns3:atemp>
            <ns3:hr>115</ns3:hr>
            <ns3:cad>0</ns3:cad>
          </ns3:TrackPointExtension>
        </extensions>
      </trkpt>
      <trkpt lat="30.451252050697803497314453125" lon="-84.231869615614414215087890625">
        <ele>28.6000003814697265625</ele>
        <time>2024-07-27T12:32:49.000Z</time>
        <extensions>
          <ns3:TrackPointExtension>
            <ns3:atemp>31.0</ns3:atemp>
            <ns3:hr>115</ns3:hr>
            <ns3:cad>0</ns3:cad>
          </ns3:TrackPointExtension>
        </extensions>
      </trkpt>
      <trkpt lat="30.4513045214116573333740234375" lon="-84.231836088001728057861328125">
        <ele>28.6000003814697265625</ele>
        <time>2024-07-27T12:32:56.000Z</time>
        <extensions>
          <ns3:TrackPointExtension>
            <ns3:atemp>31.0</ns3:atemp>
            <ns3:hr>114</ns3:hr>
            <ns3:cad>51</ns3:cad>
          </ns3:TrackPointExtension>
        </extensions>
      </trkpt>
      <trkpt lat="30.45136311091482639312744140625" lon="-84.2317849583923816680908203125">
        <ele>28.3999996185302734375</ele>
        <time>2024-07-27T12:33:02.000Z</time>
        <extensions>
          <ns3:TrackPointExtension>
            <ns3:atemp>31.0</ns3:atemp>
            <ns3:hr>112</ns3:hr>
            <ns3:cad>51</ns3:cad>
          </ns3:TrackPointExtension>
        </extensions>
      </trkpt>
      <trkpt lat="30.45136461965739727020263671875" lon="-84.23177431337535381317138671875">
        <ele>28.3999996185302734375</ele>
        <time>2024-07-27T12:33:04.000Z</time>
        <extensions>
          <ns3:TrackPointExtension>
            <ns3:atemp>31.0</ns3:atemp>
            <ns3:hr>112</ns3:hr>
            <ns3:cad>51</ns3:cad>
          </ns3:TrackPointExtension>
        </extensions>
      </trkpt>
      <trkpt lat="30.4513947106897830963134765625" lon="-84.2317423783242702484130859375">
        <ele>28.200000762939453125</ele>
        <time>2024-07-27T12:33:07.000Z</time>
        <extensions>
          <ns3:TrackPointExtension>
            <ns3:atemp>31.0</ns3:atemp>
            <ns3:hr>111</ns3:hr>
            <ns3:cad>46</ns3:cad>
          </ns3:TrackPointExtension>
        </extensions>
      </trkpt>
      <trkpt lat="30.451409630477428436279296875" lon="-84.23171547241508960723876953125">
        <ele>28.200000762939453125</ele>
        <time>2024-07-27T12:33:10.000Z</time>
        <extensions>
          <ns3:TrackPointExtension>
            <ns3:atemp>31.0</ns3:atemp>
            <ns3:hr>111</ns3:hr>
            <ns3:cad>0</ns3:cad>
          </ns3:TrackPointExtension>
        </extensions>
      </trkpt>
      <trkpt lat="30.4514168389141559600830078125" lon="-84.231707341969013214111328125">
        <ele>28.200000762939453125</ele>
        <time>2024-07-27T12:33:11.000Z</time>
        <extensions>
          <ns3:TrackPointExtension>
            <ns3:atemp>31.0</ns3:atemp>
            <ns3:hr>111</ns3:hr>
            <ns3:cad>0</ns3:cad>
          </ns3:TrackPointExtension>
        </extensions>
      </trkpt>
      <trkpt lat="30.45142538845539093017578125" lon="-84.23169535584747791290283203125">
        <ele>28.3999996185302734375</ele>
        <time>2024-07-27T12:33:12.000Z</time>
        <extensions>
          <ns3:TrackPointExtension>
            <ns3:atemp>31.0</ns3:atemp>
            <ns3:hr>111</ns3:hr>
            <ns3:cad>52</ns3:cad>
          </ns3:TrackPointExtension>
        </extensions>
      </trkpt>
      <trkpt lat="30.4514768533408641815185546875" lon="-84.2316424660384654998779296875">
        <ele>28.200000762939453125</ele>
        <time>2024-07-27T12:33:20.000Z</time>
        <extensions>
          <ns3:TrackPointExtension>
            <ns3:atemp>31.0</ns3:atemp>
            <ns3:hr>109</ns3:hr>
            <ns3:cad>0</ns3:cad>
          </ns3:TrackPointExtension>
        </extensions>
      </trkpt>
      <trkpt lat="30.45149110257625579833984375" lon="-84.23161455430090427398681640625">
        <ele>28.3999996185302734375</ele>
        <time>2024-07-27T12:33:31.000Z</time>
        <extensions>
          <ns3:TrackPointExtension>
            <ns3:atemp>31.0</ns3:atemp>
            <ns3:hr>112</ns3:hr>
            <ns3:cad>0</ns3:cad>
          </ns3:TrackPointExtension>
        </extensions>
      </trkpt>
      <trkpt lat="30.45149110257625579833984375" lon="-84.23161455430090427398681640625">
        <ele>28.200000762939453125</ele>
        <time>2024-07-27T12:33:35.000Z</time>
        <extensions>
          <ns3:TrackPointExtension>
            <ns3:atemp>31.0</ns3:atemp>
            <ns3:hr>114</ns3:hr>
            <ns3:cad>0</ns3:cad>
          </ns3:TrackPointExtension>
        </extensions>
      </trkpt>
      <trkpt lat="30.4515335150063037872314453125" lon="-84.231560491025447845458984375">
        <ele>28.3999996185302734375</ele>
        <time>2024-07-27T12:33:42.000Z</time>
        <extensions>
          <ns3:TrackPointExtension>
            <ns3:atemp>31.0</ns3:atemp>
            <ns3:hr>115</ns3:hr>
            <ns3:cad>52</ns3:cad>
          </ns3:TrackPointExtension>
        </extensions>
      </trkpt>
      <trkpt lat="30.4515494406223297119140625" lon="-84.23154163174331188201904296875">
        <ele>28.200000762939453125</ele>
        <time>2024-07-27T12:33:44.000Z</time>
        <extensions>
          <ns3:TrackPointExtension>
            <ns3:atemp>31.0</ns3:atemp>
            <ns3:hr>115</ns3:hr>
            <ns3:cad>52</ns3:cad>
          </ns3:TrackPointExtension>
        </extensions>
      </trkpt>
      <trkpt lat="30.45157156884670257568359375" lon="-84.2315080203115940093994140625">
        <ele>28</ele>
        <time>2024-07-27T12:33:48.000Z</time>
        <extensions>
          <ns3:TrackPointExtension>
            <ns3:atemp>31.0</ns3:atemp>
            <ns3:hr>115</ns3:hr>
            <ns3:cad>42</ns3:cad>
          </ns3:TrackPointExtension>
        </extensions>
      </trkpt>
      <trkpt lat="30.45158556662499904632568359375" lon="-84.23145479522645473480224609375">
        <ele>28</ele>
        <time>2024-07-27T12:33:54.000Z</time>
        <extensions>
          <ns3:TrackPointExtension>
            <ns3:atemp>31.0</ns3:atemp>
            <ns3:hr>112</ns3:hr>
            <ns3:cad>48</ns3:cad>
          </ns3:TrackPointExtension>
        </extensions>
      </trkpt>
      <trkpt lat="30.45158925466239452362060546875" lon="-84.23144490458071231842041015625">
        <ele>27.799999237060546875</ele>
        <time>2024-07-27T12:33:55.000Z</time>
        <extensions>
          <ns3:TrackPointExtension>
            <ns3:atemp>31.0</ns3:atemp>
            <ns3:hr>111</ns3:hr>
            <ns3:cad>48</ns3:cad>
          </ns3:TrackPointExtension>
        </extensions>
      </trkpt>
      <trkpt lat="30.45164859853684902191162109375" lon="-84.2313698865473270416259765625">
        <ele>27.799999237060546875</ele>
        <time>2024-07-27T12:34:03.000Z</time>
        <extensions>
          <ns3:TrackPointExtension>
            <ns3:atemp>31.0</ns3:atemp>
            <ns3:hr>110</ns3:hr>
            <ns3:cad>47</ns3:cad>
          </ns3:TrackPointExtension>
        </extensions>
      </trkpt>
      <trkpt lat="30.45170425437390804290771484375" lon="-84.23129939474165439605712890625">
        <ele>28</ele>
        <time>2024-07-27T12:34:10.000Z</time>
        <extensions>
          <ns3:TrackPointExtension>
            <ns3:atemp>31.0</ns3:atemp>
            <ns3:hr>111</ns3:hr>
            <ns3:cad>47</ns3:cad>
          </ns3:TrackPointExtension>
        </extensions>
      </trkpt>
      <trkpt lat="30.45177449472248554229736328125" lon="-84.231255054473876953125">
        <ele>27.799999237060546875</ele>
        <time>2024-07-27T12:34:17.000Z</time>
        <extensions>
          <ns3:TrackPointExtension>
            <ns3:atemp>31.0</ns3:atemp>
            <ns3:hr>111</ns3:hr>
            <ns3:cad>48</ns3:cad>
          </ns3:TrackPointExtension>
        </extensions>
      </trkpt>
      <trkpt lat="30.4517896659672260284423828125" lon="-84.2312374524772167205810546875">
        <ele>27.799999237060546875</ele>
        <time>2024-07-27T12:34:19.000Z</time>
        <extensions>
          <ns3:TrackPointExtension>
            <ns3:atemp>31.0</ns3:atemp>
            <ns3:hr>110</ns3:hr>
            <ns3:cad>48</ns3:cad>
          </ns3:TrackPointExtension>
        </extensions>
      </trkpt>
      <trkpt lat="30.45184289105236530303955078125" lon="-84.23114365898072719573974609375">
        <ele>27.6000003814697265625</ele>
        <time>2024-07-27T12:34:28.000Z</time>
        <extensions>
          <ns3:TrackPointExtension>
            <ns3:atemp>31.0</ns3:atemp>
            <ns3:hr>108</ns3:hr>
            <ns3:cad>48</ns3:cad>
          </ns3:TrackPointExtension>
        </extensions>
      </trkpt>
      <trkpt lat="30.4518976248800754547119140625" lon="-84.23112253658473491668701171875">
        <ele>27.6000003814697265625</ele>
        <time>2024-07-27T12:34:33.000Z</time>
        <extensions>
          <ns3:TrackPointExtension>
            <ns3:atemp>31.0</ns3:atemp>
            <ns3:hr>108</ns3:hr>
            <ns3:cad>48</ns3:cad>
          </ns3:TrackPointExtension>
        </extensions>
      </trkpt>
      <trkpt lat="30.45190994627773761749267578125" lon="-84.23111264593899250030517578125">
        <ele>27.6000003814697265625</ele>
        <time>2024-07-27T12:34:35.000Z</time>
        <extensions>
          <ns3:TrackPointExtension>
            <ns3:atemp>31.0</ns3:atemp>
            <ns3:hr>107</ns3:hr>
            <ns3:cad>48</ns3:cad>
          </ns3:TrackPointExtension>
        </extensions>
      </trkpt>
      <trkpt lat="30.45191497541964054107666015625" lon="-84.2311144061386585235595703125">
        <ele>27.6000003814697265625</ele>
        <time>2024-07-27T12:34:36.000Z</time>
        <extensions>
          <ns3:TrackPointExtension>
            <ns3:atemp>31.0</ns3:atemp>
            <ns3:hr>107</ns3:hr>
            <ns3:cad>48</ns3:cad>
          </ns3:TrackPointExtension>
        </extensions>
      </trkpt>
      <trkpt lat="30.45195587910711765289306640625" lon="-84.23113192431628704071044921875">
        <ele>27.6000003814697265625</ele>
        <time>2024-07-27T12:34:41.000Z</time>
        <extensions>
          <ns3:TrackPointExtension>
            <ns3:atemp>31.0</ns3:atemp>
            <ns3:hr>107</ns3:hr>
            <ns3:cad>47</ns3:cad>
          </ns3:TrackPointExtension>
        </extensions>
      </trkpt>
      <trkpt lat="30.45196677558124065399169921875" lon="-84.23112924210727214813232421875">
        <ele>27.6000003814697265625</ele>
        <time>2024-07-27T12:34:42.000Z</time>
        <extensions>
          <ns3:TrackPointExtension>
            <ns3:atemp>31.0</ns3:atemp>
            <ns3:hr>107</ns3:hr>
            <ns3:cad>47</ns3:cad>
          </ns3:TrackPointExtension>
        </extensions>
      </trkpt>
      <trkpt lat="30.45201949775218963623046875" lon="-84.2311142385005950927734375">
        <ele>27.6000003814697265625</ele>
        <time>2024-07-27T12:34:49.000Z</time>
        <extensions>
          <ns3:TrackPointExtension>
            <ns3:atemp>31.0</ns3:atemp>
            <ns3:hr>107</ns3:hr>
            <ns3:cad>43</ns3:cad>
          </ns3:TrackPointExtension>
        </extensions>
      </trkpt>
      <trkpt lat="30.4520578868687152862548828125" lon="-84.2310564033687114715576171875">
        <ele>27.3999996185302734375</ele>
        <time>2024-07-27T12:34:55.000Z</time>
        <extensions>
          <ns3:TrackPointExtension>
            <ns3:atemp>31.0</ns3:atemp>
            <ns3:hr>109</ns3:hr>
            <ns3:cad>0</ns3:cad>
          </ns3:TrackPointExtension>
        </extensions>
      </trkpt>
      <trkpt lat="30.45211681164801120758056640625" lon="-84.23104492016136646270751953125">
        <ele>27.6000003814697265625</ele>
        <time>2024-07-27T12:35:00.000Z</time>
        <extensions>
          <ns3:TrackPointExtension>
            <ns3:atemp>31.0</ns3:atemp>
            <ns3:hr>108</ns3:hr>
            <ns3:cad>0</ns3:cad>
          </ns3:TrackPointExtension>
        </extensions>
      </trkpt>
      <trkpt lat="30.452123768627643585205078125" lon="-84.2310403101146221160888671875">
        <ele>27.3999996185302734375</ele>
        <time>2024-07-27T12:35:01.000Z</time>
        <extensions>
          <ns3:TrackPointExtension>
            <ns3:atemp>31.0</ns3:atemp>
            <ns3:hr>107</ns3:hr>
            <ns3:cad>0</ns3:cad>
          </ns3:TrackPointExtension>
        </extensions>
      </trkpt>
      <trkpt lat="30.45218034647405147552490234375" lon="-84.2309801280498504638671875">
        <ele>27.3999996185302734375</ele>
        <time>2024-07-27T12:35:10.000Z</time>
        <extensions>
          <ns3:TrackPointExtension>
            <ns3:atemp>31.0</ns3:atemp>
            <ns3:hr>107</ns3:hr>
            <ns3:cad>0</ns3:cad>
          </ns3:TrackPointExtension>
        </extensions>
      </trkpt>
      <trkpt lat="30.45217179693281650543212890625" lon="-84.230989515781402587890625">
        <ele>27.3999996185302734375</ele>
        <time>2024-07-27T12:35:12.000Z</time>
        <extensions>
          <ns3:TrackPointExtension>
            <ns3:atemp>31.0</ns3:atemp>
            <ns3:hr>108</ns3:hr>
            <ns3:cad>0</ns3:cad>
          </ns3:TrackPointExtension>
        </extensions>
      </trkpt>
      <trkpt lat="30.4521618224680423736572265625" lon="-84.23098054714500904083251953125">
        <ele>27.3999996185302734375</ele>
        <time>2024-07-27T12:35:14.000Z</time>
        <extensions>
          <ns3:TrackPointExtension>
            <ns3:atemp>31.0</ns3:atemp>
            <ns3:hr>108</ns3:hr>
            <ns3:cad>0</ns3:cad>
          </ns3:TrackPointExtension>
        </extensions>
      </trkpt>
      <trkpt lat="30.4521574638783931732177734375" lon="-84.2309782840311527252197265625">
        <ele>27.3999996185302734375</ele>
        <time>2024-07-27T12:35:15.000Z</time>
        <extensions>
          <ns3:TrackPointExtension>
            <ns3:atemp>31.0</ns3:atemp>
            <ns3:hr>107</ns3:hr>
            <ns3:cad>0</ns3:cad>
          </ns3:TrackPointExtension>
        </extensions>
      </trkpt>
      <trkpt lat="30.45215654186904430389404296875" lon="-84.230978786945343017578125">
        <ele>27.3999996185302734375</ele>
        <time>2024-07-27T12:35:16.000Z</time>
        <extensions>
          <ns3:TrackPointExtension>
            <ns3:atemp>31.0</ns3:atemp>
            <ns3:hr>107</ns3:hr>
            <ns3:cad>0</ns3:cad>
          </ns3:TrackPointExtension>
        </extensions>
      </trkpt>
      <trkpt lat="30.4521360062062740325927734375" lon="-84.23098054714500904083251953125">
        <ele>27.3999996185302734375</ele>
        <time>2024-07-27T12:35:18.000Z</time>
        <extensions>
          <ns3:TrackPointExtension>
            <ns3:atemp>31.0</ns3:atemp>
            <ns3:hr>108</ns3:hr>
            <ns3:cad>0</ns3:cad>
          </ns3:TrackPointExtension>
        </extensions>
      </trkpt>
      <trkpt lat="30.452124774456024169921875" lon="-84.23098440282046794891357421875">
        <ele>27.3999996185302734375</ele>
        <time>2024-07-27T12:35:20.000Z</time>
        <extensions>
          <ns3:TrackPointExtension>
            <ns3:atemp>31.0</ns3:atemp>
            <ns3:hr>110</ns3:hr>
            <ns3:cad>0</ns3:cad>
          </ns3:TrackPointExtension>
        </extensions>
      </trkpt>
      <trkpt lat="30.45213391073048114776611328125" lon="-84.23094936646521091461181640625">
        <ele>27.3999996185302734375</ele>
        <time>2024-07-27T12:35:23.000Z</time>
        <extensions>
          <ns3:TrackPointExtension>
            <ns3:atemp>31.0</ns3:atemp>
            <ns3:hr>112</ns3:hr>
            <ns3:cad>0</ns3:cad>
          </ns3:TrackPointExtension>
        </extensions>
      </trkpt>
      <trkpt lat="30.45219409279525279998779296875" lon="-84.23088499344885349273681640625">
        <ele>26.799999237060546875</ele>
        <time>2024-07-27T12:35:29.000Z</time>
        <extensions>
          <ns3:TrackPointExtension>
            <ns3:atemp>31.0</ns3:atemp>
            <ns3:hr>114</ns3:hr>
            <ns3:cad>53</ns3:cad>
          </ns3:TrackPointExtension>
        </extensions>
      </trkpt>
      <trkpt lat="30.45220750384032726287841796875" lon="-84.2308808863162994384765625">
        <ele>26.799999237060546875</ele>
        <time>2024-07-27T12:35:30.000Z</time>
        <extensions>
          <ns3:TrackPointExtension>
            <ns3:atemp>31.0</ns3:atemp>
            <ns3:hr>114</ns3:hr>
            <ns3:cad>53</ns3:cad>
          </ns3:TrackPointExtension>
        </extensions>
      </trkpt>
      <trkpt lat="30.45228947885334491729736328125" lon="-84.2308066226541996002197265625">
        <ele>26.200000762939453125</ele>
        <time>2024-07-27T12:35:37.000Z</time>
        <extensions>
          <ns3:TrackPointExtension>
            <ns3:atemp>31.0</ns3:atemp>
            <ns3:hr>114</ns3:hr>
            <ns3:cad>52</ns3:cad>
          </ns3:TrackPointExtension>
        </extensions>
      </trkpt>
      <trkpt lat="30.45229098759591579437255859375" lon="-84.2307975701987743377685546875">
        <ele>26.200000762939453125</ele>
        <time>2024-07-27T12:35:38.000Z</time>
        <extensions>
          <ns3:TrackPointExtension>
            <ns3:atemp>31.0</ns3:atemp>
            <ns3:hr>113</ns3:hr>
            <ns3:cad>51</ns3:cad>
          </ns3:TrackPointExtension>
        </extensions>
      </trkpt>
      <trkpt lat="30.45230121351778507232666015625" lon="-84.230783320963382720947265625">
        <ele>26</ele>
        <time>2024-07-27T12:35:40.000Z</time>
        <extensions>
          <ns3:TrackPointExtension>
            <ns3:atemp>31.0</ns3:atemp>
            <ns3:hr>113</ns3:hr>
            <ns3:cad>0</ns3:cad>
          </ns3:TrackPointExtension>
        </extensions>
      </trkpt>
      <trkpt lat="30.45233440585434436798095703125" lon="-84.2307627014815807342529296875">
        <ele>25.6000003814697265625</ele>
        <time>2024-07-27T12:35:43.000Z</time>
        <extensions>
          <ns3:TrackPointExtension>
            <ns3:atemp>31.0</ns3:atemp>
            <ns3:hr>112</ns3:hr>
            <ns3:cad>53</ns3:cad>
          </ns3:TrackPointExtension>
        </extensions>
      </trkpt>
      <trkpt lat="30.45234362594783306121826171875" lon="-84.2307466082274913787841796875">
        <ele>25.6000003814697265625</ele>
        <time>2024-07-27T12:35:45.000Z</time>
        <extensions>
          <ns3:TrackPointExtension>
            <ns3:atemp>31.0</ns3:atemp>
            <ns3:hr>112</ns3:hr>
            <ns3:cad>48</ns3:cad>
          </ns3:TrackPointExtension>
        </extensions>
      </trkpt>
      <trkpt lat="30.45238687656819820404052734375" lon="-84.230695478618144989013671875">
        <ele>25.6000003814697265625</ele>
        <time>2024-07-27T12:35:50.000Z</time>
        <extensions>
          <ns3:TrackPointExtension>
            <ns3:atemp>31.0</ns3:atemp>
            <ns3:hr>109</ns3:hr>
            <ns3:cad>0</ns3:cad>
          </ns3:TrackPointExtension>
        </extensions>
      </trkpt>
      <trkpt lat="30.4523971863090991973876953125" lon="-84.2306899465620517730712890625">
        <ele>25.6000003814697265625</ele>
        <time>2024-07-27T12:35:51.000Z</time>
        <extensions>
          <ns3:TrackPointExtension>
            <ns3:atemp>31.0</ns3:atemp>
            <ns3:hr>111</ns3:hr>
            <ns3:cad>0</ns3:cad>
          </ns3:TrackPointExtension>
        </extensions>
      </trkpt>
      <trkpt lat="30.4524558596312999725341796875" lon="-84.23063320107758045196533203125">
        <ele>26</ele>
        <time>2024-07-27T12:35:59.000Z</time>
        <extensions>
          <ns3:TrackPointExtension>
            <ns3:atemp>31.0</ns3:atemp>
            <ns3:hr>111</ns3:hr>
            <ns3:cad>0</ns3:cad>
          </ns3:TrackPointExtension>
        </extensions>
      </trkpt>
      <trkpt lat="30.45251704752445220947265625" lon="-84.23054133541882038116455078125">
        <ele>25.799999237060546875</ele>
        <time>2024-07-27T12:36:08.000Z</time>
        <extensions>
          <ns3:TrackPointExtension>
            <ns3:atemp>31.0</ns3:atemp>
            <ns3:hr>113</ns3:hr>
            <ns3:cad>45</ns3:cad>
          </ns3:TrackPointExtension>
        </extensions>
      </trkpt>
      <trkpt lat="30.4525453783571720123291015625" lon="-84.23046640120446681976318359375">
        <ele>26.200000762939453125</ele>
        <time>2024-07-27T12:36:16.000Z</time>
        <extensions>
          <ns3:TrackPointExtension>
            <ns3:atemp>31.0</ns3:atemp>
            <ns3:hr>115</ns3:hr>
            <ns3:cad>48</ns3:cad>
          </ns3:TrackPointExtension>
        </extensions>
      </trkpt>
      <trkpt lat="30.45262374915182590484619140625" lon="-84.23036657273769378662109375">
        <ele>26.200000762939453125</ele>
        <time>2024-07-27T12:36:25.000Z</time>
        <extensions>
          <ns3:TrackPointExtension>
            <ns3:atemp>31.0</ns3:atemp>
            <ns3:hr>116</ns3:hr>
            <ns3:cad>44</ns3:cad>
          </ns3:TrackPointExtension>
        </extensions>
      </trkpt>
      <trkpt lat="30.45264956541359424591064453125" lon="-84.230293817818164825439453125">
        <ele>26.200000762939453125</ele>
        <time>2024-07-27T12:36:33.000Z</time>
        <extensions>
          <ns3:TrackPointExtension>
            <ns3:atemp>31.0</ns3:atemp>
            <ns3:hr>115</ns3:hr>
            <ns3:cad>48</ns3:cad>
          </ns3:TrackPointExtension>
        </extensions>
      </trkpt>
      <trkpt lat="30.45269834809005260467529296875" lon="-84.23020069487392902374267578125">
        <ele>26.6000003814697265625</ele>
        <time>2024-07-27T12:36:42.000Z</time>
        <extensions>
          <ns3:TrackPointExtension>
            <ns3:atemp>31.0</ns3:atemp>
            <ns3:hr>117</ns3:hr>
            <ns3:cad>0</ns3:cad>
          </ns3:TrackPointExtension>
        </extensions>
      </trkpt>
      <trkpt lat="30.452712513506412506103515625" lon="-84.23017923720180988311767578125">
        <ele>26.6000003814697265625</ele>
        <time>2024-07-27T12:36:45.000Z</time>
        <extensions>
          <ns3:TrackPointExtension>
            <ns3:atemp>31.0</ns3:atemp>
            <ns3:hr>118</ns3:hr>
            <ns3:cad>0</ns3:cad>
          </ns3:TrackPointExtension>
        </extensions>
      </trkpt>
      <trkpt lat="30.45272114686667919158935546875" lon="-84.230167753994464874267578125">
        <ele>26.6000003814697265625</ele>
        <time>2024-07-27T12:36:47.000Z</time>
        <extensions>
          <ns3:TrackPointExtension>
            <ns3:atemp>31.0</ns3:atemp>
            <ns3:hr>118</ns3:hr>
            <ns3:cad>0</ns3:cad>
          </ns3:TrackPointExtension>
        </extensions>
      </trkpt>
      <trkpt lat="30.45273824594914913177490234375" lon="-84.23015140928328037261962890625">
        <ele>26.6000003814697265625</ele>
        <time>2024-07-27T12:36:49.000Z</time>
        <extensions>
          <ns3:TrackPointExtension>
            <ns3:atemp>31.0</ns3:atemp>
            <ns3:hr>119</ns3:hr>
            <ns3:cad>0</ns3:cad>
          </ns3:TrackPointExtension>
        </extensions>
      </trkpt>
      <trkpt lat="30.45274629257619380950927734375" lon="-84.23013699240982532501220703125">
        <ele>26.6000003814697265625</ele>
        <time>2024-07-27T12:36:50.000Z</time>
        <extensions>
          <ns3:TrackPointExtension>
            <ns3:atemp>31.0</ns3:atemp>
            <ns3:hr>118</ns3:hr>
            <ns3:cad>0</ns3:cad>
          </ns3:TrackPointExtension>
        </extensions>
      </trkpt>
      <trkpt lat="30.45276355929672718048095703125" lon="-84.230128191411495208740234375">
        <ele>26.6000003814697265625</ele>
        <time>2024-07-27T12:36:52.000Z</time>
        <extensions>
          <ns3:TrackPointExtension>
            <ns3:atemp>31.0</ns3:atemp>
            <ns3:hr>118</ns3:hr>
            <ns3:cad>0</ns3:cad>
          </ns3:TrackPointExtension>
        </extensions>
      </trkpt>
      <trkpt lat="30.45278820209205150604248046875" lon="-84.23011721111834049224853515625">
        <ele>26.6000003814697265625</ele>
        <time>2024-07-27T12:36:55.000Z</time>
        <extensions>
          <ns3:TrackPointExtension>
            <ns3:atemp>31.0</ns3:atemp>
            <ns3:hr>119</ns3:hr>
            <ns3:cad>50</ns3:cad>
          </ns3:TrackPointExtension>
        </extensions>
      </trkpt>
      <trkpt lat="30.452796332538127899169921875" lon="-84.2301102541387081146240234375">
        <ele>26.6000003814697265625</ele>
        <time>2024-07-27T12:36:57.000Z</time>
        <extensions>
          <ns3:TrackPointExtension>
            <ns3:atemp>31.0</ns3:atemp>
            <ns3:hr>120</ns3:hr>
            <ns3:cad>50</ns3:cad>
          </ns3:TrackPointExtension>
        </extensions>
      </trkpt>
      <trkpt lat="30.4528028704226016998291015625" lon="-84.2301030457019805908203125">
        <ele>26.6000003814697265625</ele>
        <time>2024-07-27T12:36:58.000Z</time>
        <extensions>
          <ns3:TrackPointExtension>
            <ns3:atemp>31.0</ns3:atemp>
            <ns3:hr>121</ns3:hr>
            <ns3:cad>47</ns3:cad>
          </ns3:TrackPointExtension>
        </extensions>
      </trkpt>
      <trkpt lat="30.452825166285037994384765625" lon="-84.2300442047417163848876953125">
        <ele>26</ele>
        <time>2024-07-27T12:37:04.000Z</time>
        <extensions>
          <ns3:TrackPointExtension>
            <ns3:atemp>31.0</ns3:atemp>
            <ns3:hr>121</ns3:hr>
            <ns3:cad>49</ns3:cad>
          </ns3:TrackPointExtension>
        </extensions>
      </trkpt>
      <trkpt lat="30.45284620486199855804443359375" lon="-84.23000791110098361968994140625">
        <ele>26.200000762939453125</ele>
        <time>2024-07-27T12:37:08.000Z</time>
        <extensions>
          <ns3:TrackPointExtension>
            <ns3:atemp>31.0</ns3:atemp>
            <ns3:hr>120</ns3:hr>
            <ns3:cad>45</ns3:cad>
          </ns3:TrackPointExtension>
        </extensions>
      </trkpt>
      <trkpt lat="30.45284754596650600433349609375" lon="-84.23000313341617584228515625">
        <ele>26.200000762939453125</ele>
        <time>2024-07-27T12:37:09.000Z</time>
        <extensions>
          <ns3:TrackPointExtension>
            <ns3:atemp>31.0</ns3:atemp>
            <ns3:hr>119</ns3:hr>
            <ns3:cad>0</ns3:cad>
          </ns3:TrackPointExtension>
        </extensions>
      </trkpt>
      <trkpt lat="30.4528484679758548736572265625" lon="-84.22999952919781208038330078125">
        <ele>26.3999996185302734375</ele>
        <time>2024-07-27T12:37:11.000Z</time>
        <extensions>
          <ns3:TrackPointExtension>
            <ns3:atemp>31.0</ns3:atemp>
            <ns3:hr>119</ns3:hr>
            <ns3:cad>0</ns3:cad>
          </ns3:TrackPointExtension>
        </extensions>
      </trkpt>
      <trkpt lat="30.4528578557074069976806640625" lon="-84.22999466769397258758544921875">
        <ele>25.799999237060546875</ele>
        <time>2024-07-27T12:37:19.000Z</time>
        <extensions>
          <ns3:TrackPointExtension>
            <ns3:atemp>31.0</ns3:atemp>
            <ns3:hr>118</ns3:hr>
            <ns3:cad>0</ns3:cad>
          </ns3:TrackPointExtension>
        </extensions>
      </trkpt>
      <trkpt lat="30.4528997652232646942138671875" lon="-84.2299287021160125732421875">
        <ele>25.799999237060546875</ele>
        <time>2024-07-27T12:37:26.000Z</time>
        <extensions>
          <ns3:TrackPointExtension>
            <ns3:atemp>31.0</ns3:atemp>
            <ns3:hr>116</ns3:hr>
            <ns3:cad>48</ns3:cad>
          </ns3:TrackPointExtension>
        </extensions>
      </trkpt>
      <trkpt lat="30.45290823094546794891357421875" lon="-84.22991805709898471832275390625">
        <ele>25.6000003814697265625</ele>
        <time>2024-07-27T12:37:27.000Z</time>
        <extensions>
          <ns3:TrackPointExtension>
            <ns3:atemp>31.0</ns3:atemp>
            <ns3:hr>116</ns3:hr>
            <ns3:cad>49</ns3:cad>
          </ns3:TrackPointExtension>
        </extensions>
      </trkpt>
      <trkpt lat="30.45294192619621753692626953125" lon="-84.2298554442822933197021484375">
        <ele>25</ele>
        <time>2024-07-27T12:37:32.000Z</time>
        <extensions>
          <ns3:TrackPointExtension>
            <ns3:atemp>31.0</ns3:atemp>
            <ns3:hr>114</ns3:hr>
            <ns3:cad>51</ns3:cad>
          </ns3:TrackPointExtension>
        </extensions>
      </trkpt>
      <trkpt lat="30.45295449905097484588623046875" lon="-84.229815043509006500244140625">
        <ele>24.799999237060546875</ele>
        <time>2024-07-27T12:37:36.000Z</time>
        <extensions>
          <ns3:TrackPointExtension>
            <ns3:atemp>31.0</ns3:atemp>
            <ns3:hr>114</ns3:hr>
            <ns3:cad>0</ns3:cad>
          </ns3:TrackPointExtension>
        </extensions>
      </trkpt>
      <trkpt lat="30.45297310687601566314697265625" lon="-84.22978411428630352020263671875">
        <ele>24.799999237060546875</ele>
        <time>2024-07-27T12:37:39.000Z</time>
        <extensions>
          <ns3:TrackPointExtension>
            <ns3:atemp>31.0</ns3:atemp>
            <ns3:hr>114</ns3:hr>
            <ns3:cad>0</ns3:cad>
          </ns3:TrackPointExtension>
        </extensions>
      </trkpt>
      <trkpt lat="30.45298643410205841064453125" lon="-84.229753352701663970947265625">
        <ele>24.6000003814697265625</ele>
        <time>2024-07-27T12:37:43.000Z</time>
        <extensions>
          <ns3:TrackPointExtension>
            <ns3:atemp>31.0</ns3:atemp>
            <ns3:hr>114</ns3:hr>
            <ns3:cad>0</ns3:cad>
          </ns3:TrackPointExtension>
        </extensions>
      </trkpt>
      <trkpt lat="30.45298182405531406402587890625" lon="-84.2297431267797946929931640625">
        <ele>24.6000003814697265625</ele>
        <time>2024-07-27T12:37:44.000Z</time>
        <extensions>
          <ns3:TrackPointExtension>
            <ns3:atemp>31.0</ns3:atemp>
            <ns3:hr>115</ns3:hr>
            <ns3:cad>0</ns3:cad>
          </ns3:TrackPointExtension>
        </extensions>
      </trkpt>
      <trkpt lat="30.45298199169337749481201171875" lon="-84.22970515675842761993408203125">
        <ele>24.6000003814697265625</ele>
        <time>2024-07-27T12:37:47.000Z</time>
        <extensions>
          <ns3:TrackPointExtension>
            <ns3:atemp>31.0</ns3:atemp>
            <ns3:hr>115</ns3:hr>
            <ns3:cad>0</ns3:cad>
          </ns3:TrackPointExtension>
        </extensions>
      </trkpt>
      <trkpt lat="30.45299842022359371185302734375" lon="-84.22967414371669292449951171875">
        <ele>24.6000003814697265625</ele>
        <time>2024-07-27T12:37:50.000Z</time>
        <extensions>
          <ns3:TrackPointExtension>
            <ns3:atemp>31.0</ns3:atemp>
            <ns3:hr>114</ns3:hr>
            <ns3:cad>0</ns3:cad>
          </ns3:TrackPointExtension>
        </extensions>
      </trkpt>
      <trkpt lat="30.45300378464162349700927734375" lon="-84.2296643368899822235107421875">
        <ele>24.3999996185302734375</ele>
        <time>2024-07-27T12:37:52.000Z</time>
        <extensions>
          <ns3:TrackPointExtension>
            <ns3:atemp>31.0</ns3:atemp>
            <ns3:hr>113</ns3:hr>
            <ns3:cad>0</ns3:cad>
          </ns3:TrackPointExtension>
        </extensions>
      </trkpt>
      <trkpt lat="30.4530164413154125213623046875" lon="-84.2296472378075122833251953125">
        <ele>24.3999996185302734375</ele>
        <time>2024-07-27T12:37:54.000Z</time>
        <extensions>
          <ns3:TrackPointExtension>
            <ns3:atemp>31.0</ns3:atemp>
            <ns3:hr>113</ns3:hr>
            <ns3:cad>0</ns3:cad>
          </ns3:TrackPointExtension>
        </extensions>
      </trkpt>
      <trkpt lat="30.4530345462262630462646484375" lon="-84.2296247743070125579833984375">
        <ele>24.3999996185302734375</ele>
        <time>2024-07-27T12:37:57.000Z</time>
        <extensions>
          <ns3:TrackPointExtension>
            <ns3:atemp>31.0</ns3:atemp>
            <ns3:hr>112</ns3:hr>
            <ns3:cad>0</ns3:cad>
          </ns3:TrackPointExtension>
        </extensions>
      </trkpt>
      <trkpt lat="30.45304669998586177825927734375" lon="-84.2296093516051769256591796875">
        <ele>24.3999996185302734375</ele>
        <time>2024-07-27T12:38:01.000Z</time>
        <extensions>
          <ns3:TrackPointExtension>
            <ns3:atemp>31.0</ns3:atemp>
            <ns3:hr>112</ns3:hr>
            <ns3:cad>0</ns3:cad>
          </ns3:TrackPointExtension>
        </extensions>
      </trkpt>
      <trkpt lat="30.45305089093744754791259765625" lon="-84.229594431817531585693359375">
        <ele>24.3999996185302734375</ele>
        <time>2024-07-27T12:38:04.000Z</time>
        <extensions>
          <ns3:TrackPointExtension>
            <ns3:atemp>31.0</ns3:atemp>
            <ns3:hr>112</ns3:hr>
            <ns3:cad>0</ns3:cad>
          </ns3:TrackPointExtension>
        </extensions>
      </trkpt>
      <trkpt lat="30.45310713350772857666015625" lon="-84.22952578403055667877197265625">
        <ele>24.6000003814697265625</ele>
        <time>2024-07-27T12:38:13.000Z</time>
        <extensions>
          <ns3:TrackPointExtension>
            <ns3:atemp>31.0</ns3:atemp>
            <ns3:hr>112</ns3:hr>
            <ns3:cad>47</ns3:cad>
          </ns3:TrackPointExtension>
        </extensions>
      </trkpt>
      <trkpt lat="30.45311660505831241607666015625" lon="-84.22949460335075855255126953125">
        <ele>24.3999996185302734375</ele>
        <time>2024-07-27T12:38:16.000Z</time>
        <extensions>
          <ns3:TrackPointExtension>
            <ns3:atemp>31.0</ns3:atemp>
            <ns3:hr>111</ns3:hr>
            <ns3:cad>45</ns3:cad>
          </ns3:TrackPointExtension>
        </extensions>
      </trkpt>
      <trkpt lat="30.45314208604395389556884765625" lon="-84.2294480837881565093994140625">
        <ele>24.3999996185302734375</ele>
        <time>2024-07-27T12:38:20.000Z</time>
        <extensions>
          <ns3:TrackPointExtension>
            <ns3:atemp>31.0</ns3:atemp>
            <ns3:hr>110</ns3:hr>
            <ns3:cad>45</ns3:cad>
          </ns3:TrackPointExtension>
        </extensions>
      </trkpt>
      <trkpt lat="30.45316605828702449798583984375" lon="-84.2293842136859893798828125">
        <ele>24.3999996185302734375</ele>
        <time>2024-07-27T12:38:27.000Z</time>
        <extensions>
          <ns3:TrackPointExtension>
            <ns3:atemp>31.0</ns3:atemp>
            <ns3:hr>110</ns3:hr>
            <ns3:cad>45</ns3:cad>
          </ns3:TrackPointExtension>
        </extensions>
      </trkpt>
      <trkpt lat="30.4531897790729999542236328125" lon="-84.22933802939951419830322265625">
        <ele>24.200000762939453125</ele>
        <time>2024-07-27T12:38:34.000Z</time>
        <extensions>
          <ns3:TrackPointExtension>
            <ns3:atemp>31.0</ns3:atemp>
            <ns3:hr>110</ns3:hr>
            <ns3:cad>49</ns3:cad>
          </ns3:TrackPointExtension>
        </extensions>
      </trkpt>
      <trkpt lat="30.45321576297283172607421875" lon="-84.229277260601520538330078125">
        <ele>24.200000762939453125</ele>
        <time>2024-07-27T12:38:40.000Z</time>
        <extensions>
          <ns3:TrackPointExtension>
            <ns3:atemp>31.0</ns3:atemp>
            <ns3:hr>110</ns3:hr>
            <ns3:cad>49</ns3:cad>
          </ns3:TrackPointExtension>
        </extensions>
      </trkpt>
      <trkpt lat="30.45324920676648616790771484375" lon="-84.22923560254275798797607421875">
        <ele>24.200000762939453125</ele>
        <time>2024-07-27T12:38:46.000Z</time>
        <extensions>
          <ns3:TrackPointExtension>
            <ns3:atemp>31.0</ns3:atemp>
            <ns3:hr>108</ns3:hr>
            <ns3:cad>0</ns3:cad>
          </ns3:TrackPointExtension>
        </extensions>
      </trkpt>
      <trkpt lat="30.453281141817569732666015625" lon="-84.22920492477715015411376953125">
        <ele>24.200000762939453125</ele>
        <time>2024-07-27T12:38:50.000Z</time>
        <extensions>
          <ns3:TrackPointExtension>
            <ns3:atemp>31.0</ns3:atemp>
            <ns3:hr>108</ns3:hr>
            <ns3:cad>0</ns3:cad>
          </ns3:TrackPointExtension>
        </extensions>
      </trkpt>
      <trkpt lat="30.4532984085381031036376953125" lon="-84.229178689420223236083984375">
        <ele>24.3999996185302734375</ele>
        <time>2024-07-27T12:38:53.000Z</time>
        <extensions>
          <ns3:TrackPointExtension>
            <ns3:atemp>31.0</ns3:atemp>
            <ns3:hr>108</ns3:hr>
            <ns3:cad>45</ns3:cad>
          </ns3:TrackPointExtension>
        </extensions>
      </trkpt>
      <trkpt lat="30.45332414098083972930908203125" lon="-84.2291436530649662017822265625">
        <ele>24.200000762939453125</ele>
        <time>2024-07-27T12:38:58.000Z</time>
        <extensions>
          <ns3:TrackPointExtension>
            <ns3:atemp>31.0</ns3:atemp>
            <ns3:hr>110</ns3:hr>
            <ns3:cad>0</ns3:cad>
          </ns3:TrackPointExtension>
        </extensions>
      </trkpt>
      <trkpt lat="30.45332145877182483673095703125" lon="-84.2291473411023616790771484375">
        <ele>24.200000762939453125</ele>
        <time>2024-07-27T12:38:59.000Z</time>
        <extensions>
          <ns3:TrackPointExtension>
            <ns3:atemp>31.0</ns3:atemp>
            <ns3:hr>110</ns3:hr>
            <ns3:cad>0</ns3:cad>
          </ns3:TrackPointExtension>
        </extensions>
      </trkpt>
      <trkpt lat="30.45332162640988826751708984375" lon="-84.22914021648466587066650390625">
        <ele>24.200000762939453125</ele>
        <time>2024-07-27T12:39:01.000Z</time>
        <extensions>
          <ns3:TrackPointExtension>
            <ns3:atemp>31.0</ns3:atemp>
            <ns3:hr>110</ns3:hr>
            <ns3:cad>0</ns3:cad>
          </ns3:TrackPointExtension>
        </extensions>
      </trkpt>
      <trkpt lat="30.45331760309636592864990234375" lon="-84.22913015820086002349853515625">
        <ele>24</ele>
        <time>2024-07-27T12:39:07.000Z</time>
        <extensions>
          <ns3:TrackPointExtension>
            <ns3:atemp>31.0</ns3:atemp>
            <ns3:hr>112</ns3:hr>
            <ns3:cad>0</ns3:cad>
          </ns3:TrackPointExtension>
        </extensions>
      </trkpt>
      <trkpt lat="30.45332062058150768280029296875" lon="-84.22909311018884181976318359375">
        <ele>24</ele>
        <time>2024-07-27T12:39:12.000Z</time>
        <extensions>
          <ns3:TrackPointExtension>
            <ns3:atemp>31.0</ns3:atemp>
            <ns3:hr>115</ns3:hr>
            <ns3:cad>0</ns3:cad>
          </ns3:TrackPointExtension>
        </extensions>
      </trkpt>
      <trkpt lat="30.453324727714061737060546875" lon="-84.22908447682857513427734375">
        <ele>24</ele>
        <time>2024-07-27T12:39:13.000Z</time>
        <extensions>
          <ns3:TrackPointExtension>
            <ns3:atemp>31.0</ns3:atemp>
            <ns3:hr>115</ns3:hr>
            <ns3:cad>0</ns3:cad>
          </ns3:TrackPointExtension>
        </extensions>
      </trkpt>
      <trkpt lat="30.45333704911172389984130859375" lon="-84.22906444407999515533447265625">
        <ele>23.799999237060546875</ele>
        <time>2024-07-27T12:39:16.000Z</time>
        <extensions>
          <ns3:TrackPointExtension>
            <ns3:atemp>31.0</ns3:atemp>
            <ns3:hr>119</ns3:hr>
            <ns3:cad>0</ns3:cad>
          </ns3:TrackPointExtension>
        </extensions>
      </trkpt>
      <trkpt lat="30.453347526490688323974609375" lon="-84.22904265113174915313720703125">
        <ele>23.799999237060546875</ele>
        <time>2024-07-27T12:39:18.000Z</time>
        <extensions>
          <ns3:TrackPointExtension>
            <ns3:atemp>31.0</ns3:atemp>
            <ns3:hr>123</ns3:hr>
            <ns3:cad>0</ns3:cad>
          </ns3:TrackPointExtension>
        </extensions>
      </trkpt>
      <trkpt lat="30.45335750095546245574951171875" lon="-84.22901130281388759613037109375">
        <ele>24</ele>
        <time>2024-07-27T12:39:22.000Z</time>
        <extensions>
          <ns3:TrackPointExtension>
            <ns3:atemp>31.0</ns3:atemp>
            <ns3:hr>120</ns3:hr>
            <ns3:cad>46</ns3:cad>
          </ns3:TrackPointExtension>
        </extensions>
      </trkpt>
      <trkpt lat="30.453374683856964111328125" lon="-84.22898255288600921630859375">
        <ele>24.200000762939453125</ele>
        <time>2024-07-27T12:39:27.000Z</time>
        <extensions>
          <ns3:TrackPointExtension>
            <ns3:atemp>31.0</ns3:atemp>
            <ns3:hr>117</ns3:hr>
            <ns3:cad>0</ns3:cad>
          </ns3:TrackPointExtension>
        </extensions>
      </trkpt>
      <trkpt lat="30.45337493531405925750732421875" lon="-84.22896838746964931488037109375">
        <ele>24</ele>
        <time>2024-07-27T12:39:29.000Z</time>
        <extensions>
          <ns3:TrackPointExtension>
            <ns3:atemp>31.0</ns3:atemp>
            <ns3:hr>116</ns3:hr>
            <ns3:cad>0</ns3:cad>
          </ns3:TrackPointExtension>
        </extensions>
      </trkpt>
      <trkpt lat="30.4533771984279155731201171875" lon="-84.228966794908046722412109375">
        <ele>24</ele>
        <time>2024-07-27T12:39:30.000Z</time>
        <extensions>
          <ns3:TrackPointExtension>
            <ns3:atemp>31.0</ns3:atemp>
            <ns3:hr>113</ns3:hr>
            <ns3:cad>0</ns3:cad>
          </ns3:TrackPointExtension>
        </extensions>
      </trkpt>
      <trkpt lat="30.45339555479586124420166015625" lon="-84.22893226146697998046875">
        <ele>24.200000762939453125</ele>
        <time>2024-07-27T12:39:34.000Z</time>
        <extensions>
          <ns3:TrackPointExtension>
            <ns3:atemp>31.0</ns3:atemp>
            <ns3:hr>114</ns3:hr>
            <ns3:cad>0</ns3:cad>
          </ns3:TrackPointExtension>
        </extensions>
      </trkpt>
      <trkpt lat="30.45342086814343929290771484375" lon="-84.22888758592307567596435546875">
        <ele>24.200000762939453125</ele>
        <time>2024-07-27T12:39:41.000Z</time>
        <extensions>
          <ns3:TrackPointExtension>
            <ns3:atemp>31.0</ns3:atemp>
            <ns3:hr>111</ns3:hr>
            <ns3:cad>0</ns3:cad>
          </ns3:TrackPointExtension>
        </extensions>
      </trkpt>
      <trkpt lat="30.45345121063292026519775390625" lon="-84.2288237996399402618408203125">
        <ele>24.6000003814697265625</ele>
        <time>2024-07-27T12:39:48.000Z</time>
        <extensions>
          <ns3:TrackPointExtension>
            <ns3:atemp>31.0</ns3:atemp>
            <ns3:hr>109</ns3:hr>
            <ns3:cad>77</ns3:cad>
          </ns3:TrackPointExtension>
        </extensions>
      </trkpt>
      <trkpt lat="30.453465878963470458984375" lon="-84.2287570796906948089599609375">
        <ele>24.799999237060546875</ele>
        <time>2024-07-27T12:39:54.000Z</time>
        <extensions>
          <ns3:TrackPointExtension>
            <ns3:atemp>31.0</ns3:atemp>
            <ns3:hr>111</ns3:hr>
            <ns3:cad>0</ns3:cad>
          </ns3:TrackPointExtension>
        </extensions>
      </trkpt>
      <trkpt lat="30.45346319675445556640625" lon="-84.22872682102024555206298828125">
        <ele>24.6000003814697265625</ele>
        <time>2024-07-27T12:39:57.000Z</time>
        <extensions>
          <ns3:TrackPointExtension>
            <ns3:atemp>31.0</ns3:atemp>
            <ns3:hr>113</ns3:hr>
            <ns3:cad>0</ns3:cad>
          </ns3:TrackPointExtension>
        </extensions>
      </trkpt>
      <trkpt lat="30.45346646569669246673583984375" lon="-84.2287118174135684967041015625">
        <ele>24.6000003814697265625</ele>
        <time>2024-07-27T12:39:59.000Z</time>
        <extensions>
          <ns3:TrackPointExtension>
            <ns3:atemp>31.0</ns3:atemp>
            <ns3:hr>114</ns3:hr>
            <ns3:cad>0</ns3:cad>
          </ns3:TrackPointExtension>
        </extensions>
      </trkpt>
      <trkpt lat="30.4534633643925189971923828125" lon="-84.22869211994111537933349609375">
        <ele>25</ele>
        <time>2024-07-27T12:40:03.000Z</time>
        <extensions>
          <ns3:TrackPointExtension>
            <ns3:atemp>31.0</ns3:atemp>
            <ns3:hr>116</ns3:hr>
            <ns3:cad>0</ns3:cad>
          </ns3:TrackPointExtension>
        </extensions>
      </trkpt>
      <trkpt lat="30.45347727835178375244140625" lon="-84.22867284156382083892822265625">
        <ele>25</ele>
        <time>2024-07-27T12:40:05.000Z</time>
        <extensions>
          <ns3:TrackPointExtension>
            <ns3:atemp>31.0</ns3:atemp>
            <ns3:hr>117</ns3:hr>
            <ns3:cad>0</ns3:cad>
          </ns3:TrackPointExtension>
        </extensions>
      </trkpt>
      <trkpt lat="30.45347987674176692962646484375" lon="-84.22867233864963054656982421875">
        <ele>25</ele>
        <time>2024-07-27T12:40:06.000Z</time>
        <extensions>
          <ns3:TrackPointExtension>
            <ns3:atemp>31.0</ns3:atemp>
            <ns3:hr>117</ns3:hr>
            <ns3:cad>0</ns3:cad>
          </ns3:TrackPointExtension>
        </extensions>
      </trkpt>
      <trkpt lat="30.453482307493686676025390625" lon="-84.2286658845841884613037109375">
        <ele>25</ele>
        <time>2024-07-27T12:40:07.000Z</time>
        <extensions>
          <ns3:TrackPointExtension>
            <ns3:atemp>31.0</ns3:atemp>
            <ns3:hr>117</ns3:hr>
            <ns3:cad>0</ns3:cad>
          </ns3:TrackPointExtension>
        </extensions>
      </trkpt>
      <trkpt lat="30.45351575128734111785888671875" lon="-84.22863462008535861968994140625">
        <ele>25.200000762939453125</ele>
        <time>2024-07-27T12:40:12.000Z</time>
        <extensions>
          <ns3:TrackPointExtension>
            <ns3:atemp>31.0</ns3:atemp>
            <ns3:hr>118</ns3:hr>
            <ns3:cad>0</ns3:cad>
          </ns3:TrackPointExtension>
        </extensions>
      </trkpt>
      <trkpt lat="30.45355196110904216766357421875" lon="-84.228593967854976654052734375">
        <ele>25.200000762939453125</ele>
        <time>2024-07-27T12:40:16.000Z</time>
        <extensions>
          <ns3:TrackPointExtension>
            <ns3:atemp>31.0</ns3:atemp>
            <ns3:hr>121</ns3:hr>
            <ns3:cad>0</ns3:cad>
          </ns3:TrackPointExtension>
        </extensions>
      </trkpt>
      <trkpt lat="30.45355967245995998382568359375" lon="-84.22857108525931835174560546875">
        <ele>25.200000762939453125</ele>
        <time>2024-07-27T12:40:18.000Z</time>
        <extensions>
          <ns3:TrackPointExtension>
            <ns3:atemp>31.0</ns3:atemp>
            <ns3:hr>120</ns3:hr>
            <ns3:cad>0</ns3:cad>
          </ns3:TrackPointExtension>
        </extensions>
      </trkpt>
      <trkpt lat="30.45354994945228099822998046875" lon="-84.22855063341557979583740234375">
        <ele>25</ele>
        <time>2024-07-27T12:40:23.000Z</time>
        <extensions>
          <ns3:TrackPointExtension>
            <ns3:atemp>31.0</ns3:atemp>
            <ns3:hr>117</ns3:hr>
            <ns3:cad>0</ns3:cad>
          </ns3:TrackPointExtension>
        </extensions>
      </trkpt>
      <trkpt lat="30.45355078764259815216064453125" lon="-84.2285076342523097991943359375">
        <ele>24.6000003814697265625</ele>
        <time>2024-07-27T12:40:32.000Z</time>
        <extensions>
          <ns3:TrackPointExtension>
            <ns3:atemp>31.0</ns3:atemp>
            <ns3:hr>117</ns3:hr>
            <ns3:cad>0</ns3:cad>
          </ns3:TrackPointExtension>
        </extensions>
      </trkpt>
      <trkpt lat="30.45356436632573604583740234375" lon="-84.2284623719751834869384765625">
        <ele>24.799999237060546875</ele>
        <time>2024-07-27T12:40:42.000Z</time>
        <extensions>
          <ns3:TrackPointExtension>
            <ns3:atemp>31.0</ns3:atemp>
            <ns3:hr>118</ns3:hr>
            <ns3:cad>0</ns3:cad>
          </ns3:TrackPointExtension>
        </extensions>
      </trkpt>
      <trkpt lat="30.453566797077655792236328125" lon="-84.228452146053314208984375">
        <ele>24.799999237060546875</ele>
        <time>2024-07-27T12:40:50.000Z</time>
        <extensions>
          <ns3:TrackPointExtension>
            <ns3:atemp>31.0</ns3:atemp>
            <ns3:hr>117</ns3:hr>
            <ns3:cad>0</ns3:cad>
          </ns3:TrackPointExtension>
        </extensions>
      </trkpt>
      <trkpt lat="30.4536031745374202728271484375" lon="-84.22838064841926097869873046875">
        <ele>25</ele>
        <time>2024-07-27T12:40:58.000Z</time>
        <extensions>
          <ns3:TrackPointExtension>
            <ns3:atemp>31.0</ns3:atemp>
            <ns3:hr>118</ns3:hr>
            <ns3:cad>0</ns3:cad>
          </ns3:TrackPointExtension>
        </extensions>
      </trkpt>
      <trkpt lat="30.453627146780490875244140625" lon="-84.22835600562393665313720703125">
        <ele>25</ele>
        <time>2024-07-27T12:41:04.000Z</time>
        <extensions>
          <ns3:TrackPointExtension>
            <ns3:atemp>31.0</ns3:atemp>
            <ns3:hr>118</ns3:hr>
            <ns3:cad>0</ns3:cad>
          </ns3:TrackPointExtension>
        </extensions>
      </trkpt>
      <trkpt lat="30.453647263348102569580078125" lon="-84.228286854922771453857421875">
        <ele>25.200000762939453125</ele>
        <time>2024-07-27T12:41:13.000Z</time>
        <extensions>
          <ns3:TrackPointExtension>
            <ns3:atemp>31.0</ns3:atemp>
            <ns3:hr>117</ns3:hr>
            <ns3:cad>0</ns3:cad>
          </ns3:TrackPointExtension>
        </extensions>
      </trkpt>
      <trkpt lat="30.4536511190235614776611328125" lon="-84.228241927921772003173828125">
        <ele>25.3999996185302734375</ele>
        <time>2024-07-27T12:41:19.000Z</time>
        <extensions>
          <ns3:TrackPointExtension>
            <ns3:atemp>31.0</ns3:atemp>
            <ns3:hr>116</ns3:hr>
            <ns3:cad>0</ns3:cad>
          </ns3:TrackPointExtension>
        </extensions>
      </trkpt>
      <trkpt lat="30.45367869548499584197998046875" lon="-84.228173196315765380859375">
        <ele>25</ele>
        <time>2024-07-27T12:41:29.000Z</time>
        <extensions>
          <ns3:TrackPointExtension>
            <ns3:atemp>31.0</ns3:atemp>
            <ns3:hr>116</ns3:hr>
            <ns3:cad>0</ns3:cad>
          </ns3:TrackPointExtension>
        </extensions>
      </trkpt>
      <trkpt lat="30.45371197164058685302734375" lon="-84.22812382690608501434326171875">
        <ele>25.3999996185302734375</ele>
        <time>2024-07-27T12:41:35.000Z</time>
        <extensions>
          <ns3:TrackPointExtension>
            <ns3:atemp>31.0</ns3:atemp>
            <ns3:hr>114</ns3:hr>
            <ns3:cad>47</ns3:cad>
          </ns3:TrackPointExtension>
        </extensions>
      </trkpt>
      <trkpt lat="30.45371574349701404571533203125" lon="-84.22810404561460018157958984375">
        <ele>25.3999996185302734375</ele>
        <time>2024-07-27T12:41:36.000Z</time>
        <extensions>
          <ns3:TrackPointExtension>
            <ns3:atemp>31.0</ns3:atemp>
            <ns3:hr>114</ns3:hr>
            <ns3:cad>47</ns3:cad>
          </ns3:TrackPointExtension>
        </extensions>
      </trkpt>
      <trkpt lat="30.45374013483524322509765625" lon="-84.22805576585233211517333984375">
        <ele>25.200000762939453125</ele>
        <time>2024-07-27T12:41:44.000Z</time>
        <extensions>
          <ns3:TrackPointExtension>
            <ns3:atemp>31.0</ns3:atemp>
            <ns3:hr>113</ns3:hr>
            <ns3:cad>0</ns3:cad>
          </ns3:TrackPointExtension>
        </extensions>
      </trkpt>
      <trkpt lat="30.45377274043858051300048828125" lon="-84.2280023731291294097900390625">
        <ele>25.200000762939453125</ele>
        <time>2024-07-27T12:41:51.000Z</time>
        <extensions>
          <ns3:TrackPointExtension>
            <ns3:atemp>31.0</ns3:atemp>
            <ns3:hr>112</ns3:hr>
            <ns3:cad>0</ns3:cad>
          </ns3:TrackPointExtension>
        </extensions>
      </trkpt>
      <trkpt lat="30.45377475209534168243408203125" lon="-84.2279681749641895294189453125">
        <ele>25.200000762939453125</ele>
        <time>2024-07-27T12:41:56.000Z</time>
        <extensions>
          <ns3:TrackPointExtension>
            <ns3:atemp>31.0</ns3:atemp>
            <ns3:hr>111</ns3:hr>
            <ns3:cad>47</ns3:cad>
          </ns3:TrackPointExtension>
        </extensions>
      </trkpt>
      <trkpt lat="30.453773327171802520751953125" lon="-84.2279158718883991241455078125">
        <ele>25.3999996185302734375</ele>
        <time>2024-07-27T12:42:01.000Z</time>
        <extensions>
          <ns3:TrackPointExtension>
            <ns3:atemp>31.0</ns3:atemp>
            <ns3:hr>111</ns3:hr>
            <ns3:cad>0</ns3:cad>
          </ns3:TrackPointExtension>
        </extensions>
      </trkpt>
      <trkpt lat="30.45378514565527439117431640625" lon="-84.227896593511104583740234375">
        <ele>25.6000003814697265625</ele>
        <time>2024-07-27T12:42:04.000Z</time>
        <extensions>
          <ns3:TrackPointExtension>
            <ns3:atemp>31.0</ns3:atemp>
            <ns3:hr>115</ns3:hr>
            <ns3:cad>0</ns3:cad>
          </ns3:TrackPointExtension>
        </extensions>
      </trkpt>
      <trkpt lat="30.45379101298749446868896484375" lon="-84.22788511030375957489013671875">
        <ele>25.6000003814697265625</ele>
        <time>2024-07-27T12:42:05.000Z</time>
        <extensions>
          <ns3:TrackPointExtension>
            <ns3:atemp>31.0</ns3:atemp>
            <ns3:hr>119</ns3:hr>
            <ns3:cad>41</ns3:cad>
          </ns3:TrackPointExtension>
        </extensions>
      </trkpt>
      <trkpt lat="30.4537912644445896148681640625" lon="-84.22785795293748378753662109375">
        <ele>25.6000003814697265625</ele>
        <time>2024-07-27T12:42:06.000Z</time>
        <extensions>
          <ns3:TrackPointExtension>
            <ns3:atemp>31.0</ns3:atemp>
            <ns3:hr>119</ns3:hr>
            <ns3:cad>41</ns3:cad>
          </ns3:TrackPointExtension>
        </extensions>
      </trkpt>
      <trkpt lat="30.45379805378615856170654296875" lon="-84.227825514972209930419921875">
        <ele>25.6000003814697265625</ele>
        <time>2024-07-27T12:42:09.000Z</time>
        <extensions>
          <ns3:TrackPointExtension>
            <ns3:atemp>31.0</ns3:atemp>
            <ns3:hr>121</ns3:hr>
            <ns3:cad>0</ns3:cad>
          </ns3:TrackPointExtension>
        </extensions>
      </trkpt>
      <trkpt lat="30.45381347648799419403076171875" lon="-84.2277861200273036956787109375">
        <ele>25.6000003814697265625</ele>
        <time>2024-07-27T12:42:13.000Z</time>
        <extensions>
          <ns3:TrackPointExtension>
            <ns3:atemp>31.0</ns3:atemp>
            <ns3:hr>121</ns3:hr>
            <ns3:cad>0</ns3:cad>
          </ns3:TrackPointExtension>
        </extensions>
      </trkpt>
      <trkpt lat="30.4538561403751373291015625" lon="-84.22773054800927639007568359375">
        <ele>25.6000003814697265625</ele>
        <time>2024-07-27T12:42:19.000Z</time>
        <extensions>
          <ns3:TrackPointExtension>
            <ns3:atemp>31.0</ns3:atemp>
            <ns3:hr>120</ns3:hr>
            <ns3:cad>0</ns3:cad>
          </ns3:TrackPointExtension>
        </extensions>
      </trkpt>
      <trkpt lat="30.45386661775410175323486328125" lon="-84.22769601456820964813232421875">
        <ele>25.6000003814697265625</ele>
        <time>2024-07-27T12:42:28.000Z</time>
        <extensions>
          <ns3:TrackPointExtension>
            <ns3:atemp>31.0</ns3:atemp>
            <ns3:hr>118</ns3:hr>
            <ns3:cad>0</ns3:cad>
          </ns3:TrackPointExtension>
        </extensions>
      </trkpt>
      <trkpt lat="30.4538522846996784210205078125" lon="-84.227635078132152557373046875">
        <ele>25.6000003814697265625</ele>
        <time>2024-07-27T12:42:37.000Z</time>
        <extensions>
          <ns3:TrackPointExtension>
            <ns3:atemp>31.0</ns3:atemp>
            <ns3:hr>117</ns3:hr>
            <ns3:cad>47</ns3:cad>
          </ns3:TrackPointExtension>
        </extensions>
      </trkpt>
      <trkpt lat="30.45386058278381824493408203125" lon="-84.2275871336460113525390625">
        <ele>25.200000762939453125</ele>
        <time>2024-07-27T12:42:43.000Z</time>
        <extensions>
          <ns3:TrackPointExtension>
            <ns3:atemp>31.0</ns3:atemp>
            <ns3:hr>118</ns3:hr>
            <ns3:cad>0</ns3:cad>
          </ns3:TrackPointExtension>
        </extensions>
      </trkpt>
      <trkpt lat="30.45388388447463512420654296875" lon="-84.22753256745636463165283203125">
        <ele>25.3999996185302734375</ele>
        <time>2024-07-27T12:42:49.000Z</time>
        <extensions>
          <ns3:TrackPointExtension>
            <ns3:atemp>31.0</ns3:atemp>
            <ns3:hr>120</ns3:hr>
            <ns3:cad>48</ns3:cad>
          </ns3:TrackPointExtension>
        </extensions>
      </trkpt>
      <trkpt lat="30.4538948647677898406982421875" lon="-84.22747272066771984100341796875">
        <ele>25.3999996185302734375</ele>
        <time>2024-07-27T12:42:54.000Z</time>
        <extensions>
          <ns3:TrackPointExtension>
            <ns3:atemp>31.0</ns3:atemp>
            <ns3:hr>120</ns3:hr>
            <ns3:cad>44</ns3:cad>
          </ns3:TrackPointExtension>
        </extensions>
      </trkpt>
      <trkpt lat="30.45390048064291477203369140625" lon="-84.2274557054042816162109375">
        <ele>25.3999996185302734375</ele>
        <time>2024-07-27T12:42:56.000Z</time>
        <extensions>
          <ns3:TrackPointExtension>
            <ns3:atemp>31.0</ns3:atemp>
            <ns3:hr>120</ns3:hr>
            <ns3:cad>44</ns3:cad>
          </ns3:TrackPointExtension>
        </extensions>
      </trkpt>
      <trkpt lat="30.4539190046489238739013671875" lon="-84.22739258967339992523193359375">
        <ele>25.200000762939453125</ele>
        <time>2024-07-27T12:42:59.000Z</time>
        <extensions>
          <ns3:TrackPointExtension>
            <ns3:atemp>31.0</ns3:atemp>
            <ns3:hr>119</ns3:hr>
            <ns3:cad>47</ns3:cad>
          </ns3:TrackPointExtension>
        </extensions>
      </trkpt>
      <trkpt lat="30.45392596162855625152587890625" lon="-84.2273606546223163604736328125">
        <ele>25</ele>
        <time>2024-07-27T12:43:01.000Z</time>
        <extensions>
          <ns3:TrackPointExtension>
            <ns3:atemp>31.0</ns3:atemp>
            <ns3:hr>115</ns3:hr>
            <ns3:cad>44</ns3:cad>
          </ns3:TrackPointExtension>
        </extensions>
      </trkpt>
      <trkpt lat="30.45392512343823909759521484375" lon="-84.227328635752201080322265625">
        <ele>25</ele>
        <time>2024-07-27T12:43:05.000Z</time>
        <extensions>
          <ns3:TrackPointExtension>
            <ns3:atemp>31.0</ns3:atemp>
            <ns3:hr>112</ns3:hr>
            <ns3:cad>0</ns3:cad>
          </ns3:TrackPointExtension>
        </extensions>
      </trkpt>
      <trkpt lat="30.4539273865520954132080078125" lon="-84.22730223275721073150634765625">
        <ele>25</ele>
        <time>2024-07-27T12:43:08.000Z</time>
        <extensions>
          <ns3:TrackPointExtension>
            <ns3:atemp>31.0</ns3:atemp>
            <ns3:hr>111</ns3:hr>
            <ns3:cad>44</ns3:cad>
          </ns3:TrackPointExtension>
        </extensions>
      </trkpt>
      <trkpt lat="30.45392814092338085174560546875" lon="-84.2272744886577129364013671875">
        <ele>25</ele>
        <time>2024-07-27T12:43:12.000Z</time>
        <extensions>
          <ns3:TrackPointExtension>
            <ns3:atemp>31.0</ns3:atemp>
            <ns3:hr>110</ns3:hr>
            <ns3:cad>41</ns3:cad>
          </ns3:TrackPointExtension>
        </extensions>
      </trkpt>
      <trkpt lat="30.45393367297947406768798828125" lon="-84.22725345008075237274169921875">
        <ele>25</ele>
        <time>2024-07-27T12:43:14.000Z</time>
        <extensions>
          <ns3:TrackPointExtension>
            <ns3:atemp>31.0</ns3:atemp>
            <ns3:hr>111</ns3:hr>
            <ns3:cad>41</ns3:cad>
          </ns3:TrackPointExtension>
        </extensions>
      </trkpt>
      <trkpt lat="30.45393853448331356048583984375" lon="-84.22724246978759765625">
        <ele>25</ele>
        <time>2024-07-27T12:43:15.000Z</time>
        <extensions>
          <ns3:TrackPointExtension>
            <ns3:atemp>31.0</ns3:atemp>
            <ns3:hr>112</ns3:hr>
            <ns3:cad>41</ns3:cad>
          </ns3:TrackPointExtension>
        </extensions>
      </trkpt>
      <trkpt lat="30.4539592377841472625732421875" lon="-84.22715194523334503173828125">
        <ele>25.3999996185302734375</ele>
        <time>2024-07-27T12:43:23.000Z</time>
        <extensions>
          <ns3:TrackPointExtension>
            <ns3:atemp>31.0</ns3:atemp>
            <ns3:hr>113</ns3:hr>
            <ns3:cad>47</ns3:cad>
          </ns3:TrackPointExtension>
        </extensions>
      </trkpt>
      <trkpt lat="30.4539589025080204010009765625" lon="-84.22713912092149257659912109375">
        <ele>25.200000762939453125</ele>
        <time>2024-07-27T12:43:24.000Z</time>
        <extensions>
          <ns3:TrackPointExtension>
            <ns3:atemp>31.0</ns3:atemp>
            <ns3:hr>113</ns3:hr>
            <ns3:cad>48</ns3:cad>
          </ns3:TrackPointExtension>
        </extensions>
      </trkpt>
      <trkpt lat="30.45396736823022365570068359375" lon="-84.22708950005471706390380859375">
        <ele>25.3999996185302734375</ele>
        <time>2024-07-27T12:43:28.000Z</time>
        <extensions>
          <ns3:TrackPointExtension>
            <ns3:atemp>31.0</ns3:atemp>
            <ns3:hr>113</ns3:hr>
            <ns3:cad>46</ns3:cad>
          </ns3:TrackPointExtension>
        </extensions>
      </trkpt>
      <trkpt lat="30.45397859998047351837158203125" lon="-84.227065108716487884521484375">
        <ele>25.3999996185302734375</ele>
        <time>2024-07-27T12:43:30.000Z</time>
        <extensions>
          <ns3:TrackPointExtension>
            <ns3:atemp>31.0</ns3:atemp>
            <ns3:hr>112</ns3:hr>
            <ns3:cad>47</ns3:cad>
          </ns3:TrackPointExtension>
        </extensions>
      </trkpt>
      <trkpt lat="30.454003326594829559326171875" lon="-84.22699847258627414703369140625">
        <ele>25.200000762939453125</ele>
        <time>2024-07-27T12:43:36.000Z</time>
        <extensions>
          <ns3:TrackPointExtension>
            <ns3:atemp>31.0</ns3:atemp>
            <ns3:hr>113</ns3:hr>
            <ns3:cad>48</ns3:cad>
          </ns3:TrackPointExtension>
        </extensions>
      </trkpt>
      <trkpt lat="30.4540098644793033599853515625" lon="-84.226987995207309722900390625">
        <ele>25.200000762939453125</ele>
        <time>2024-07-27T12:43:37.000Z</time>
        <extensions>
          <ns3:TrackPointExtension>
            <ns3:atemp>31.0</ns3:atemp>
            <ns3:hr>113</ns3:hr>
            <ns3:cad>48</ns3:cad>
          </ns3:TrackPointExtension>
        </extensions>
      </trkpt>
      <trkpt lat="30.45402118004858493804931640625" lon="-84.2269573174417018890380859375">
        <ele>25</ele>
        <time>2024-07-27T12:43:41.000Z</time>
        <extensions>
          <ns3:TrackPointExtension>
            <ns3:atemp>31.0</ns3:atemp>
            <ns3:hr>112</ns3:hr>
            <ns3:cad>0</ns3:cad>
          </ns3:TrackPointExtension>
        </extensions>
      </trkpt>
      <trkpt lat="30.454040206968784332275390625" lon="-84.226937033236026763916015625">
        <ele>25</ele>
        <time>2024-07-27T12:43:44.000Z</time>
        <extensions>
          <ns3:TrackPointExtension>
            <ns3:atemp>31.0</ns3:atemp>
            <ns3:hr>113</ns3:hr>
            <ns3:cad>0</ns3:cad>
          </ns3:TrackPointExtension>
        </extensions>
      </trkpt>
      <trkpt lat="30.45404255390167236328125" lon="-84.22693225555121898651123046875">
        <ele>25</ele>
        <time>2024-07-27T12:43:45.000Z</time>
        <extensions>
          <ns3:TrackPointExtension>
            <ns3:atemp>31.0</ns3:atemp>
            <ns3:hr>113</ns3:hr>
            <ns3:cad>0</ns3:cad>
          </ns3:TrackPointExtension>
        </extensions>
      </trkpt>
      <trkpt lat="30.4540430568158626556396484375" lon="-84.22691934742033481597900390625">
        <ele>25.200000762939453125</ele>
        <time>2024-07-27T12:43:47.000Z</time>
        <extensions>
          <ns3:TrackPointExtension>
            <ns3:atemp>31.0</ns3:atemp>
            <ns3:hr>114</ns3:hr>
            <ns3:cad>0</ns3:cad>
          </ns3:TrackPointExtension>
        </extensions>
      </trkpt>
      <trkpt lat="30.45403844676911830902099609375" lon="-84.22687810845673084259033203125">
        <ele>25.3999996185302734375</ele>
        <time>2024-07-27T12:43:51.000Z</time>
        <extensions>
          <ns3:TrackPointExtension>
            <ns3:atemp>31.0</ns3:atemp>
            <ns3:hr>115</ns3:hr>
            <ns3:cad>0</ns3:cad>
          </ns3:TrackPointExtension>
        </extensions>
      </trkpt>
      <trkpt lat="30.454042218625545501708984375" lon="-84.2268664576113224029541015625">
        <ele>25.3999996185302734375</ele>
        <time>2024-07-27T12:43:52.000Z</time>
        <extensions>
          <ns3:TrackPointExtension>
            <ns3:atemp>31.0</ns3:atemp>
            <ns3:hr>116</ns3:hr>
            <ns3:cad>0</ns3:cad>
          </ns3:TrackPointExtension>
        </extensions>
      </trkpt>
      <trkpt lat="30.45404431410133838653564453125" lon="-84.22686360776424407958984375">
        <ele>25.3999996185302734375</ele>
        <time>2024-07-27T12:43:53.000Z</time>
        <extensions>
          <ns3:TrackPointExtension>
            <ns3:atemp>31.0</ns3:atemp>
            <ns3:hr>114</ns3:hr>
            <ns3:cad>0</ns3:cad>
          </ns3:TrackPointExtension>
        </extensions>
      </trkpt>
      <trkpt lat="30.454038195312023162841796875" lon="-84.22686100937426090240478515625">
        <ele>25.3999996185302734375</ele>
        <time>2024-07-27T12:43:55.000Z</time>
        <extensions>
          <ns3:TrackPointExtension>
            <ns3:atemp>31.0</ns3:atemp>
            <ns3:hr>116</ns3:hr>
            <ns3:cad>0</ns3:cad>
          </ns3:TrackPointExtension>
        </extensions>
      </trkpt>
      <trkpt lat="30.45407549478113651275634765625" lon="-84.22685245983302593231201171875">
        <ele>25</ele>
        <time>2024-07-27T12:43:59.000Z</time>
        <extensions>
          <ns3:TrackPointExtension>
            <ns3:atemp>31.0</ns3:atemp>
            <ns3:hr>117</ns3:hr>
            <ns3:cad>49</ns3:cad>
          </ns3:TrackPointExtension>
        </extensions>
      </trkpt>
      <trkpt lat="30.4540963657200336456298828125" lon="-84.22683938406407833099365234375">
        <ele>25</ele>
        <time>2024-07-27T12:44:01.000Z</time>
        <extensions>
          <ns3:TrackPointExtension>
            <ns3:atemp>31.0</ns3:atemp>
            <ns3:hr>117</ns3:hr>
            <ns3:cad>0</ns3:cad>
          </ns3:TrackPointExtension>
        </extensions>
      </trkpt>
      <trkpt lat="30.4541163146495819091796875" lon="-84.22683133743703365325927734375">
        <ele>24.799999237060546875</ele>
        <time>2024-07-27T12:44:03.000Z</time>
        <extensions>
          <ns3:TrackPointExtension>
            <ns3:atemp>31.0</ns3:atemp>
            <ns3:hr>117</ns3:hr>
            <ns3:cad>0</ns3:cad>
          </ns3:TrackPointExtension>
        </extensions>
      </trkpt>
      <trkpt lat="30.454139448702335357666015625" lon="-84.2268200218677520751953125">
        <ele>24.3999996185302734375</ele>
        <time>2024-07-27T12:44:05.000Z</time>
        <extensions>
          <ns3:TrackPointExtension>
            <ns3:atemp>31.0</ns3:atemp>
            <ns3:hr>117</ns3:hr>
            <ns3:cad>0</ns3:cad>
          </ns3:TrackPointExtension>
        </extensions>
      </trkpt>
      <trkpt lat="30.45418135821819305419921875" lon="-84.2267937026917934417724609375">
        <ele>23.799999237060546875</ele>
        <time>2024-07-27T12:44:08.000Z</time>
        <extensions>
          <ns3:TrackPointExtension>
            <ns3:atemp>31.0</ns3:atemp>
            <ns3:hr>116</ns3:hr>
            <ns3:cad>0</ns3:cad>
          </ns3:TrackPointExtension>
        </extensions>
      </trkpt>
      <trkpt lat="30.4541868902742862701416015625" lon="-84.2267320118844509124755859375">
        <ele>23.6000003814697265625</ele>
        <time>2024-07-27T12:44:14.000Z</time>
        <extensions>
          <ns3:TrackPointExtension>
            <ns3:atemp>31.0</ns3:atemp>
            <ns3:hr>115</ns3:hr>
            <ns3:cad>54</ns3:cad>
          </ns3:TrackPointExtension>
        </extensions>
      </trkpt>
      <trkpt lat="30.45418613590300083160400390625" lon="-84.22672471962869167327880859375">
        <ele>23.3999996185302734375</ele>
        <time>2024-07-27T12:44:20.000Z</time>
        <extensions>
          <ns3:TrackPointExtension>
            <ns3:atemp>31.0</ns3:atemp>
            <ns3:hr>115</ns3:hr>
            <ns3:cad>0</ns3:cad>
          </ns3:TrackPointExtension>
        </extensions>
      </trkpt>
      <trkpt lat="30.45419082976877689361572265625" lon="-84.22671214677393436431884765625">
        <ele>23.200000762939453125</ele>
        <time>2024-07-27T12:44:21.000Z</time>
        <extensions>
          <ns3:TrackPointExtension>
            <ns3:atemp>31.0</ns3:atemp>
            <ns3:hr>115</ns3:hr>
            <ns3:cad>52</ns3:cad>
          </ns3:TrackPointExtension>
        </extensions>
      </trkpt>
      <trkpt lat="30.45420373789966106414794921875" lon="-84.2266676388680934906005859375">
        <ele>23</ele>
        <time>2024-07-27T12:44:25.000Z</time>
        <extensions>
          <ns3:TrackPointExtension>
            <ns3:atemp>31.0</ns3:atemp>
            <ns3:hr>114</ns3:hr>
            <ns3:cad>54</ns3:cad>
          </ns3:TrackPointExtension>
        </extensions>
      </trkpt>
      <trkpt lat="30.45420558191835880279541015625" lon="-84.22665774822235107421875">
        <ele>22.799999237060546875</ele>
        <time>2024-07-27T12:44:26.000Z</time>
        <extensions>
          <ns3:TrackPointExtension>
            <ns3:atemp>31.0</ns3:atemp>
            <ns3:hr>115</ns3:hr>
            <ns3:cad>49</ns3:cad>
          </ns3:TrackPointExtension>
        </extensions>
      </trkpt>
      <trkpt lat="30.4542046599090099334716796875" lon="-84.226619862020015716552734375">
        <ele>23</ele>
        <time>2024-07-27T12:44:30.000Z</time>
        <extensions>
          <ns3:TrackPointExtension>
            <ns3:atemp>31.0</ns3:atemp>
            <ns3:hr>114</ns3:hr>
            <ns3:cad>46</ns3:cad>
          </ns3:TrackPointExtension>
        </extensions>
      </trkpt>
      <trkpt lat="30.45421346090734004974365234375" lon="-84.2266094684600830078125">
        <ele>23</ele>
        <time>2024-07-27T12:44:31.000Z</time>
        <extensions>
          <ns3:TrackPointExtension>
            <ns3:atemp>31.0</ns3:atemp>
            <ns3:hr>113</ns3:hr>
            <ns3:cad>45</ns3:cad>
          </ns3:TrackPointExtension>
        </extensions>
      </trkpt>
      <trkpt lat="30.45428856275975704193115234375" lon="-84.2265187762677669525146484375">
        <ele>23</ele>
        <time>2024-07-27T12:44:35.000Z</time>
        <extensions>
          <ns3:TrackPointExtension>
            <ns3:atemp>31.0</ns3:atemp>
            <ns3:hr>112</ns3:hr>
            <ns3:cad>43</ns3:cad>
          </ns3:TrackPointExtension>
        </extensions>
      </trkpt>
      <trkpt lat="30.45428135432302951812744140625" lon="-84.2265067063271999359130859375">
        <ele>22.799999237060546875</ele>
        <time>2024-07-27T12:44:37.000Z</time>
        <extensions>
          <ns3:TrackPointExtension>
            <ns3:atemp>31.0</ns3:atemp>
            <ns3:hr>112</ns3:hr>
            <ns3:cad>43</ns3:cad>
          </ns3:TrackPointExtension>
        </extensions>
      </trkpt>
      <trkpt lat="30.45427649281919002532958984375" lon="-84.226478040218353271484375">
        <ele>22.6000003814697265625</ele>
        <time>2024-07-27T12:44:39.000Z</time>
        <extensions>
          <ns3:TrackPointExtension>
            <ns3:atemp>31.0</ns3:atemp>
            <ns3:hr>111</ns3:hr>
            <ns3:cad>0</ns3:cad>
          </ns3:TrackPointExtension>
        </extensions>
      </trkpt>
      <trkpt lat="30.45427582226693630218505859375" lon="-84.22646722756326198577880859375">
        <ele>22.6000003814697265625</ele>
        <time>2024-07-27T12:44:40.000Z</time>
        <extensions>
          <ns3:TrackPointExtension>
            <ns3:atemp>31.0</ns3:atemp>
            <ns3:hr>111</ns3:hr>
            <ns3:cad>0</ns3:cad>
          </ns3:TrackPointExtension>
        </extensions>
      </trkpt>
      <trkpt lat="30.45428059995174407958984375" lon="-84.22640603967010974884033203125">
        <ele>22.6000003814697265625</ele>
        <time>2024-07-27T12:44:45.000Z</time>
        <extensions>
          <ns3:TrackPointExtension>
            <ns3:atemp>31.0</ns3:atemp>
            <ns3:hr>112</ns3:hr>
            <ns3:cad>0</ns3:cad>
          </ns3:TrackPointExtension>
        </extensions>
      </trkpt>
      <trkpt lat="30.45427783392369747161865234375" lon="-84.22637519426643848419189453125">
        <ele>22.6000003814697265625</ele>
        <time>2024-07-27T12:44:47.000Z</time>
        <extensions>
          <ns3:TrackPointExtension>
            <ns3:atemp>31.0</ns3:atemp>
            <ns3:hr>112</ns3:hr>
            <ns3:cad>0</ns3:cad>
          </ns3:TrackPointExtension>
        </extensions>
      </trkpt>
      <trkpt lat="30.454272888600826263427734375" lon="-84.22632574103772640228271484375">
        <ele>22.6000003814697265625</ele>
        <time>2024-07-27T12:44:50.000Z</time>
        <extensions>
          <ns3:TrackPointExtension>
            <ns3:atemp>31.0</ns3:atemp>
            <ns3:hr>112</ns3:hr>
            <ns3:cad>46</ns3:cad>
          </ns3:TrackPointExtension>
        </extensions>
      </trkpt>
      <trkpt lat="30.45428051613271236419677734375" lon="-84.22626287676393985748291015625">
        <ele>22.799999237060546875</ele>
        <time>2024-07-27T12:44:54.000Z</time>
        <extensions>
          <ns3:TrackPointExtension>
            <ns3:atemp>31.0</ns3:atemp>
            <ns3:hr>112</ns3:hr>
            <ns3:cad>0</ns3:cad>
          </ns3:TrackPointExtension>
        </extensions>
      </trkpt>
      <trkpt lat="30.4542626626789569854736328125" lon="-84.2262230627238750457763671875">
        <ele>23</ele>
        <time>2024-07-27T12:44:58.000Z</time>
        <extensions>
          <ns3:TrackPointExtension>
            <ns3:atemp>31.0</ns3:atemp>
            <ns3:hr>116</ns3:hr>
            <ns3:cad>43</ns3:cad>
          </ns3:TrackPointExtension>
        </extensions>
      </trkpt>
      <trkpt lat="30.45425235293805599212646484375" lon="-84.22619800083339214324951171875">
        <ele>23</ele>
        <time>2024-07-27T12:45:00.000Z</time>
        <extensions>
          <ns3:TrackPointExtension>
            <ns3:atemp>31.0</ns3:atemp>
            <ns3:hr>120</ns3:hr>
            <ns3:cad>47</ns3:cad>
          </ns3:TrackPointExtension>
        </extensions>
      </trkpt>
      <trkpt lat="30.45418831519782543182373046875" lon="-84.2261389084160327911376953125">
        <ele>23.6000003814697265625</ele>
        <time>2024-07-27T12:45:06.000Z</time>
        <extensions>
          <ns3:TrackPointExtension>
            <ns3:atemp>31.0</ns3:atemp>
            <ns3:hr>118</ns3:hr>
            <ns3:cad>50</ns3:cad>
          </ns3:TrackPointExtension>
        </extensions>
      </trkpt>
      <trkpt lat="30.4541697911918163299560546875" lon="-84.22612491063773632049560546875">
        <ele>23.799999237060546875</ele>
        <time>2024-07-27T12:45:08.000Z</time>
        <extensions>
          <ns3:TrackPointExtension>
            <ns3:atemp>31.0</ns3:atemp>
            <ns3:hr>122</ns3:hr>
            <ns3:cad>46</ns3:cad>
          </ns3:TrackPointExtension>
        </extensions>
      </trkpt>
      <trkpt lat="30.45415897853672504425048828125" lon="-84.22611887566745281219482421875">
        <ele>24</ele>
        <time>2024-07-27T12:45:09.000Z</time>
        <extensions>
          <ns3:TrackPointExtension>
            <ns3:atemp>31.0</ns3:atemp>
            <ns3:hr>125</ns3:hr>
            <ns3:cad>43</ns3:cad>
          </ns3:TrackPointExtension>
        </extensions>
      </trkpt>
      <trkpt lat="30.4541268758475780487060546875" lon="-84.22609993256628513336181640625">
        <ele>24.3999996185302734375</ele>
        <time>2024-07-27T12:45:13.000Z</time>
        <extensions>
          <ns3:TrackPointExtension>
            <ns3:atemp>31.0</ns3:atemp>
            <ns3:hr>124</ns3:hr>
            <ns3:cad>43</ns3:cad>
          </ns3:TrackPointExtension>
        </extensions>
      </trkpt>
      <trkpt lat="30.454108603298664093017578125" lon="-84.2260681651532649993896484375">
        <ele>24.6000003814697265625</ele>
        <time>2024-07-27T12:45:17.000Z</time>
        <extensions>
          <ns3:TrackPointExtension>
            <ns3:atemp>31.0</ns3:atemp>
            <ns3:hr>123</ns3:hr>
            <ns3:cad>75</ns3:cad>
          </ns3:TrackPointExtension>
        </extensions>
      </trkpt>
      <trkpt lat="30.45408823527395725250244140625" lon="-84.2260172031819820404052734375">
        <ele>24.6000003814697265625</ele>
        <time>2024-07-27T12:45:23.000Z</time>
        <extensions>
          <ns3:TrackPointExtension>
            <ns3:atemp>31.0</ns3:atemp>
            <ns3:hr>126</ns3:hr>
            <ns3:cad>42</ns3:cad>
          </ns3:TrackPointExtension>
        </extensions>
      </trkpt>
      <trkpt lat="30.45408588834106922149658203125" lon="-84.22600672580301761627197265625">
        <ele>24.6000003814697265625</ele>
        <time>2024-07-27T12:45:24.000Z</time>
        <extensions>
          <ns3:TrackPointExtension>
            <ns3:atemp>31.0</ns3:atemp>
            <ns3:hr>126</ns3:hr>
            <ns3:cad>42</ns3:cad>
          </ns3:TrackPointExtension>
        </extensions>
      </trkpt>
      <trkpt lat="30.45408119447529315948486328125" lon="-84.22598677687346935272216796875">
        <ele>24.6000003814697265625</ele>
        <time>2024-07-27T12:45:26.000Z</time>
        <extensions>
          <ns3:TrackPointExtension>
            <ns3:atemp>31.0</ns3:atemp>
            <ns3:hr>126</ns3:hr>
            <ns3:cad>43</ns3:cad>
          </ns3:TrackPointExtension>
        </extensions>
      </trkpt>
      <trkpt lat="30.45407834462821483612060546875" lon="-84.2259022034704685211181640625">
        <ele>24.200000762939453125</ele>
        <time>2024-07-27T12:45:34.000Z</time>
        <extensions>
          <ns3:TrackPointExtension>
            <ns3:atemp>31.0</ns3:atemp>
            <ns3:hr>124</ns3:hr>
            <ns3:cad>44</ns3:cad>
          </ns3:TrackPointExtension>
        </extensions>
      </trkpt>
      <trkpt lat="30.4540842957794666290283203125" lon="-84.22588317655026912689208984375">
        <ele>24.200000762939453125</ele>
        <time>2024-07-27T12:45:37.000Z</time>
        <extensions>
          <ns3:TrackPointExtension>
            <ns3:atemp>31.0</ns3:atemp>
            <ns3:hr>126</ns3:hr>
            <ns3:cad>0</ns3:cad>
          </ns3:TrackPointExtension>
        </extensions>
      </trkpt>
      <trkpt lat="30.45407951809465885162353515625" lon="-84.22587295062839984893798828125">
        <ele>24</ele>
        <time>2024-07-27T12:45:40.000Z</time>
        <extensions>
          <ns3:TrackPointExtension>
            <ns3:atemp>31.0</ns3:atemp>
            <ns3:hr>128</ns3:hr>
            <ns3:cad>0</ns3:cad>
          </ns3:TrackPointExtension>
        </extensions>
      </trkpt>
      <trkpt lat="30.45408345758914947509765625" lon="-84.2258636467158794403076171875">
        <ele>24</ele>
        <time>2024-07-27T12:45:41.000Z</time>
        <extensions>
          <ns3:TrackPointExtension>
            <ns3:atemp>31.0</ns3:atemp>
            <ns3:hr>128</ns3:hr>
            <ns3:cad>0</ns3:cad>
          </ns3:TrackPointExtension>
        </extensions>
      </trkpt>
      <trkpt lat="30.454088151454925537109375" lon="-84.22585316933691501617431640625">
        <ele>24</ele>
        <time>2024-07-27T12:45:42.000Z</time>
        <extensions>
          <ns3:TrackPointExtension>
            <ns3:atemp>31.0</ns3:atemp>
            <ns3:hr>128</ns3:hr>
            <ns3:cad>0</ns3:cad>
          </ns3:TrackPointExtension>
        </extensions>
      </trkpt>
      <trkpt lat="30.45409150421619415283203125" lon="-84.2258073203265666961669921875">
        <ele>24</ele>
        <time>2024-07-27T12:45:46.000Z</time>
        <extensions>
          <ns3:TrackPointExtension>
            <ns3:atemp>31.0</ns3:atemp>
            <ns3:hr>125</ns3:hr>
            <ns3:cad>0</ns3:cad>
          </ns3:TrackPointExtension>
        </extensions>
      </trkpt>
      <trkpt lat="30.4540899954736232757568359375" lon="-84.225705899298191070556640625">
        <ele>23.799999237060546875</ele>
        <time>2024-07-27T12:45:53.000Z</time>
        <extensions>
          <ns3:TrackPointExtension>
            <ns3:atemp>31.0</ns3:atemp>
            <ns3:hr>121</ns3:hr>
            <ns3:cad>49</ns3:cad>
          </ns3:TrackPointExtension>
        </extensions>
      </trkpt>
      <trkpt lat="30.45408454723656177520751953125" lon="-84.22567673027515411376953125">
        <ele>24</ele>
        <time>2024-07-27T12:45:57.000Z</time>
        <extensions>
          <ns3:TrackPointExtension>
            <ns3:atemp>31.0</ns3:atemp>
            <ns3:hr>120</ns3:hr>
            <ns3:cad>45</ns3:cad>
          </ns3:TrackPointExtension>
        </extensions>
      </trkpt>
      <trkpt lat="30.4541030712425708770751953125" lon="-84.22557271085679531097412109375">
        <ele>23.6000003814697265625</ele>
        <time>2024-07-27T12:46:05.000Z</time>
        <extensions>
          <ns3:TrackPointExtension>
            <ns3:atemp>31.0</ns3:atemp>
            <ns3:hr>118</ns3:hr>
            <ns3:cad>53</ns3:cad>
          </ns3:TrackPointExtension>
        </extensions>
      </trkpt>
      <trkpt lat="30.454108603298664093017578125" lon="-84.22547346912324428558349609375">
        <ele>23.6000003814697265625</ele>
        <time>2024-07-27T12:46:12.000Z</time>
        <extensions>
          <ns3:TrackPointExtension>
            <ns3:atemp>31.0</ns3:atemp>
            <ns3:hr>116</ns3:hr>
            <ns3:cad>52</ns3:cad>
          </ns3:TrackPointExtension>
        </extensions>
      </trkpt>
      <trkpt lat="30.45410851947963237762451171875" lon="-84.225455783307552337646484375">
        <ele>23.3999996185302734375</ele>
        <time>2024-07-27T12:46:13.000Z</time>
        <extensions>
          <ns3:TrackPointExtension>
            <ns3:atemp>31.0</ns3:atemp>
            <ns3:hr>116</ns3:hr>
            <ns3:cad>53</ns3:cad>
          </ns3:TrackPointExtension>
        </extensions>
      </trkpt>
      <trkpt lat="30.45410893857479095458984375" lon="-84.22531706281006336212158203125">
        <ele>22.799999237060546875</ele>
        <time>2024-07-27T12:46:22.000Z</time>
        <extensions>
          <ns3:TrackPointExtension>
            <ns3:atemp>31.0</ns3:atemp>
            <ns3:hr>116</ns3:hr>
            <ns3:cad>54</ns3:cad>
          </ns3:TrackPointExtension>
        </extensions>
      </trkpt>
      <trkpt lat="30.45410566963255405426025390625" lon="-84.22520239837467670440673828125">
        <ele>22.6000003814697265625</ele>
        <time>2024-07-27T12:46:31.000Z</time>
        <extensions>
          <ns3:TrackPointExtension>
            <ns3:atemp>31.0</ns3:atemp>
            <ns3:hr>117</ns3:hr>
            <ns3:cad>47</ns3:cad>
          </ns3:TrackPointExtension>
        </extensions>
      </trkpt>
      <trkpt lat="30.45410416088998317718505859375" lon="-84.22509125433862209320068359375">
        <ele>22.200000762939453125</ele>
        <time>2024-07-27T12:46:38.000Z</time>
        <extensions>
          <ns3:TrackPointExtension>
            <ns3:atemp>31.0</ns3:atemp>
            <ns3:hr>117</ns3:hr>
            <ns3:cad>60</ns3:cad>
          </ns3:TrackPointExtension>
        </extensions>
      </trkpt>
      <trkpt lat="30.4541084356606006622314453125" lon="-84.2250643484294414520263671875">
        <ele>22</ele>
        <time>2024-07-27T12:46:40.000Z</time>
        <extensions>
          <ns3:TrackPointExtension>
            <ns3:atemp>31.0</ns3:atemp>
            <ns3:hr>117</ns3:hr>
            <ns3:cad>60</ns3:cad>
          </ns3:TrackPointExtension>
        </extensions>
      </trkpt>
      <trkpt lat="30.4541114531457424163818359375" lon="-84.22492177225649356842041015625">
        <ele>21.6000003814697265625</ele>
        <time>2024-07-27T12:46:49.000Z</time>
        <extensions>
          <ns3:TrackPointExtension>
            <ns3:atemp>31.0</ns3:atemp>
            <ns3:hr>118</ns3:hr>
            <ns3:cad>58</ns3:cad>
          </ns3:TrackPointExtension>
        </extensions>
      </trkpt>
      <trkpt lat="30.454105921089649200439453125" lon="-84.22484147362411022186279296875">
        <ele>21.3999996185302734375</ele>
        <time>2024-07-27T12:46:54.000Z</time>
        <extensions>
          <ns3:TrackPointExtension>
            <ns3:atemp>31.0</ns3:atemp>
            <ns3:hr>115</ns3:hr>
            <ns3:cad>55</ns3:cad>
          </ns3:TrackPointExtension>
        </extensions>
      </trkpt>
      <trkpt lat="30.45410047285258769989013671875" lon="-84.22482521273195743560791015625">
        <ele>21.200000762939453125</ele>
        <time>2024-07-27T12:46:55.000Z</time>
        <extensions>
          <ns3:TrackPointExtension>
            <ns3:atemp>31.0</ns3:atemp>
            <ns3:hr>120</ns3:hr>
            <ns3:cad>54</ns3:cad>
          </ns3:TrackPointExtension>
        </extensions>
      </trkpt>
      <trkpt lat="30.4540980421006679534912109375" lon="-84.2248110473155975341796875">
        <ele>21.200000762939453125</ele>
        <time>2024-07-27T12:46:56.000Z</time>
        <extensions>
          <ns3:TrackPointExtension>
            <ns3:atemp>31.0</ns3:atemp>
            <ns3:hr>117</ns3:hr>
            <ns3:cad>54</ns3:cad>
          </ns3:TrackPointExtension>
        </extensions>
      </trkpt>
      <trkpt lat="30.45409577898681163787841796875" lon="-84.22478045336902141571044921875">
        <ele>21.3999996185302734375</ele>
        <time>2024-07-27T12:46:58.000Z</time>
        <extensions>
          <ns3:TrackPointExtension>
            <ns3:atemp>31.0</ns3:atemp>
            <ns3:hr>119</ns3:hr>
            <ns3:cad>51</ns3:cad>
          </ns3:TrackPointExtension>
        </extensions>
      </trkpt>
      <trkpt lat="30.4541007243096828460693359375" lon="-84.22474600374698638916015625">
        <ele>21</ele>
        <time>2024-07-27T12:47:00.000Z</time>
        <extensions>
          <ns3:TrackPointExtension>
            <ns3:atemp>31.0</ns3:atemp>
            <ns3:hr>123</ns3:hr>
            <ns3:cad>52</ns3:cad>
          </ns3:TrackPointExtension>
        </extensions>
      </trkpt>
      <trkpt lat="30.45412545092403888702392578125" lon="-84.22462035901844501495361328125">
        <ele>20.799999237060546875</ele>
        <time>2024-07-27T12:47:08.000Z</time>
        <extensions>
          <ns3:TrackPointExtension>
            <ns3:atemp>31.0</ns3:atemp>
            <ns3:hr>120</ns3:hr>
            <ns3:cad>51</ns3:cad>
          </ns3:TrackPointExtension>
        </extensions>
      </trkpt>
      <trkpt lat="30.4541191644966602325439453125" lon="-84.22461055219173431396484375">
        <ele>20.799999237060546875</ele>
        <time>2024-07-27T12:47:09.000Z</time>
        <extensions>
          <ns3:TrackPointExtension>
            <ns3:atemp>31.0</ns3:atemp>
            <ns3:hr>120</ns3:hr>
            <ns3:cad>51</ns3:cad>
          </ns3:TrackPointExtension>
        </extensions>
      </trkpt>
      <trkpt lat="30.45411539264023303985595703125" lon="-84.2244752682745456695556640625">
        <ele>20.3999996185302734375</ele>
        <time>2024-07-27T12:47:19.000Z</time>
        <extensions>
          <ns3:TrackPointExtension>
            <ns3:atemp>31.0</ns3:atemp>
            <ns3:hr>119</ns3:hr>
            <ns3:cad>53</ns3:cad>
          </ns3:TrackPointExtension>
        </extensions>
      </trkpt>
      <trkpt lat="30.454117320477962493896484375" lon="-84.22441449947655200958251953125">
        <ele>20.200000762939453125</ele>
        <time>2024-07-27T12:47:24.000Z</time>
        <extensions>
          <ns3:TrackPointExtension>
            <ns3:atemp>31.0</ns3:atemp>
            <ns3:hr>121</ns3:hr>
            <ns3:cad>50</ns3:cad>
          </ns3:TrackPointExtension>
        </extensions>
      </trkpt>
      <trkpt lat="30.45412058942019939422607421875" lon="-84.2243679799139499664306640625">
        <ele>20.3999996185302734375</ele>
        <time>2024-07-27T12:47:27.000Z</time>
        <extensions>
          <ns3:TrackPointExtension>
            <ns3:atemp>31.0</ns3:atemp>
            <ns3:hr>121</ns3:hr>
            <ns3:cad>50</ns3:cad>
          </ns3:TrackPointExtension>
        </extensions>
      </trkpt>
      <trkpt lat="30.45413332991302013397216796875" lon="-84.2243166826665401458740234375">
        <ele>20.3999996185302734375</ele>
        <time>2024-07-27T12:47:32.000Z</time>
        <extensions>
          <ns3:TrackPointExtension>
            <ns3:atemp>31.0</ns3:atemp>
            <ns3:hr>118</ns3:hr>
            <ns3:cad>50</ns3:cad>
          </ns3:TrackPointExtension>
        </extensions>
      </trkpt>
      <trkpt lat="30.45413349755108356475830078125" lon="-84.2243056185543537139892578125">
        <ele>20.3999996185302734375</ele>
        <time>2024-07-27T12:47:33.000Z</time>
        <extensions>
          <ns3:TrackPointExtension>
            <ns3:atemp>31.0</ns3:atemp>
            <ns3:hr>118</ns3:hr>
            <ns3:cad>50</ns3:cad>
          </ns3:TrackPointExtension>
        </extensions>
      </trkpt>
      <trkpt lat="30.45413198880851268768310546875" lon="-84.22429271042346954345703125">
        <ele>20.200000762939453125</ele>
        <time>2024-07-27T12:47:34.000Z</time>
        <extensions>
          <ns3:TrackPointExtension>
            <ns3:atemp>31.0</ns3:atemp>
            <ns3:hr>118</ns3:hr>
            <ns3:cad>49</ns3:cad>
          </ns3:TrackPointExtension>
        </extensions>
      </trkpt>
      <trkpt lat="30.45413282699882984161376953125" lon="-84.22426379285752773284912109375">
        <ele>19.799999237060546875</ele>
        <time>2024-07-27T12:47:37.000Z</time>
        <extensions>
          <ns3:TrackPointExtension>
            <ns3:atemp>31.0</ns3:atemp>
            <ns3:hr>116</ns3:hr>
            <ns3:cad>47</ns3:cad>
          </ns3:TrackPointExtension>
        </extensions>
      </trkpt>
      <trkpt lat="30.4541074298322200775146484375" lon="-84.2242325283586978912353515625">
        <ele>19.6000003814697265625</ele>
        <time>2024-07-27T12:47:40.000Z</time>
        <extensions>
          <ns3:TrackPointExtension>
            <ns3:atemp>31.0</ns3:atemp>
            <ns3:hr>113</ns3:hr>
            <ns3:cad>47</ns3:cad>
          </ns3:TrackPointExtension>
        </extensions>
      </trkpt>
      <trkpt lat="30.454098545014858245849609375" lon="-84.224131107330322265625">
        <ele>19.799999237060546875</ele>
        <time>2024-07-27T12:47:46.000Z</time>
        <extensions>
          <ns3:TrackPointExtension>
            <ns3:atemp>31.0</ns3:atemp>
            <ns3:hr>113</ns3:hr>
            <ns3:cad>55</ns3:cad>
          </ns3:TrackPointExtension>
        </extensions>
      </trkpt>
      <trkpt lat="30.45409661717712879180908203125" lon="-84.2241084761917591094970703125">
        <ele>19.799999237060546875</ele>
        <time>2024-07-27T12:47:48.000Z</time>
        <extensions>
          <ns3:TrackPointExtension>
            <ns3:atemp>31.0</ns3:atemp>
            <ns3:hr>113</ns3:hr>
            <ns3:cad>55</ns3:cad>
          </ns3:TrackPointExtension>
        </extensions>
      </trkpt>
      <trkpt lat="30.45409242622554302215576171875" lon="-84.22408123500645160675048828125">
        <ele>19.6000003814697265625</ele>
        <time>2024-07-27T12:47:50.000Z</time>
        <extensions>
          <ns3:TrackPointExtension>
            <ns3:atemp>31.0</ns3:atemp>
            <ns3:hr>112</ns3:hr>
            <ns3:cad>54</ns3:cad>
          </ns3:TrackPointExtension>
        </extensions>
      </trkpt>
      <trkpt lat="30.454083792865276336669921875" lon="-84.22405801713466644287109375">
        <ele>19.6000003814697265625</ele>
        <time>2024-07-27T12:47:52.000Z</time>
        <extensions>
          <ns3:TrackPointExtension>
            <ns3:atemp>31.0</ns3:atemp>
            <ns3:hr>112</ns3:hr>
            <ns3:cad>52</ns3:cad>
          </ns3:TrackPointExtension>
        </extensions>
      </trkpt>
      <trkpt lat="30.4540809430181980133056640625" lon="-84.22390152700245380401611328125">
        <ele>19.3999996185302734375</ele>
        <time>2024-07-27T12:48:02.000Z</time>
        <extensions>
          <ns3:TrackPointExtension>
            <ns3:atemp>31.0</ns3:atemp>
            <ns3:hr>113</ns3:hr>
            <ns3:cad>54</ns3:cad>
          </ns3:TrackPointExtension>
        </extensions>
      </trkpt>
      <trkpt lat="30.454066693782806396484375" lon="-84.2238177917897701263427734375">
        <ele>19.200000762939453125</ele>
        <time>2024-07-27T12:48:08.000Z</time>
        <extensions>
          <ns3:TrackPointExtension>
            <ns3:atemp>31.0</ns3:atemp>
            <ns3:hr>114</ns3:hr>
            <ns3:cad>52</ns3:cad>
          </ns3:TrackPointExtension>
        </extensions>
      </trkpt>
      <trkpt lat="30.45407247729599475860595703125" lon="-84.2237936519086360931396484375">
        <ele>19.3999996185302734375</ele>
        <time>2024-07-27T12:48:10.000Z</time>
        <extensions>
          <ns3:TrackPointExtension>
            <ns3:atemp>31.0</ns3:atemp>
            <ns3:hr>114</ns3:hr>
            <ns3:cad>49</ns3:cad>
          </ns3:TrackPointExtension>
        </extensions>
      </trkpt>
      <trkpt lat="30.45406560413539409637451171875" lon="-84.2237292788922786712646484375">
        <ele>19.3999996185302734375</ele>
        <time>2024-07-27T12:48:15.000Z</time>
        <extensions>
          <ns3:TrackPointExtension>
            <ns3:atemp>31.0</ns3:atemp>
            <ns3:hr>111</ns3:hr>
            <ns3:cad>47</ns3:cad>
          </ns3:TrackPointExtension>
        </extensions>
      </trkpt>
      <trkpt lat="30.4540604911744594573974609375" lon="-84.2236843518912792205810546875">
        <ele>19.3999996185302734375</ele>
        <time>2024-07-27T12:48:19.000Z</time>
        <extensions>
          <ns3:TrackPointExtension>
            <ns3:atemp>31.0</ns3:atemp>
            <ns3:hr>113</ns3:hr>
            <ns3:cad>51</ns3:cad>
          </ns3:TrackPointExtension>
        </extensions>
      </trkpt>
      <trkpt lat="30.454034507274627685546875" lon="-84.2235395126044750213623046875">
        <ele>19.200000762939453125</ele>
        <time>2024-07-27T12:48:29.000Z</time>
        <extensions>
          <ns3:TrackPointExtension>
            <ns3:atemp>31.0</ns3:atemp>
            <ns3:hr>115</ns3:hr>
            <ns3:cad>53</ns3:cad>
          </ns3:TrackPointExtension>
        </extensions>
      </trkpt>
      <trkpt lat="30.454031489789485931396484375" lon="-84.22352400608360767364501953125">
        <ele>19.200000762939453125</ele>
        <time>2024-07-27T12:48:30.000Z</time>
        <extensions>
          <ns3:TrackPointExtension>
            <ns3:atemp>31.0</ns3:atemp>
            <ns3:hr>115</ns3:hr>
            <ns3:cad>52</ns3:cad>
          </ns3:TrackPointExtension>
        </extensions>
      </trkpt>
      <trkpt lat="30.454018078744411468505859375" lon="-84.22343633137643337249755859375">
        <ele>19.200000762939453125</ele>
        <time>2024-07-27T12:48:36.000Z</time>
        <extensions>
          <ns3:TrackPointExtension>
            <ns3:atemp>31.0</ns3:atemp>
            <ns3:hr>113</ns3:hr>
            <ns3:cad>55</ns3:cad>
          </ns3:TrackPointExtension>
        </extensions>
      </trkpt>
      <trkpt lat="30.45400676317512989044189453125" lon="-84.2233725450932979583740234375">
        <ele>19.200000762939453125</ele>
        <time>2024-07-27T12:48:41.000Z</time>
        <extensions>
          <ns3:TrackPointExtension>
            <ns3:atemp>31.0</ns3:atemp>
            <ns3:hr>110</ns3:hr>
            <ns3:cad>51</ns3:cad>
          </ns3:TrackPointExtension>
        </extensions>
      </trkpt>
      <trkpt lat="30.45400257222354412078857421875" lon="-84.223320744931697845458984375">
        <ele>19.200000762939453125</ele>
        <time>2024-07-27T12:48:45.000Z</time>
        <extensions>
          <ns3:TrackPointExtension>
            <ns3:atemp>31.0</ns3:atemp>
            <ns3:hr>111</ns3:hr>
            <ns3:cad>51</ns3:cad>
          </ns3:TrackPointExtension>
        </extensions>
      </trkpt>
      <trkpt lat="30.4539907537400722503662109375" lon="-84.22321991063654422760009765625">
        <ele>19.200000762939453125</ele>
        <time>2024-07-27T12:48:52.000Z</time>
        <extensions>
          <ns3:TrackPointExtension>
            <ns3:atemp>31.0</ns3:atemp>
            <ns3:hr>111</ns3:hr>
            <ns3:cad>53</ns3:cad>
          </ns3:TrackPointExtension>
        </extensions>
      </trkpt>
      <trkpt lat="30.4539837129414081573486328125" lon="-84.2231375165283679962158203125">
        <ele>19</ele>
        <time>2024-07-27T12:48:58.000Z</time>
        <extensions>
          <ns3:TrackPointExtension>
            <ns3:atemp>31.0</ns3:atemp>
            <ns3:hr>112</ns3:hr>
            <ns3:cad>51</ns3:cad>
          </ns3:TrackPointExtension>
        </extensions>
      </trkpt>
      <trkpt lat="30.4539822041988372802734375" lon="-84.2230211757123470306396484375">
        <ele>19</ele>
        <time>2024-07-27T12:49:08.000Z</time>
        <extensions>
          <ns3:TrackPointExtension>
            <ns3:atemp>31.0</ns3:atemp>
            <ns3:hr>112</ns3:hr>
            <ns3:cad>50</ns3:cad>
          </ns3:TrackPointExtension>
        </extensions>
      </trkpt>
      <trkpt lat="30.45393752865493297576904296875" lon="-84.2228870652616024017333984375">
        <ele>19.200000762939453125</ele>
        <time>2024-07-27T12:49:18.000Z</time>
        <extensions>
          <ns3:TrackPointExtension>
            <ns3:atemp>31.0</ns3:atemp>
            <ns3:hr>112</ns3:hr>
            <ns3:cad>53</ns3:cad>
          </ns3:TrackPointExtension>
        </extensions>
      </trkpt>
      <trkpt lat="30.45390869490802288055419921875" lon="-84.2227462492883205413818359375">
        <ele>19.200000762939453125</ele>
        <time>2024-07-27T12:49:29.000Z</time>
        <extensions>
          <ns3:TrackPointExtension>
            <ns3:atemp>32.0</ns3:atemp>
            <ns3:hr>110</ns3:hr>
            <ns3:cad>49</ns3:cad>
          </ns3:TrackPointExtension>
        </extensions>
      </trkpt>
      <trkpt lat="30.45391322113573551177978515625" lon="-84.222684390842914581298828125">
        <ele>19.3999996185302734375</ele>
        <time>2024-07-27T12:49:34.000Z</time>
        <extensions>
          <ns3:TrackPointExtension>
            <ns3:atemp>32.0</ns3:atemp>
            <ns3:hr>109</ns3:hr>
            <ns3:cad>48</ns3:cad>
          </ns3:TrackPointExtension>
        </extensions>
      </trkpt>
      <trkpt lat="30.4539089463651180267333984375" lon="-84.22265999950468540191650390625">
        <ele>19.3999996185302734375</ele>
        <time>2024-07-27T12:49:36.000Z</time>
        <extensions>
          <ns3:TrackPointExtension>
            <ns3:atemp>32.0</ns3:atemp>
            <ns3:hr>110</ns3:hr>
            <ns3:cad>48</ns3:cad>
          </ns3:TrackPointExtension>
        </extensions>
      </trkpt>
      <trkpt lat="30.45389997772872447967529296875" lon="-84.22255069948732852935791015625">
        <ele>19</ele>
        <time>2024-07-27T12:49:45.000Z</time>
        <extensions>
          <ns3:TrackPointExtension>
            <ns3:atemp>32.0</ns3:atemp>
            <ns3:hr>112</ns3:hr>
            <ns3:cad>51</ns3:cad>
          </ns3:TrackPointExtension>
        </extensions>
      </trkpt>
      <trkpt lat="30.45389243401587009429931640625" lon="-84.2225444130599498748779296875">
        <ele>19</ele>
        <time>2024-07-27T12:49:46.000Z</time>
        <extensions>
          <ns3:TrackPointExtension>
            <ns3:atemp>32.0</ns3:atemp>
            <ns3:hr>110</ns3:hr>
            <ns3:cad>50</ns3:cad>
          </ns3:TrackPointExtension>
        </extensions>
      </trkpt>
      <trkpt lat="30.45388287864625453948974609375" lon="-84.2225383780896663665771484375">
        <ele>19</ele>
        <time>2024-07-27T12:49:47.000Z</time>
        <extensions>
          <ns3:TrackPointExtension>
            <ns3:atemp>32.0</ns3:atemp>
            <ns3:hr>113</ns3:hr>
            <ns3:cad>49</ns3:cad>
          </ns3:TrackPointExtension>
        </extensions>
      </trkpt>
      <trkpt lat="30.4538314975798130035400390625" lon="-84.22251247800886631011962890625">
        <ele>19.200000762939453125</ele>
        <time>2024-07-27T12:49:52.000Z</time>
        <extensions>
          <ns3:TrackPointExtension>
            <ns3:atemp>32.0</ns3:atemp>
            <ns3:hr>112</ns3:hr>
            <ns3:cad>44</ns3:cad>
          </ns3:TrackPointExtension>
        </extensions>
      </trkpt>
      <trkpt lat="30.453821606934070587158203125" lon="-84.22249822877347469329833984375">
        <ele>19.3999996185302734375</ele>
        <time>2024-07-27T12:49:53.000Z</time>
        <extensions>
          <ns3:TrackPointExtension>
            <ns3:atemp>32.0</ns3:atemp>
            <ns3:hr>113</ns3:hr>
            <ns3:cad>44</ns3:cad>
          </ns3:TrackPointExtension>
        </extensions>
      </trkpt>
      <trkpt lat="30.453761927783489227294921875" lon="-84.2224049381911754608154296875">
        <ele>19.200000762939453125</ele>
        <time>2024-07-27T12:50:00.000Z</time>
        <extensions>
          <ns3:TrackPointExtension>
            <ns3:atemp>32.0</ns3:atemp>
            <ns3:hr>116</ns3:hr>
            <ns3:cad>55</ns3:cad>
          </ns3:TrackPointExtension>
        </extensions>
      </trkpt>
      <trkpt lat="30.45375430025160312652587890625" lon="-84.22239747829735279083251953125">
        <ele>19.200000762939453125</ele>
        <time>2024-07-27T12:50:01.000Z</time>
        <extensions>
          <ns3:TrackPointExtension>
            <ns3:atemp>32.0</ns3:atemp>
            <ns3:hr>117</ns3:hr>
            <ns3:cad>54</ns3:cad>
          </ns3:TrackPointExtension>
        </extensions>
      </trkpt>
      <trkpt lat="30.4537325911223888397216796875" lon="-84.2223818041384220123291015625">
        <ele>19.6000003814697265625</ele>
        <time>2024-07-27T12:50:04.000Z</time>
        <extensions>
          <ns3:TrackPointExtension>
            <ns3:atemp>32.0</ns3:atemp>
            <ns3:hr>120</ns3:hr>
            <ns3:cad>0</ns3:cad>
          </ns3:TrackPointExtension>
        </extensions>
      </trkpt>
      <trkpt lat="30.4537178389728069305419921875" lon="-84.2223781161010265350341796875">
        <ele>19.6000003814697265625</ele>
        <time>2024-07-27T12:50:06.000Z</time>
        <extensions>
          <ns3:TrackPointExtension>
            <ns3:atemp>32.0</ns3:atemp>
            <ns3:hr>123</ns3:hr>
            <ns3:cad>0</ns3:cad>
          </ns3:TrackPointExtension>
        </extensions>
      </trkpt>
      <trkpt lat="30.45369378291070461273193359375" lon="-84.22236696816980838775634765625">
        <ele>19.6000003814697265625</ele>
        <time>2024-07-27T12:50:09.000Z</time>
        <extensions>
          <ns3:TrackPointExtension>
            <ns3:atemp>32.0</ns3:atemp>
            <ns3:hr>125</ns3:hr>
            <ns3:cad>0</ns3:cad>
          </ns3:TrackPointExtension>
        </extensions>
      </trkpt>
      <trkpt lat="30.4536558128893375396728515625" lon="-84.22233603894710540771484375">
        <ele>19.6000003814697265625</ele>
        <time>2024-07-27T12:50:14.000Z</time>
        <extensions>
          <ns3:TrackPointExtension>
            <ns3:atemp>32.0</ns3:atemp>
            <ns3:hr>129</ns3:hr>
            <ns3:cad>0</ns3:cad>
          </ns3:TrackPointExtension>
        </extensions>
      </trkpt>
      <trkpt lat="30.45365053229033946990966796875" lon="-84.22233193181455135345458984375">
        <ele>19.799999237060546875</ele>
        <time>2024-07-27T12:50:16.000Z</time>
        <extensions>
          <ns3:TrackPointExtension>
            <ns3:atemp>32.0</ns3:atemp>
            <ns3:hr>130</ns3:hr>
            <ns3:cad>0</ns3:cad>
          </ns3:TrackPointExtension>
        </extensions>
      </trkpt>
      <trkpt lat="30.4536494426429271697998046875" lon="-84.22232422046363353729248046875">
        <ele>19.799999237060546875</ele>
        <time>2024-07-27T12:50:18.000Z</time>
        <extensions>
          <ns3:TrackPointExtension>
            <ns3:atemp>32.0</ns3:atemp>
            <ns3:hr>129</ns3:hr>
            <ns3:cad>0</ns3:cad>
          </ns3:TrackPointExtension>
        </extensions>
      </trkpt>
      <trkpt lat="30.45363812707364559173583984375" lon="-84.22230209223926067352294921875">
        <ele>19.799999237060546875</ele>
        <time>2024-07-27T12:50:21.000Z</time>
        <extensions>
          <ns3:TrackPointExtension>
            <ns3:atemp>32.0</ns3:atemp>
            <ns3:hr>128</ns3:hr>
            <ns3:cad>0</ns3:cad>
          </ns3:TrackPointExtension>
        </extensions>
      </trkpt>
      <trkpt lat="30.45363410376012325286865234375" lon="-84.22229354269802570343017578125">
        <ele>19.799999237060546875</ele>
        <time>2024-07-27T12:50:22.000Z</time>
        <extensions>
          <ns3:TrackPointExtension>
            <ns3:atemp>32.0</ns3:atemp>
            <ns3:hr>127</ns3:hr>
            <ns3:cad>0</ns3:cad>
          </ns3:TrackPointExtension>
        </extensions>
      </trkpt>
      <trkpt lat="30.45362790115177631378173828125" lon="-84.22228717245161533355712890625">
        <ele>19.6000003814697265625</ele>
        <time>2024-07-27T12:50:23.000Z</time>
        <extensions>
          <ns3:TrackPointExtension>
            <ns3:atemp>32.0</ns3:atemp>
            <ns3:hr>125</ns3:hr>
            <ns3:cad>0</ns3:cad>
          </ns3:TrackPointExtension>
        </extensions>
      </trkpt>
      <trkpt lat="30.453618429601192474365234375" lon="-84.2222594283521175384521484375">
        <ele>19.799999237060546875</ele>
        <time>2024-07-27T12:50:26.000Z</time>
        <extensions>
          <ns3:TrackPointExtension>
            <ns3:atemp>32.0</ns3:atemp>
            <ns3:hr>125</ns3:hr>
            <ns3:cad>41</ns3:cad>
          </ns3:TrackPointExtension>
        </extensions>
      </trkpt>
      <trkpt lat="30.4536092095077037811279296875" lon="-84.2222326062619686126708984375">
        <ele>19.799999237060546875</ele>
        <time>2024-07-27T12:50:29.000Z</time>
        <extensions>
          <ns3:TrackPointExtension>
            <ns3:atemp>32.0</ns3:atemp>
            <ns3:hr>122</ns3:hr>
            <ns3:cad>80</ns3:cad>
          </ns3:TrackPointExtension>
        </extensions>
      </trkpt>
      <trkpt lat="30.4536048509180545806884765625" lon="-84.2222282476723194122314453125">
        <ele>19.799999237060546875</ele>
        <time>2024-07-27T12:50:30.000Z</time>
        <extensions>
          <ns3:TrackPointExtension>
            <ns3:atemp>32.0</ns3:atemp>
            <ns3:hr>121</ns3:hr>
            <ns3:cad>45</ns3:cad>
          </ns3:TrackPointExtension>
        </extensions>
      </trkpt>
      <trkpt lat="30.45359906740486621856689453125" lon="-84.222223721444606781005859375">
        <ele>20</ele>
        <time>2024-07-27T12:50:33.000Z</time>
        <extensions>
          <ns3:TrackPointExtension>
            <ns3:atemp>32.0</ns3:atemp>
            <ns3:hr>120</ns3:hr>
            <ns3:cad>45</ns3:cad>
          </ns3:TrackPointExtension>
        </extensions>
      </trkpt>
      <trkpt lat="30.45360124669969081878662109375" lon="-84.22222581692039966583251953125">
        <ele>20</ele>
        <time>2024-07-27T12:50:34.000Z</time>
        <extensions>
          <ns3:TrackPointExtension>
            <ns3:atemp>32.0</ns3:atemp>
            <ns3:hr>119</ns3:hr>
            <ns3:cad>0</ns3:cad>
          </ns3:TrackPointExtension>
        </extensions>
      </trkpt>
      <trkpt lat="30.4536085389554500579833984375" lon="-84.2222272418439388275146484375">
        <ele>19.799999237060546875</ele>
        <time>2024-07-27T12:50:41.000Z</time>
        <extensions>
          <ns3:TrackPointExtension>
            <ns3:atemp>32.0</ns3:atemp>
            <ns3:hr>118</ns3:hr>
            <ns3:cad>0</ns3:cad>
          </ns3:TrackPointExtension>
        </extensions>
      </trkpt>
      <trkpt lat="30.45361080206930637359619140625" lon="-84.22223277390003204345703125">
        <ele>19.799999237060546875</ele>
        <time>2024-07-27T12:50:48.000Z</time>
        <extensions>
          <ns3:TrackPointExtension>
            <ns3:atemp>32.0</ns3:atemp>
            <ns3:hr>118</ns3:hr>
            <ns3:cad>0</ns3:cad>
          </ns3:TrackPointExtension>
        </extensions>
      </trkpt>
      <trkpt lat="30.45362119562923908233642578125" lon="-84.22225917689502239227294921875">
        <ele>19.3999996185302734375</ele>
        <time>2024-07-27T12:50:55.000Z</time>
        <extensions>
          <ns3:TrackPointExtension>
            <ns3:atemp>32.0</ns3:atemp>
            <ns3:hr>116</ns3:hr>
            <ns3:cad>0</ns3:cad>
          </ns3:TrackPointExtension>
        </extensions>
      </trkpt>
      <trkpt lat="30.4536028392612934112548828125" lon="-84.22224593348801136016845703125">
        <ele>20</ele>
        <time>2024-07-27T12:51:11.000Z</time>
        <extensions>
          <ns3:TrackPointExtension>
            <ns3:atemp>32.0</ns3:atemp>
            <ns3:hr>115</ns3:hr>
            <ns3:cad>0</ns3:cad>
          </ns3:TrackPointExtension>
        </extensions>
      </trkpt>
      <trkpt lat="30.45360443182289600372314453125" lon="-84.22224593348801136016845703125">
        <ele>20.200000762939453125</ele>
        <time>2024-07-27T12:51:14.000Z</time>
        <extensions>
          <ns3:TrackPointExtension>
            <ns3:atemp>32.0</ns3:atemp>
            <ns3:hr>114</ns3:hr>
            <ns3:cad>0</ns3:cad>
          </ns3:TrackPointExtension>
        </extensions>
      </trkpt>
    </trkseg>
  </trk>
</gpx>
