<?xml version="1.0" encoding="UTF-8"?>
<gpx creator="Garmin Connect" version="1.1"
  xsi:schemaLocation="http://www.topografix.com/GPX/1/1 http://www.topografix.com/GPX/11.xsd"
  xmlns:ns3="http://www.garmin.com/xmlschemas/TrackPointExtension/v1"
  xmlns="http://www.topografix.com/GPX/1/1"
  xmlns:xsi="http://www.w3.org/2001/XMLSchema-instance" xmlns:ns2="http://www.garmin.com/xmlschemas/GpxExtensions/v3">
  <metadata>
    <link href="connect.garmin.com">
      <text>Garmin Connect</text>
    </link>
    <time>2024-07-07T12:10:19.000Z</time>
  </metadata>
  <trk>
    <name>Leon County Hiking</name>
    <type>hiking</type>
    <trkseg>
      <trkpt lat="30.42549018748104572296142578125" lon="-84.15461084805428981781005859375">
        <ele>42.40000152587890625</ele>
        <time>2024-07-07T12:10:19.000Z</time>
        <extensions>
          <ns3:TrackPointExtension>
            <ns3:atemp>30.0</ns3:atemp>
            <ns3:hr>85</ns3:hr>
            <ns3:cad>0</ns3:cad>
          </ns3:TrackPointExtension>
        </extensions>
      </trkpt>
      <trkpt lat="30.425486080348491668701171875" lon="-84.15460095740854740142822265625">
        <ele>42.40000152587890625</ele>
        <time>2024-07-07T12:10:20.000Z</time>
        <extensions>
          <ns3:TrackPointExtension>
            <ns3:atemp>30.0</ns3:atemp>
            <ns3:hr>85</ns3:hr>
            <ns3:cad>0</ns3:cad>
          </ns3:TrackPointExtension>
        </extensions>
      </trkpt>
      <trkpt lat="30.4254839010536670684814453125" lon="-84.1546015441417694091796875">
        <ele>42.799999237060546875</ele>
        <time>2024-07-07T12:10:32.000Z</time>
        <extensions>
          <ns3:TrackPointExtension>
            <ns3:atemp>30.0</ns3:atemp>
            <ns3:hr>82</ns3:hr>
            <ns3:cad>0</ns3:cad>
          </ns3:TrackPointExtension>
        </extensions>
      </trkpt>
      <trkpt lat="30.42549136094748973846435546875" lon="-84.15460011921823024749755859375">
        <ele>42.799999237060546875</ele>
        <time>2024-07-07T12:10:33.000Z</time>
        <extensions>
          <ns3:TrackPointExtension>
            <ns3:atemp>30.0</ns3:atemp>
            <ns3:hr>82</ns3:hr>
            <ns3:cad>65</ns3:cad>
          </ns3:TrackPointExtension>
        </extensions>
      </trkpt>
      <trkpt lat="30.4255355335772037506103515625" lon="-84.1545862890779972076416015625">
        <ele>42.40000152587890625</ele>
        <time>2024-07-07T12:10:41.000Z</time>
        <extensions>
          <ns3:TrackPointExtension>
            <ns3:atemp>31.0</ns3:atemp>
            <ns3:hr>83</ns3:hr>
            <ns3:cad>62</ns3:cad>
          </ns3:TrackPointExtension>
        </extensions>
      </trkpt>
      <trkpt lat="30.42554651387035846710205078125" lon="-84.15461101569235324859619140625">
        <ele>42.799999237060546875</ele>
        <time>2024-07-07T12:10:45.000Z</time>
        <extensions>
          <ns3:TrackPointExtension>
            <ns3:atemp>31.0</ns3:atemp>
            <ns3:hr>83</ns3:hr>
            <ns3:cad>78</ns3:cad>
          </ns3:TrackPointExtension>
        </extensions>
      </trkpt>
      <trkpt lat="30.425553135573863983154296875" lon="-84.1546203196048736572265625">
        <ele>42.59999847412109375</ele>
        <time>2024-07-07T12:10:47.000Z</time>
        <extensions>
          <ns3:TrackPointExtension>
            <ns3:atemp>31.0</ns3:atemp>
            <ns3:hr>86</ns3:hr>
            <ns3:cad>77</ns3:cad>
          </ns3:TrackPointExtension>
        </extensions>
      </trkpt>
      <trkpt lat="30.425554476678371429443359375" lon="-84.154622666537761688232421875">
        <ele>42.799999237060546875</ele>
        <time>2024-07-07T12:10:48.000Z</time>
        <extensions>
          <ns3:TrackPointExtension>
            <ns3:atemp>31.0</ns3:atemp>
            <ns3:hr>82</ns3:hr>
            <ns3:cad>75</ns3:cad>
          </ns3:TrackPointExtension>
        </extensions>
      </trkpt>
      <trkpt lat="30.42555657215416431427001953125" lon="-84.1546230018138885498046875">
        <ele>42.799999237060546875</ele>
        <time>2024-07-07T12:10:50.000Z</time>
        <extensions>
          <ns3:TrackPointExtension>
            <ns3:atemp>31.0</ns3:atemp>
            <ns3:hr>81</ns3:hr>
            <ns3:cad>0</ns3:cad>
          </ns3:TrackPointExtension>
        </extensions>
      </trkpt>
      <trkpt lat="30.42557920329272747039794921875" lon="-84.1546553559601306915283203125">
        <ele>43</ele>
        <time>2024-07-07T12:11:05.000Z</time>
        <extensions>
          <ns3:TrackPointExtension>
            <ns3:atemp>31.0</ns3:atemp>
            <ns3:hr>82</ns3:hr>
            <ns3:cad>76</ns3:cad>
          </ns3:TrackPointExtension>
        </extensions>
      </trkpt>
      <trkpt lat="30.4255989007651805877685546875" lon="-84.15470573119819164276123046875">
        <ele>43</ele>
        <time>2024-07-07T12:11:09.000Z</time>
        <extensions>
          <ns3:TrackPointExtension>
            <ns3:atemp>31.0</ns3:atemp>
            <ns3:hr>83</ns3:hr>
            <ns3:cad>41</ns3:cad>
          </ns3:TrackPointExtension>
        </extensions>
      </trkpt>
      <trkpt lat="30.42561558075249195098876953125" lon="-84.154738001525402069091796875">
        <ele>43</ele>
        <time>2024-07-07T12:11:12.000Z</time>
        <extensions>
          <ns3:TrackPointExtension>
            <ns3:atemp>31.0</ns3:atemp>
            <ns3:hr>81</ns3:hr>
            <ns3:cad>41</ns3:cad>
          </ns3:TrackPointExtension>
        </extensions>
      </trkpt>
      <trkpt lat="30.42562563903629779815673828125" lon="-84.1547599621117115020751953125">
        <ele>42.799999237060546875</ele>
        <time>2024-07-07T12:11:14.000Z</time>
        <extensions>
          <ns3:TrackPointExtension>
            <ns3:atemp>31.0</ns3:atemp>
            <ns3:hr>78</ns3:hr>
            <ns3:cad>41</ns3:cad>
          </ns3:TrackPointExtension>
        </extensions>
      </trkpt>
      <trkpt lat="30.4256307519972324371337890625" lon="-84.15476758964359760284423828125">
        <ele>42.799999237060546875</ele>
        <time>2024-07-07T12:11:15.000Z</time>
        <extensions>
          <ns3:TrackPointExtension>
            <ns3:atemp>31.0</ns3:atemp>
            <ns3:hr>78</ns3:hr>
            <ns3:cad>41</ns3:cad>
          </ns3:TrackPointExtension>
        </extensions>
      </trkpt>
      <trkpt lat="30.425635613501071929931640625" lon="-84.15477479808032512664794921875">
        <ele>42.799999237060546875</ele>
        <time>2024-07-07T12:11:16.000Z</time>
        <extensions>
          <ns3:TrackPointExtension>
            <ns3:atemp>31.0</ns3:atemp>
            <ns3:hr>81</ns3:hr>
            <ns3:cad>41</ns3:cad>
          </ns3:TrackPointExtension>
        </extensions>
      </trkpt>
      <trkpt lat="30.425687246024608612060546875" lon="-84.15483296848833560943603515625">
        <ele>42.799999237060546875</ele>
        <time>2024-07-07T12:11:26.000Z</time>
        <extensions>
          <ns3:TrackPointExtension>
            <ns3:atemp>31.0</ns3:atemp>
            <ns3:hr>80</ns3:hr>
            <ns3:cad>0</ns3:cad>
          </ns3:TrackPointExtension>
        </extensions>
      </trkpt>
      <trkpt lat="30.425695292651653289794921875" lon="-84.1548407636582851409912109375">
        <ele>42.799999237060546875</ele>
        <time>2024-07-07T12:11:29.000Z</time>
        <extensions>
          <ns3:TrackPointExtension>
            <ns3:atemp>31.0</ns3:atemp>
            <ns3:hr>79</ns3:hr>
            <ns3:cad>0</ns3:cad>
          </ns3:TrackPointExtension>
        </extensions>
      </trkpt>
      <trkpt lat="30.4257232882082462310791015625" lon="-84.15485375560820102691650390625">
        <ele>42.799999237060546875</ele>
        <time>2024-07-07T12:11:32.000Z</time>
        <extensions>
          <ns3:TrackPointExtension>
            <ns3:atemp>31.0</ns3:atemp>
            <ns3:hr>79</ns3:hr>
            <ns3:cad>0</ns3:cad>
          </ns3:TrackPointExtension>
        </extensions>
      </trkpt>
      <trkpt lat="30.42578640393912792205810546875" lon="-84.15488895960152149200439453125">
        <ele>42.40000152587890625</ele>
        <time>2024-07-07T12:11:39.000Z</time>
        <extensions>
          <ns3:TrackPointExtension>
            <ns3:atemp>31.0</ns3:atemp>
            <ns3:hr>76</ns3:hr>
            <ns3:cad>45</ns3:cad>
          </ns3:TrackPointExtension>
        </extensions>
      </trkpt>
      <trkpt lat="30.42579696513712406158447265625" lon="-84.154892899096012115478515625">
        <ele>42.40000152587890625</ele>
        <time>2024-07-07T12:11:40.000Z</time>
        <extensions>
          <ns3:TrackPointExtension>
            <ns3:atemp>31.0</ns3:atemp>
            <ns3:hr>76</ns3:hr>
            <ns3:cad>45</ns3:cad>
          </ns3:TrackPointExtension>
        </extensions>
      </trkpt>
      <trkpt lat="30.4258151538670063018798828125" lon="-84.15489767678081989288330078125">
        <ele>42.40000152587890625</ele>
        <time>2024-07-07T12:11:43.000Z</time>
        <extensions>
          <ns3:TrackPointExtension>
            <ns3:atemp>31.0</ns3:atemp>
            <ns3:hr>79</ns3:hr>
            <ns3:cad>45</ns3:cad>
          </ns3:TrackPointExtension>
        </extensions>
      </trkpt>
      <trkpt lat="30.425834096968173980712890625" lon="-84.15489901788532733917236328125">
        <ele>42.200000762939453125</ele>
        <time>2024-07-07T12:11:45.000Z</time>
        <extensions>
          <ns3:TrackPointExtension>
            <ns3:atemp>31.0</ns3:atemp>
            <ns3:hr>77</ns3:hr>
            <ns3:cad>42</ns3:cad>
          </ns3:TrackPointExtension>
        </extensions>
      </trkpt>
      <trkpt lat="30.42585982941091060638427734375" lon="-84.1549007780849933624267578125">
        <ele>42.200000762939453125</ele>
        <time>2024-07-07T12:11:48.000Z</time>
        <extensions>
          <ns3:TrackPointExtension>
            <ns3:atemp>31.0</ns3:atemp>
            <ns3:hr>75</ns3:hr>
            <ns3:cad>42</ns3:cad>
          </ns3:TrackPointExtension>
        </extensions>
      </trkpt>
      <trkpt lat="30.42587055824697017669677734375" lon="-84.1549048013985157012939453125">
        <ele>42.200000762939453125</ele>
        <time>2024-07-07T12:11:49.000Z</time>
        <extensions>
          <ns3:TrackPointExtension>
            <ns3:atemp>31.0</ns3:atemp>
            <ns3:hr>79</ns3:hr>
            <ns3:cad>42</ns3:cad>
          </ns3:TrackPointExtension>
        </extensions>
      </trkpt>
      <trkpt lat="30.425963513553142547607421875" lon="-84.1549172066152095794677734375">
        <ele>42.200000762939453125</ele>
        <time>2024-07-07T12:11:58.000Z</time>
        <extensions>
          <ns3:TrackPointExtension>
            <ns3:atemp>31.0</ns3:atemp>
            <ns3:hr>81</ns3:hr>
            <ns3:cad>47</ns3:cad>
          </ns3:TrackPointExtension>
        </extensions>
      </trkpt>
      <trkpt lat="30.4260645993053913116455078125" lon="-84.15491695515811443328857421875">
        <ele>41.799999237060546875</ele>
        <time>2024-07-07T12:12:07.000Z</time>
        <extensions>
          <ns3:TrackPointExtension>
            <ns3:atemp>31.0</ns3:atemp>
            <ns3:hr>83</ns3:hr>
            <ns3:cad>45</ns3:cad>
          </ns3:TrackPointExtension>
        </extensions>
      </trkpt>
      <trkpt lat="30.42610726319253444671630859375" lon="-84.15491812862455844879150390625">
        <ele>41.59999847412109375</ele>
        <time>2024-07-07T12:12:13.000Z</time>
        <extensions>
          <ns3:TrackPointExtension>
            <ns3:atemp>31.0</ns3:atemp>
            <ns3:hr>85</ns3:hr>
            <ns3:cad>0</ns3:cad>
          </ns3:TrackPointExtension>
        </extensions>
      </trkpt>
      <trkpt lat="30.426114387810230255126953125" lon="-84.1549071483314037322998046875">
        <ele>41.59999847412109375</ele>
        <time>2024-07-07T12:12:15.000Z</time>
        <extensions>
          <ns3:TrackPointExtension>
            <ns3:atemp>31.0</ns3:atemp>
            <ns3:hr>83</ns3:hr>
            <ns3:cad>0</ns3:cad>
          </ns3:TrackPointExtension>
        </extensions>
      </trkpt>
      <trkpt lat="30.42616878636181354522705078125" lon="-84.1548813320696353912353515625">
        <ele>41.40000152587890625</ele>
        <time>2024-07-07T12:12:22.000Z</time>
        <extensions>
          <ns3:TrackPointExtension>
            <ns3:atemp>31.0</ns3:atemp>
            <ns3:hr>83</ns3:hr>
            <ns3:cad>44</ns3:cad>
          </ns3:TrackPointExtension>
        </extensions>
      </trkpt>
      <trkpt lat="30.426263250410556793212890625" lon="-84.15489348582923412322998046875">
        <ele>41.200000762939453125</ele>
        <time>2024-07-07T12:12:32.000Z</time>
        <extensions>
          <ns3:TrackPointExtension>
            <ns3:atemp>31.0</ns3:atemp>
            <ns3:hr>81</ns3:hr>
            <ns3:cad>74</ns3:cad>
          </ns3:TrackPointExtension>
        </extensions>
      </trkpt>
      <trkpt lat="30.426288731396198272705078125" lon="-84.15488409809768199920654296875">
        <ele>41</ele>
        <time>2024-07-07T12:12:38.000Z</time>
        <extensions>
          <ns3:TrackPointExtension>
            <ns3:atemp>31.0</ns3:atemp>
            <ns3:hr>79</ns3:hr>
            <ns3:cad>0</ns3:cad>
          </ns3:TrackPointExtension>
        </extensions>
      </trkpt>
      <trkpt lat="30.42628697119653224945068359375" lon="-84.15488929487764835357666015625">
        <ele>40.799999237060546875</ele>
        <time>2024-07-07T12:12:39.000Z</time>
        <extensions>
          <ns3:TrackPointExtension>
            <ns3:atemp>31.0</ns3:atemp>
            <ns3:hr>82</ns3:hr>
            <ns3:cad>0</ns3:cad>
          </ns3:TrackPointExtension>
        </extensions>
      </trkpt>
      <trkpt lat="30.4262888990342617034912109375" lon="-84.15489281527698040008544921875">
        <ele>41</ele>
        <time>2024-07-07T12:12:41.000Z</time>
        <extensions>
          <ns3:TrackPointExtension>
            <ns3:atemp>31.0</ns3:atemp>
            <ns3:hr>79</ns3:hr>
            <ns3:cad>0</ns3:cad>
          </ns3:TrackPointExtension>
        </extensions>
      </trkpt>
      <trkpt lat="30.42632770724594593048095703125" lon="-84.154843278229236602783203125">
        <ele>40.799999237060546875</ele>
        <time>2024-07-07T12:12:52.000Z</time>
        <extensions>
          <ns3:TrackPointExtension>
            <ns3:atemp>31.0</ns3:atemp>
            <ns3:hr>78</ns3:hr>
            <ns3:cad>0</ns3:cad>
          </ns3:TrackPointExtension>
        </extensions>
      </trkpt>
      <trkpt lat="30.42633642442524433135986328125" lon="-84.1548390872776508331298828125">
        <ele>40.799999237060546875</ele>
        <time>2024-07-07T12:12:53.000Z</time>
        <extensions>
          <ns3:TrackPointExtension>
            <ns3:atemp>31.0</ns3:atemp>
            <ns3:hr>82</ns3:hr>
            <ns3:cad>44</ns3:cad>
          </ns3:TrackPointExtension>
        </extensions>
      </trkpt>
      <trkpt lat="30.42635302059352397918701171875" lon="-84.154835231602191925048828125">
        <ele>40.59999847412109375</ele>
        <time>2024-07-07T12:12:55.000Z</time>
        <extensions>
          <ns3:TrackPointExtension>
            <ns3:atemp>31.0</ns3:atemp>
            <ns3:hr>86</ns3:hr>
            <ns3:cad>46</ns3:cad>
          </ns3:TrackPointExtension>
        </extensions>
      </trkpt>
      <trkpt lat="30.42638738639652729034423828125" lon="-84.154835902154445648193359375">
        <ele>40.59999847412109375</ele>
        <time>2024-07-07T12:12:58.000Z</time>
        <extensions>
          <ns3:TrackPointExtension>
            <ns3:atemp>31.0</ns3:atemp>
            <ns3:hr>92</ns3:hr>
            <ns3:cad>47</ns3:cad>
          </ns3:TrackPointExtension>
        </extensions>
      </trkpt>
      <trkpt lat="30.42639761231839656829833984375" lon="-84.1548347286880016326904296875">
        <ele>40.40000152587890625</ele>
        <time>2024-07-07T12:12:59.000Z</time>
        <extensions>
          <ns3:TrackPointExtension>
            <ns3:atemp>31.0</ns3:atemp>
            <ns3:hr>92</ns3:hr>
            <ns3:cad>47</ns3:cad>
          </ns3:TrackPointExtension>
        </extensions>
      </trkpt>
      <trkpt lat="30.4264075867831707000732421875" lon="-84.15483430959284305572509765625">
        <ele>40.40000152587890625</ele>
        <time>2024-07-07T12:13:00.000Z</time>
        <extensions>
          <ns3:TrackPointExtension>
            <ns3:atemp>31.0</ns3:atemp>
            <ns3:hr>93</ns3:hr>
            <ns3:cad>47</ns3:cad>
          </ns3:TrackPointExtension>
        </extensions>
      </trkpt>
      <trkpt lat="30.426451005041599273681640625" lon="-84.15482626296579837799072265625">
        <ele>40.40000152587890625</ele>
        <time>2024-07-07T12:13:04.000Z</time>
        <extensions>
          <ns3:TrackPointExtension>
            <ns3:atemp>31.0</ns3:atemp>
            <ns3:hr>90</ns3:hr>
            <ns3:cad>46</ns3:cad>
          </ns3:TrackPointExtension>
        </extensions>
      </trkpt>
      <trkpt lat="30.42648478411138057708740234375" lon="-84.1548290289938449859619140625">
        <ele>40.40000152587890625</ele>
        <time>2024-07-07T12:13:09.000Z</time>
        <extensions>
          <ns3:TrackPointExtension>
            <ns3:atemp>31.0</ns3:atemp>
            <ns3:hr>89</ns3:hr>
            <ns3:cad>45</ns3:cad>
          </ns3:TrackPointExtension>
        </extensions>
      </trkpt>
      <trkpt lat="30.42647774331271648406982421875" lon="-84.1548268496990203857421875">
        <ele>40</ele>
        <time>2024-07-07T12:13:13.000Z</time>
        <extensions>
          <ns3:TrackPointExtension>
            <ns3:atemp>31.0</ns3:atemp>
            <ns3:hr>85</ns3:hr>
            <ns3:cad>0</ns3:cad>
          </ns3:TrackPointExtension>
        </extensions>
      </trkpt>
      <trkpt lat="30.42647439055144786834716796875" lon="-84.15482793934643268585205078125">
        <ele>40</ele>
        <time>2024-07-07T12:13:14.000Z</time>
        <extensions>
          <ns3:TrackPointExtension>
            <ns3:atemp>31.0</ns3:atemp>
            <ns3:hr>89</ns3:hr>
            <ns3:cad>0</ns3:cad>
          </ns3:TrackPointExtension>
        </extensions>
      </trkpt>
      <trkpt lat="30.4264734685420989990234375" lon="-84.1548280231654644012451171875">
        <ele>40</ele>
        <time>2024-07-07T12:13:15.000Z</time>
        <extensions>
          <ns3:TrackPointExtension>
            <ns3:atemp>31.0</ns3:atemp>
            <ns3:hr>89</ns3:hr>
            <ns3:cad>0</ns3:cad>
          </ns3:TrackPointExtension>
        </extensions>
      </trkpt>
      <trkpt lat="30.42648243717849254608154296875" lon="-84.15482089854776859283447265625">
        <ele>40.40000152587890625</ele>
        <time>2024-07-07T12:13:25.000Z</time>
        <extensions>
          <ns3:TrackPointExtension>
            <ns3:atemp>31.0</ns3:atemp>
            <ns3:hr>90</ns3:hr>
            <ns3:cad>0</ns3:cad>
          </ns3:TrackPointExtension>
        </extensions>
      </trkpt>
      <trkpt lat="30.426498949527740478515625" lon="-84.1548139415681362152099609375">
        <ele>40.200000762939453125</ele>
        <time>2024-07-07T12:13:59.000Z</time>
        <extensions>
          <ns3:TrackPointExtension>
            <ns3:atemp>31.0</ns3:atemp>
            <ns3:hr>90</ns3:hr>
            <ns3:cad>0</ns3:cad>
          </ns3:TrackPointExtension>
        </extensions>
      </trkpt>
      <trkpt lat="30.42649023234844207763671875" lon="-84.15481419302523136138916015625">
        <ele>40</ele>
        <time>2024-07-07T12:14:05.000Z</time>
        <extensions>
          <ns3:TrackPointExtension>
            <ns3:atemp>31.0</ns3:atemp>
            <ns3:hr>87</ns3:hr>
            <ns3:cad>0</ns3:cad>
          </ns3:TrackPointExtension>
        </extensions>
      </trkpt>
      <trkpt lat="30.42649031616747379302978515625" lon="-84.154829867184162139892578125">
        <ele>39.799999237060546875</ele>
        <time>2024-07-07T12:14:20.000Z</time>
        <extensions>
          <ns3:TrackPointExtension>
            <ns3:atemp>31.0</ns3:atemp>
            <ns3:hr>90</ns3:hr>
            <ns3:cad>0</ns3:cad>
          </ns3:TrackPointExtension>
        </extensions>
      </trkpt>
      <trkpt lat="30.42653021402657032012939453125" lon="-84.15481201373040676116943359375">
        <ele>40</ele>
        <time>2024-07-07T12:14:27.000Z</time>
        <extensions>
          <ns3:TrackPointExtension>
            <ns3:atemp>31.0</ns3:atemp>
            <ns3:hr>90</ns3:hr>
            <ns3:cad>43</ns3:cad>
          </ns3:TrackPointExtension>
        </extensions>
      </trkpt>
      <trkpt lat="30.42654865421354770660400390625" lon="-84.15480782277882099151611328125">
        <ele>40</ele>
        <time>2024-07-07T12:14:29.000Z</time>
        <extensions>
          <ns3:TrackPointExtension>
            <ns3:atemp>31.0</ns3:atemp>
            <ns3:hr>94</ns3:hr>
            <ns3:cad>42</ns3:cad>
          </ns3:TrackPointExtension>
        </extensions>
      </trkpt>
      <trkpt lat="30.4265792481601238250732421875" lon="-84.1548048891127109527587890625">
        <ele>40</ele>
        <time>2024-07-07T12:14:32.000Z</time>
        <extensions>
          <ns3:TrackPointExtension>
            <ns3:atemp>31.0</ns3:atemp>
            <ns3:hr>99</ns3:hr>
            <ns3:cad>0</ns3:cad>
          </ns3:TrackPointExtension>
        </extensions>
      </trkpt>
      <trkpt lat="30.42659106664359569549560546875" lon="-84.154802374541759490966796875">
        <ele>40</ele>
        <time>2024-07-07T12:14:33.000Z</time>
        <extensions>
          <ns3:TrackPointExtension>
            <ns3:atemp>31.0</ns3:atemp>
            <ns3:hr>99</ns3:hr>
            <ns3:cad>0</ns3:cad>
          </ns3:TrackPointExtension>
        </extensions>
      </trkpt>
      <trkpt lat="30.4266137816011905670166015625" lon="-84.15480631403625011444091796875">
        <ele>39.799999237060546875</ele>
        <time>2024-07-07T12:14:36.000Z</time>
        <extensions>
          <ns3:TrackPointExtension>
            <ns3:atemp>31.0</ns3:atemp>
            <ns3:hr>102</ns3:hr>
            <ns3:cad>0</ns3:cad>
          </ns3:TrackPointExtension>
        </extensions>
      </trkpt>
      <trkpt lat="30.426646806299686431884765625" lon="-84.15480581112205982208251953125">
        <ele>39.799999237060546875</ele>
        <time>2024-07-07T12:14:40.000Z</time>
        <extensions>
          <ns3:TrackPointExtension>
            <ns3:atemp>32.0</ns3:atemp>
            <ns3:hr>101</ns3:hr>
            <ns3:cad>43</ns3:cad>
          </ns3:TrackPointExtension>
        </extensions>
      </trkpt>
      <trkpt lat="30.42669332586228847503662109375" lon="-84.15481553412973880767822265625">
        <ele>39.40000152587890625</ele>
        <time>2024-07-07T12:14:46.000Z</time>
        <extensions>
          <ns3:TrackPointExtension>
            <ns3:atemp>32.0</ns3:atemp>
            <ns3:hr>105</ns3:hr>
            <ns3:cad>0</ns3:cad>
          </ns3:TrackPointExtension>
        </extensions>
      </trkpt>
      <trkpt lat="30.426701791584491729736328125" lon="-84.15481452830135822296142578125">
        <ele>39.40000152587890625</ele>
        <time>2024-07-07T12:14:47.000Z</time>
        <extensions>
          <ns3:TrackPointExtension>
            <ns3:atemp>32.0</ns3:atemp>
            <ns3:hr>108</ns3:hr>
            <ns3:cad>0</ns3:cad>
          </ns3:TrackPointExtension>
        </extensions>
      </trkpt>
      <trkpt lat="30.4267157055437564849853515625" lon="-84.15481855161488056182861328125">
        <ele>39.200000762939453125</ele>
        <time>2024-07-07T12:14:49.000Z</time>
        <extensions>
          <ns3:TrackPointExtension>
            <ns3:atemp>32.0</ns3:atemp>
            <ns3:hr>107</ns3:hr>
            <ns3:cad>0</ns3:cad>
          </ns3:TrackPointExtension>
        </extensions>
      </trkpt>
      <trkpt lat="30.42674906551837921142578125" lon="-84.15482760407030582427978515625">
        <ele>39.40000152587890625</ele>
        <time>2024-07-07T12:14:54.000Z</time>
        <extensions>
          <ns3:TrackPointExtension>
            <ns3:atemp>32.0</ns3:atemp>
            <ns3:hr>103</ns3:hr>
            <ns3:cad>76</ns3:cad>
          </ns3:TrackPointExtension>
        </extensions>
      </trkpt>
      <trkpt lat="30.42676976881921291351318359375" lon="-84.1548243351280689239501953125">
        <ele>39.40000152587890625</ele>
        <time>2024-07-07T12:14:57.000Z</time>
        <extensions>
          <ns3:TrackPointExtension>
            <ns3:atemp>32.0</ns3:atemp>
            <ns3:hr>104</ns3:hr>
            <ns3:cad>77</ns3:cad>
          </ns3:TrackPointExtension>
        </extensions>
      </trkpt>
      <trkpt lat="30.42677856981754302978515625" lon="-84.154823832213878631591796875">
        <ele>39.40000152587890625</ele>
        <time>2024-07-07T12:14:58.000Z</time>
        <extensions>
          <ns3:TrackPointExtension>
            <ns3:atemp>32.0</ns3:atemp>
            <ns3:hr>103</ns3:hr>
            <ns3:cad>77</ns3:cad>
          </ns3:TrackPointExtension>
        </extensions>
      </trkpt>
      <trkpt lat="30.4267965070903301239013671875" lon="-84.154830537736415863037109375">
        <ele>39.200000762939453125</ele>
        <time>2024-07-07T12:15:00.000Z</time>
        <extensions>
          <ns3:TrackPointExtension>
            <ns3:atemp>32.0</ns3:atemp>
            <ns3:hr>102</ns3:hr>
            <ns3:cad>41</ns3:cad>
          </ns3:TrackPointExtension>
        </extensions>
      </trkpt>
      <trkpt lat="30.4268136061728000640869140625" lon="-84.15483422577381134033203125">
        <ele>39.200000762939453125</ele>
        <time>2024-07-07T12:15:04.000Z</time>
        <extensions>
          <ns3:TrackPointExtension>
            <ns3:atemp>32.0</ns3:atemp>
            <ns3:hr>105</ns3:hr>
            <ns3:cad>0</ns3:cad>
          </ns3:TrackPointExtension>
        </extensions>
      </trkpt>
      <trkpt lat="30.42682089842855930328369140625" lon="-84.15483598597347736358642578125">
        <ele>39.200000762939453125</ele>
        <time>2024-07-07T12:15:05.000Z</time>
        <extensions>
          <ns3:TrackPointExtension>
            <ns3:atemp>32.0</ns3:atemp>
            <ns3:hr>107</ns3:hr>
            <ns3:cad>41</ns3:cad>
          </ns3:TrackPointExtension>
        </extensions>
      </trkpt>
      <trkpt lat="30.42684562504291534423828125" lon="-84.154837913811206817626953125">
        <ele>39.200000762939453125</ele>
        <time>2024-07-07T12:15:08.000Z</time>
        <extensions>
          <ns3:TrackPointExtension>
            <ns3:atemp>32.0</ns3:atemp>
            <ns3:hr>110</ns3:hr>
            <ns3:cad>41</ns3:cad>
          </ns3:TrackPointExtension>
        </extensions>
      </trkpt>
      <trkpt lat="30.426861383020877838134765625" lon="-84.1548330523073673248291015625">
        <ele>39.200000762939453125</ele>
        <time>2024-07-07T12:15:10.000Z</time>
        <extensions>
          <ns3:TrackPointExtension>
            <ns3:atemp>32.0</ns3:atemp>
            <ns3:hr>113</ns3:hr>
            <ns3:cad>41</ns3:cad>
          </ns3:TrackPointExtension>
        </extensions>
      </trkpt>
      <trkpt lat="30.42687906883656978607177734375" lon="-84.154830537736415863037109375">
        <ele>39.200000762939453125</ele>
        <time>2024-07-07T12:15:12.000Z</time>
        <extensions>
          <ns3:TrackPointExtension>
            <ns3:atemp>32.0</ns3:atemp>
            <ns3:hr>113</ns3:hr>
            <ns3:cad>42</ns3:cad>
          </ns3:TrackPointExtension>
        </extensions>
      </trkpt>
      <trkpt lat="30.42690069414675235748291015625" lon="-84.1548390872776508331298828125">
        <ele>39</ele>
        <time>2024-07-07T12:15:15.000Z</time>
        <extensions>
          <ns3:TrackPointExtension>
            <ns3:atemp>32.0</ns3:atemp>
            <ns3:hr>116</ns3:hr>
            <ns3:cad>43</ns3:cad>
          </ns3:TrackPointExtension>
        </extensions>
      </trkpt>
      <trkpt lat="30.4269245825707912445068359375" lon="-84.1548370756208896636962890625">
        <ele>39</ele>
        <time>2024-07-07T12:15:17.000Z</time>
        <extensions>
          <ns3:TrackPointExtension>
            <ns3:atemp>32.0</ns3:atemp>
            <ns3:hr>119</ns3:hr>
            <ns3:cad>43</ns3:cad>
          </ns3:TrackPointExtension>
        </extensions>
      </trkpt>
      <trkpt lat="30.4269509017467498779296875" lon="-84.1548367403447628021240234375">
        <ele>39</ele>
        <time>2024-07-07T12:15:19.000Z</time>
        <extensions>
          <ns3:TrackPointExtension>
            <ns3:atemp>32.0</ns3:atemp>
            <ns3:hr>121</ns3:hr>
            <ns3:cad>46</ns3:cad>
          </ns3:TrackPointExtension>
        </extensions>
      </trkpt>
      <trkpt lat="30.42703765444457530975341796875" lon="-84.15485761128365993499755859375">
        <ele>39.200000762939453125</ele>
        <time>2024-07-07T12:15:27.000Z</time>
        <extensions>
          <ns3:TrackPointExtension>
            <ns3:atemp>32.0</ns3:atemp>
            <ns3:hr>118</ns3:hr>
            <ns3:cad>0</ns3:cad>
          </ns3:TrackPointExtension>
        </extensions>
      </trkpt>
      <trkpt lat="30.42704804800450801849365234375" lon="-84.1548598743975162506103515625">
        <ele>39</ele>
        <time>2024-07-07T12:15:28.000Z</time>
        <extensions>
          <ns3:TrackPointExtension>
            <ns3:atemp>32.0</ns3:atemp>
            <ns3:hr>117</ns3:hr>
            <ns3:cad>0</ns3:cad>
          </ns3:TrackPointExtension>
        </extensions>
      </trkpt>
      <trkpt lat="30.42708626948297023773193359375" lon="-84.15489080362021923065185546875">
        <ele>39.59999847412109375</ele>
        <time>2024-07-07T12:15:34.000Z</time>
        <extensions>
          <ns3:TrackPointExtension>
            <ns3:atemp>32.0</ns3:atemp>
            <ns3:hr>114</ns3:hr>
            <ns3:cad>41</ns3:cad>
          </ns3:TrackPointExtension>
        </extensions>
      </trkpt>
      <trkpt lat="30.42708878405392169952392578125" lon="-84.15489323437213897705078125">
        <ele>39.40000152587890625</ele>
        <time>2024-07-07T12:15:35.000Z</time>
        <extensions>
          <ns3:TrackPointExtension>
            <ns3:atemp>32.0</ns3:atemp>
            <ns3:hr>116</ns3:hr>
            <ns3:cad>0</ns3:cad>
          </ns3:TrackPointExtension>
        </extensions>
      </trkpt>
      <trkpt lat="30.4270949028432369232177734375" lon="-84.154899604618549346923828125">
        <ele>39.40000152587890625</ele>
        <time>2024-07-07T12:15:36.000Z</time>
        <extensions>
          <ns3:TrackPointExtension>
            <ns3:atemp>32.0</ns3:atemp>
            <ns3:hr>116</ns3:hr>
            <ns3:cad>0</ns3:cad>
          </ns3:TrackPointExtension>
        </extensions>
      </trkpt>
      <trkpt lat="30.42710244655609130859375" lon="-84.1549051366746425628662109375">
        <ele>39.40000152587890625</ele>
        <time>2024-07-07T12:15:37.000Z</time>
        <extensions>
          <ns3:TrackPointExtension>
            <ns3:atemp>32.0</ns3:atemp>
            <ns3:hr>113</ns3:hr>
            <ns3:cad>0</ns3:cad>
          </ns3:TrackPointExtension>
        </extensions>
      </trkpt>
      <trkpt lat="30.4271394945681095123291015625" lon="-84.154921732842922210693359375">
        <ele>39.40000152587890625</ele>
        <time>2024-07-07T12:15:43.000Z</time>
        <extensions>
          <ns3:TrackPointExtension>
            <ns3:atemp>32.0</ns3:atemp>
            <ns3:hr>117</ns3:hr>
            <ns3:cad>0</ns3:cad>
          </ns3:TrackPointExtension>
        </extensions>
      </trkpt>
      <trkpt lat="30.42714091949164867401123046875" lon="-84.15492273867130279541015625">
        <ele>39.200000762939453125</ele>
        <time>2024-07-07T12:15:44.000Z</time>
        <extensions>
          <ns3:TrackPointExtension>
            <ns3:atemp>32.0</ns3:atemp>
            <ns3:hr>117</ns3:hr>
            <ns3:cad>0</ns3:cad>
          </ns3:TrackPointExtension>
        </extensions>
      </trkpt>
      <trkpt lat="30.42715013958513736724853515625" lon="-84.15492483414709568023681640625">
        <ele>39</ele>
        <time>2024-07-07T12:15:49.000Z</time>
        <extensions>
          <ns3:TrackPointExtension>
            <ns3:atemp>32.0</ns3:atemp>
            <ns3:hr>120</ns3:hr>
            <ns3:cad>0</ns3:cad>
          </ns3:TrackPointExtension>
        </extensions>
      </trkpt>
      <trkpt lat="30.42715231887996196746826171875" lon="-84.15492416359484195709228515625">
        <ele>39.200000762939453125</ele>
        <time>2024-07-07T12:15:53.000Z</time>
        <extensions>
          <ns3:TrackPointExtension>
            <ns3:atemp>32.0</ns3:atemp>
            <ns3:hr>117</ns3:hr>
            <ns3:cad>0</ns3:cad>
          </ns3:TrackPointExtension>
        </extensions>
      </trkpt>
      <trkpt lat="30.4271529056131839752197265625" lon="-84.15492139756679534912109375">
        <ele>39.200000762939453125</ele>
        <time>2024-07-07T12:15:54.000Z</time>
        <extensions>
          <ns3:TrackPointExtension>
            <ns3:atemp>32.0</ns3:atemp>
            <ns3:hr>117</ns3:hr>
            <ns3:cad>0</ns3:cad>
          </ns3:TrackPointExtension>
        </extensions>
      </trkpt>
      <trkpt lat="30.42715181596577167510986328125" lon="-84.154918380081653594970703125">
        <ele>39.40000152587890625</ele>
        <time>2024-07-07T12:15:58.000Z</time>
        <extensions>
          <ns3:TrackPointExtension>
            <ns3:atemp>32.0</ns3:atemp>
            <ns3:hr>114</ns3:hr>
            <ns3:cad>0</ns3:cad>
          </ns3:TrackPointExtension>
        </extensions>
      </trkpt>
      <trkpt lat="30.42715181596577167510986328125" lon="-84.154918380081653594970703125">
        <ele>39</ele>
        <time>2024-07-07T12:16:05.000Z</time>
        <extensions>
          <ns3:TrackPointExtension>
            <ns3:atemp>32.0</ns3:atemp>
            <ns3:hr>111</ns3:hr>
            <ns3:cad>0</ns3:cad>
          </ns3:TrackPointExtension>
        </extensions>
      </trkpt>
      <trkpt lat="30.42715013958513736724853515625" lon="-84.154918380081653594970703125">
        <ele>38.799999237060546875</ele>
        <time>2024-07-07T12:16:08.000Z</time>
        <extensions>
          <ns3:TrackPointExtension>
            <ns3:atemp>32.0</ns3:atemp>
            <ns3:hr>108</ns3:hr>
            <ns3:cad>0</ns3:cad>
          </ns3:TrackPointExtension>
        </extensions>
      </trkpt>
      <trkpt lat="30.4271493852138519287109375" lon="-84.154918380081653594970703125">
        <ele>38.799999237060546875</ele>
        <time>2024-07-07T12:16:10.000Z</time>
        <extensions>
          <ns3:TrackPointExtension>
            <ns3:atemp>32.0</ns3:atemp>
            <ns3:hr>110</ns3:hr>
            <ns3:cad>0</ns3:cad>
          </ns3:TrackPointExtension>
        </extensions>
      </trkpt>
      <trkpt lat="30.427149049937725067138671875" lon="-84.154918380081653594970703125">
        <ele>38.799999237060546875</ele>
        <time>2024-07-07T12:16:11.000Z</time>
        <extensions>
          <ns3:TrackPointExtension>
            <ns3:atemp>32.0</ns3:atemp>
            <ns3:hr>105</ns3:hr>
            <ns3:cad>0</ns3:cad>
          </ns3:TrackPointExtension>
        </extensions>
      </trkpt>
      <trkpt lat="30.4271478764712810516357421875" lon="-84.1549168713390827178955078125">
        <ele>38.799999237060546875</ele>
        <time>2024-07-07T12:16:12.000Z</time>
        <extensions>
          <ns3:TrackPointExtension>
            <ns3:atemp>32.0</ns3:atemp>
            <ns3:hr>105</ns3:hr>
            <ns3:cad>0</ns3:cad>
          </ns3:TrackPointExtension>
        </extensions>
      </trkpt>
      <trkpt lat="30.4271475411951541900634765625" lon="-84.15490974672138690948486328125">
        <ele>38.799999237060546875</ele>
        <time>2024-07-07T12:16:13.000Z</time>
        <extensions>
          <ns3:TrackPointExtension>
            <ns3:atemp>32.0</ns3:atemp>
            <ns3:hr>108</ns3:hr>
            <ns3:cad>0</ns3:cad>
          </ns3:TrackPointExtension>
        </extensions>
      </trkpt>
      <trkpt lat="30.4271472059190273284912109375" lon="-84.15489851497113704681396484375">
        <ele>38.40000152587890625</ele>
        <time>2024-07-07T12:16:15.000Z</time>
        <extensions>
          <ns3:TrackPointExtension>
            <ns3:atemp>32.0</ns3:atemp>
            <ns3:hr>108</ns3:hr>
            <ns3:cad>41</ns3:cad>
          </ns3:TrackPointExtension>
        </extensions>
      </trkpt>
      <trkpt lat="30.4271213896572589874267578125" lon="-84.15479726158082485198974609375">
        <ele>38.59999847412109375</ele>
        <time>2024-07-07T12:16:21.000Z</time>
        <extensions>
          <ns3:TrackPointExtension>
            <ns3:atemp>32.0</ns3:atemp>
            <ns3:hr>107</ns3:hr>
            <ns3:cad>45</ns3:cad>
          </ns3:TrackPointExtension>
        </extensions>
      </trkpt>
      <trkpt lat="30.42712013237178325653076171875" lon="-84.154776223003864288330078125">
        <ele>38.59999847412109375</ele>
        <time>2024-07-07T12:16:22.000Z</time>
        <extensions>
          <ns3:TrackPointExtension>
            <ns3:atemp>32.0</ns3:atemp>
            <ns3:hr>111</ns3:hr>
            <ns3:cad>45</ns3:cad>
          </ns3:TrackPointExtension>
        </extensions>
      </trkpt>
      <trkpt lat="30.42711745016276836395263671875" lon="-84.15475602261722087860107421875">
        <ele>38.40000152587890625</ele>
        <time>2024-07-07T12:16:23.000Z</time>
        <extensions>
          <ns3:TrackPointExtension>
            <ns3:atemp>32.0</ns3:atemp>
            <ns3:hr>110</ns3:hr>
            <ns3:cad>45</ns3:cad>
          </ns3:TrackPointExtension>
        </extensions>
      </trkpt>
      <trkpt lat="30.42711577378213405609130859375" lon="-84.1547383368015289306640625">
        <ele>38.200000762939453125</ele>
        <time>2024-07-07T12:16:24.000Z</time>
        <extensions>
          <ns3:TrackPointExtension>
            <ns3:atemp>32.0</ns3:atemp>
            <ns3:hr>110</ns3:hr>
            <ns3:cad>45</ns3:cad>
          </ns3:TrackPointExtension>
        </extensions>
      </trkpt>
      <trkpt lat="30.42709833942353725433349609375" lon="-84.15467488579452037811279296875">
        <ele>38.200000762939453125</ele>
        <time>2024-07-07T12:16:28.000Z</time>
        <extensions>
          <ns3:TrackPointExtension>
            <ns3:atemp>32.0</ns3:atemp>
            <ns3:hr>113</ns3:hr>
            <ns3:cad>45</ns3:cad>
          </ns3:TrackPointExtension>
        </extensions>
      </trkpt>
      <trkpt lat="30.42709498666226863861083984375" lon="-84.1546551883220672607421875">
        <ele>38.40000152587890625</ele>
        <time>2024-07-07T12:16:30.000Z</time>
        <extensions>
          <ns3:TrackPointExtension>
            <ns3:atemp>32.0</ns3:atemp>
            <ns3:hr>113</ns3:hr>
            <ns3:cad>45</ns3:cad>
          </ns3:TrackPointExtension>
        </extensions>
      </trkpt>
      <trkpt lat="30.42709398083388805389404296875" lon="-84.15463029406964778900146484375">
        <ele>38.200000762939453125</ele>
        <time>2024-07-07T12:16:32.000Z</time>
        <extensions>
          <ns3:TrackPointExtension>
            <ns3:atemp>32.0</ns3:atemp>
            <ns3:hr>109</ns3:hr>
            <ns3:cad>45</ns3:cad>
          </ns3:TrackPointExtension>
        </extensions>
      </trkpt>
      <trkpt lat="30.4270747862756252288818359375" lon="-84.15456877090036869049072265625">
        <ele>38.200000762939453125</ele>
        <time>2024-07-07T12:16:37.000Z</time>
        <extensions>
          <ns3:TrackPointExtension>
            <ns3:atemp>32.0</ns3:atemp>
            <ns3:hr>106</ns3:hr>
            <ns3:cad>45</ns3:cad>
          </ns3:TrackPointExtension>
        </extensions>
      </trkpt>
      <trkpt lat="30.42706464417278766632080078125" lon="-84.15453524328768253326416015625">
        <ele>37.40000152587890625</ele>
        <time>2024-07-07T12:16:41.000Z</time>
        <extensions>
          <ns3:TrackPointExtension>
            <ns3:atemp>32.0</ns3:atemp>
            <ns3:hr>107</ns3:hr>
            <ns3:cad>0</ns3:cad>
          </ns3:TrackPointExtension>
        </extensions>
      </trkpt>
      <trkpt lat="30.4270667396485805511474609375" lon="-84.15452845394611358642578125">
        <ele>37.40000152587890625</ele>
        <time>2024-07-07T12:16:42.000Z</time>
        <extensions>
          <ns3:TrackPointExtension>
            <ns3:atemp>32.0</ns3:atemp>
            <ns3:hr>107</ns3:hr>
            <ns3:cad>0</ns3:cad>
          </ns3:TrackPointExtension>
        </extensions>
      </trkpt>
      <trkpt lat="30.42705877684056758880615234375" lon="-84.154498614370822906494140625">
        <ele>37.40000152587890625</ele>
        <time>2024-07-07T12:16:45.000Z</time>
        <extensions>
          <ns3:TrackPointExtension>
            <ns3:atemp>32.0</ns3:atemp>
            <ns3:hr>107</ns3:hr>
            <ns3:cad>47</ns3:cad>
          </ns3:TrackPointExtension>
        </extensions>
      </trkpt>
      <trkpt lat="30.4270513169467449188232421875" lon="-84.1544781625270843505859375">
        <ele>37.40000152587890625</ele>
        <time>2024-07-07T12:16:47.000Z</time>
        <extensions>
          <ns3:TrackPointExtension>
            <ns3:atemp>32.0</ns3:atemp>
            <ns3:hr>108</ns3:hr>
            <ns3:cad>47</ns3:cad>
          </ns3:TrackPointExtension>
        </extensions>
      </trkpt>
      <trkpt lat="30.42704142630100250244140625" lon="-84.1544317267835140228271484375">
        <ele>37.200000762939453125</ele>
        <time>2024-07-07T12:16:53.000Z</time>
        <extensions>
          <ns3:TrackPointExtension>
            <ns3:atemp>32.0</ns3:atemp>
            <ns3:hr>110</ns3:hr>
            <ns3:cad>0</ns3:cad>
          </ns3:TrackPointExtension>
        </extensions>
      </trkpt>
      <trkpt lat="30.4270415939390659332275390625" lon="-84.1544246859848499298095703125">
        <ele>37.200000762939453125</ele>
        <time>2024-07-07T12:16:54.000Z</time>
        <extensions>
          <ns3:TrackPointExtension>
            <ns3:atemp>32.0</ns3:atemp>
            <ns3:hr>104</ns3:hr>
            <ns3:cad>0</ns3:cad>
          </ns3:TrackPointExtension>
        </extensions>
      </trkpt>
      <trkpt lat="30.42704151012003421783447265625" lon="-84.15441806428134441375732421875">
        <ele>37.200000762939453125</ele>
        <time>2024-07-07T12:16:55.000Z</time>
        <extensions>
          <ns3:TrackPointExtension>
            <ns3:atemp>32.0</ns3:atemp>
            <ns3:hr>104</ns3:hr>
            <ns3:cad>0</ns3:cad>
          </ns3:TrackPointExtension>
        </extensions>
      </trkpt>
      <trkpt lat="30.42704067192971706390380859375" lon="-84.15441236458718776702880859375">
        <ele>37.200000762939453125</ele>
        <time>2024-07-07T12:16:57.000Z</time>
        <extensions>
          <ns3:TrackPointExtension>
            <ns3:atemp>32.0</ns3:atemp>
            <ns3:hr>105</ns3:hr>
            <ns3:cad>0</ns3:cad>
          </ns3:TrackPointExtension>
        </extensions>
      </trkpt>
      <trkpt lat="30.427044443786144256591796875" lon="-84.15440767072141170501708984375">
        <ele>37.40000152587890625</ele>
        <time>2024-07-07T12:17:01.000Z</time>
        <extensions>
          <ns3:TrackPointExtension>
            <ns3:atemp>32.0</ns3:atemp>
            <ns3:hr>104</ns3:hr>
            <ns3:cad>0</ns3:cad>
          </ns3:TrackPointExtension>
        </extensions>
      </trkpt>
      <trkpt lat="30.4270469583570957183837890625" lon="-84.154405407607555389404296875">
        <ele>37.40000152587890625</ele>
        <time>2024-07-07T12:17:02.000Z</time>
        <extensions>
          <ns3:TrackPointExtension>
            <ns3:atemp>32.0</ns3:atemp>
            <ns3:hr>101</ns3:hr>
            <ns3:cad>0</ns3:cad>
          </ns3:TrackPointExtension>
        </extensions>
      </trkpt>
      <trkpt lat="30.42704268358647823333740234375" lon="-84.15440565906465053558349609375">
        <ele>37.200000762939453125</ele>
        <time>2024-07-07T12:17:04.000Z</time>
        <extensions>
          <ns3:TrackPointExtension>
            <ns3:atemp>32.0</ns3:atemp>
            <ns3:hr>100</ns3:hr>
            <ns3:cad>0</ns3:cad>
          </ns3:TrackPointExtension>
        </extensions>
      </trkpt>
      <trkpt lat="30.4270402528345584869384765625" lon="-84.154385626316070556640625">
        <ele>37.200000762939453125</ele>
        <time>2024-07-07T12:17:09.000Z</time>
        <extensions>
          <ns3:TrackPointExtension>
            <ns3:atemp>32.0</ns3:atemp>
            <ns3:hr>100</ns3:hr>
            <ns3:cad>0</ns3:cad>
          </ns3:TrackPointExtension>
        </extensions>
      </trkpt>
      <trkpt lat="30.427004881203174591064453125" lon="-84.1542855463922023773193359375">
        <ele>37.200000762939453125</ele>
        <time>2024-07-07T12:17:18.000Z</time>
        <extensions>
          <ns3:TrackPointExtension>
            <ns3:atemp>32.0</ns3:atemp>
            <ns3:hr>97</ns3:hr>
            <ns3:cad>42</ns3:cad>
          </ns3:TrackPointExtension>
        </extensions>
      </trkpt>
      <trkpt lat="30.426967330276966094970703125" lon="-84.1541482508182525634765625">
        <ele>36.59999847412109375</ele>
        <time>2024-07-07T12:17:30.000Z</time>
        <extensions>
          <ns3:TrackPointExtension>
            <ns3:atemp>32.0</ns3:atemp>
            <ns3:hr>95</ns3:hr>
            <ns3:cad>42</ns3:cad>
          </ns3:TrackPointExtension>
        </extensions>
      </trkpt>
      <trkpt lat="30.42694914154708385467529296875" lon="-84.1541068442165851593017578125">
        <ele>36.40000152587890625</ele>
        <time>2024-07-07T12:17:34.000Z</time>
        <extensions>
          <ns3:TrackPointExtension>
            <ns3:atemp>33.0</ns3:atemp>
            <ns3:hr>95</ns3:hr>
            <ns3:cad>45</ns3:cad>
          </ns3:TrackPointExtension>
        </extensions>
      </trkpt>
      <trkpt lat="30.42693757452070713043212890625" lon="-84.15406443178653717041015625">
        <ele>36.59999847412109375</ele>
        <time>2024-07-07T12:17:38.000Z</time>
        <extensions>
          <ns3:TrackPointExtension>
            <ns3:atemp>33.0</ns3:atemp>
            <ns3:hr>95</ns3:hr>
            <ns3:cad>45</ns3:cad>
          </ns3:TrackPointExtension>
        </extensions>
      </trkpt>
      <trkpt lat="30.42691930197179317474365234375" lon="-84.1539697162806987762451171875">
        <ele>36.40000152587890625</ele>
        <time>2024-07-07T12:17:49.000Z</time>
        <extensions>
          <ns3:TrackPointExtension>
            <ns3:atemp>33.0</ns3:atemp>
            <ns3:hr>93</ns3:hr>
            <ns3:cad>0</ns3:cad>
          </ns3:TrackPointExtension>
        </extensions>
      </trkpt>
      <trkpt lat="30.42691913433372974395751953125" lon="-84.15396426804363727569580078125">
        <ele>36.40000152587890625</ele>
        <time>2024-07-07T12:17:50.000Z</time>
        <extensions>
          <ns3:TrackPointExtension>
            <ns3:atemp>33.0</ns3:atemp>
            <ns3:hr>97</ns3:hr>
            <ns3:cad>0</ns3:cad>
          </ns3:TrackPointExtension>
        </extensions>
      </trkpt>
      <trkpt lat="30.42689482681453227996826171875" lon="-84.1539177484810352325439453125">
        <ele>36.40000152587890625</ele>
        <time>2024-07-07T12:17:55.000Z</time>
        <extensions>
          <ns3:TrackPointExtension>
            <ns3:atemp>33.0</ns3:atemp>
            <ns3:hr>100</ns3:hr>
            <ns3:cad>0</ns3:cad>
          </ns3:TrackPointExtension>
        </extensions>
      </trkpt>
      <trkpt lat="30.426888205111026763916015625" lon="-84.153908528387546539306640625">
        <ele>36.40000152587890625</ele>
        <time>2024-07-07T12:17:56.000Z</time>
        <extensions>
          <ns3:TrackPointExtension>
            <ns3:atemp>33.0</ns3:atemp>
            <ns3:hr>99</ns3:hr>
            <ns3:cad>0</ns3:cad>
          </ns3:TrackPointExtension>
        </extensions>
      </trkpt>
      <trkpt lat="30.4268581978976726531982421875" lon="-84.15381222032010555267333984375">
        <ele>36.59999847412109375</ele>
        <time>2024-07-07T12:18:05.000Z</time>
        <extensions>
          <ns3:TrackPointExtension>
            <ns3:atemp>33.0</ns3:atemp>
            <ns3:hr>97</ns3:hr>
            <ns3:cad>79</ns3:cad>
          </ns3:TrackPointExtension>
        </extensions>
      </trkpt>
      <trkpt lat="30.4268196411430835723876953125" lon="-84.1536760143935680389404296875">
        <ele>36.799999237060546875</ele>
        <time>2024-07-07T12:18:17.000Z</time>
        <extensions>
          <ns3:TrackPointExtension>
            <ns3:atemp>33.0</ns3:atemp>
            <ns3:hr>98</ns3:hr>
            <ns3:cad>41</ns3:cad>
          </ns3:TrackPointExtension>
        </extensions>
      </trkpt>
      <trkpt lat="30.4267988540232181549072265625" lon="-84.1536206938326358795166015625">
        <ele>37.200000762939453125</ele>
        <time>2024-07-07T12:18:22.000Z</time>
        <extensions>
          <ns3:TrackPointExtension>
            <ns3:atemp>33.0</ns3:atemp>
            <ns3:hr>94</ns3:hr>
            <ns3:cad>41</ns3:cad>
          </ns3:TrackPointExtension>
        </extensions>
      </trkpt>
      <trkpt lat="30.42679843492805957794189453125" lon="-84.15361004881560802459716796875">
        <ele>37.200000762939453125</ele>
        <time>2024-07-07T12:18:23.000Z</time>
        <extensions>
          <ns3:TrackPointExtension>
            <ns3:atemp>33.0</ns3:atemp>
            <ns3:hr>97</ns3:hr>
            <ns3:cad>41</ns3:cad>
          </ns3:TrackPointExtension>
        </extensions>
      </trkpt>
      <trkpt lat="30.426788292825222015380859375" lon="-84.153576605021953582763671875">
        <ele>37.200000762939453125</ele>
        <time>2024-07-07T12:18:26.000Z</time>
        <extensions>
          <ns3:TrackPointExtension>
            <ns3:atemp>33.0</ns3:atemp>
            <ns3:hr>98</ns3:hr>
            <ns3:cad>78</ns3:cad>
          </ns3:TrackPointExtension>
        </extensions>
      </trkpt>
      <trkpt lat="30.426767505705356597900390625" lon="-84.1535315103828907012939453125">
        <ele>37.40000152587890625</ele>
        <time>2024-07-07T12:18:31.000Z</time>
        <extensions>
          <ns3:TrackPointExtension>
            <ns3:atemp>33.0</ns3:atemp>
            <ns3:hr>99</ns3:hr>
            <ns3:cad>43</ns3:cad>
          </ns3:TrackPointExtension>
        </extensions>
      </trkpt>
      <trkpt lat="30.4267542622983455657958984375" lon="-84.15349085815250873565673828125">
        <ele>37.59999847412109375</ele>
        <time>2024-07-07T12:18:35.000Z</time>
        <extensions>
          <ns3:TrackPointExtension>
            <ns3:atemp>33.0</ns3:atemp>
            <ns3:hr>103</ns3:hr>
            <ns3:cad>42</ns3:cad>
          </ns3:TrackPointExtension>
        </extensions>
      </trkpt>
      <trkpt lat="30.42674914933741092681884765625" lon="-84.15347845293581485748291015625">
        <ele>37.59999847412109375</ele>
        <time>2024-07-07T12:18:36.000Z</time>
        <extensions>
          <ns3:TrackPointExtension>
            <ns3:atemp>33.0</ns3:atemp>
            <ns3:hr>103</ns3:hr>
            <ns3:cad>78</ns3:cad>
          </ns3:TrackPointExtension>
        </extensions>
      </trkpt>
      <trkpt lat="30.42673892341554164886474609375" lon="-84.15344417095184326171875">
        <ele>37.799999237060546875</ele>
        <time>2024-07-07T12:18:39.000Z</time>
        <extensions>
          <ns3:TrackPointExtension>
            <ns3:atemp>33.0</ns3:atemp>
            <ns3:hr>106</ns3:hr>
            <ns3:cad>42</ns3:cad>
          </ns3:TrackPointExtension>
        </extensions>
      </trkpt>
      <trkpt lat="30.4267177172005176544189453125" lon="-84.15336982347071170806884765625">
        <ele>38.59999847412109375</ele>
        <time>2024-07-07T12:18:45.000Z</time>
        <extensions>
          <ns3:TrackPointExtension>
            <ns3:atemp>33.0</ns3:atemp>
            <ns3:hr>108</ns3:hr>
            <ns3:cad>44</ns3:cad>
          </ns3:TrackPointExtension>
        </extensions>
      </trkpt>
      <trkpt lat="30.426715873181819915771484375" lon="-84.1533585079014301300048828125">
        <ele>38.59999847412109375</ele>
        <time>2024-07-07T12:18:46.000Z</time>
        <extensions>
          <ns3:TrackPointExtension>
            <ns3:atemp>33.0</ns3:atemp>
            <ns3:hr>108</ns3:hr>
            <ns3:cad>44</ns3:cad>
          </ns3:TrackPointExtension>
        </extensions>
      </trkpt>
      <trkpt lat="30.426680333912372589111328125" lon="-84.1532596014440059661865234375">
        <ele>38.799999237060546875</ele>
        <time>2024-07-07T12:18:55.000Z</time>
        <extensions>
          <ns3:TrackPointExtension>
            <ns3:atemp>33.0</ns3:atemp>
            <ns3:hr>108</ns3:hr>
            <ns3:cad>46</ns3:cad>
          </ns3:TrackPointExtension>
        </extensions>
      </trkpt>
      <trkpt lat="30.4266513325273990631103515625" lon="-84.1531446017324924468994140625">
        <ele>39.200000762939453125</ele>
        <time>2024-07-07T12:19:04.000Z</time>
        <extensions>
          <ns3:TrackPointExtension>
            <ns3:atemp>33.0</ns3:atemp>
            <ns3:hr>108</ns3:hr>
            <ns3:cad>45</ns3:cad>
          </ns3:TrackPointExtension>
        </extensions>
      </trkpt>
      <trkpt lat="30.4266305454075336456298828125" lon="-84.15307813324034214019775390625">
        <ele>39.59999847412109375</ele>
        <time>2024-07-07T12:19:10.000Z</time>
        <extensions>
          <ns3:TrackPointExtension>
            <ns3:atemp>33.0</ns3:atemp>
            <ns3:hr>109</ns3:hr>
            <ns3:cad>46</ns3:cad>
          </ns3:TrackPointExtension>
        </extensions>
      </trkpt>
      <trkpt lat="30.42662543244659900665283203125" lon="-84.15307075716555118560791015625">
        <ele>39.59999847412109375</ele>
        <time>2024-07-07T12:19:11.000Z</time>
        <extensions>
          <ns3:TrackPointExtension>
            <ns3:atemp>33.0</ns3:atemp>
            <ns3:hr>111</ns3:hr>
            <ns3:cad>46</ns3:cad>
          </ns3:TrackPointExtension>
        </extensions>
      </trkpt>
      <trkpt lat="30.4266100935637950897216796875" lon="-84.153054915368556976318359375">
        <ele>39.799999237060546875</ele>
        <time>2024-07-07T12:19:14.000Z</time>
        <extensions>
          <ns3:TrackPointExtension>
            <ns3:atemp>33.0</ns3:atemp>
            <ns3:hr>112</ns3:hr>
            <ns3:cad>0</ns3:cad>
          </ns3:TrackPointExtension>
        </extensions>
      </trkpt>
      <trkpt lat="30.4265990294516086578369140625" lon="-84.15304929949343204498291015625">
        <ele>39.799999237060546875</ele>
        <time>2024-07-07T12:19:16.000Z</time>
        <extensions>
          <ns3:TrackPointExtension>
            <ns3:atemp>33.0</ns3:atemp>
            <ns3:hr>112</ns3:hr>
            <ns3:cad>43</ns3:cad>
          </ns3:TrackPointExtension>
        </extensions>
      </trkpt>
      <trkpt lat="30.42658989317715167999267578125" lon="-84.153034798800945281982421875">
        <ele>39.59999847412109375</ele>
        <time>2024-07-07T12:19:19.000Z</time>
        <extensions>
          <ns3:TrackPointExtension>
            <ns3:atemp>33.0</ns3:atemp>
            <ns3:hr>112</ns3:hr>
            <ns3:cad>72</ns3:cad>
          </ns3:TrackPointExtension>
        </extensions>
      </trkpt>
      <trkpt lat="30.42658679187297821044921875" lon="-84.15302918292582035064697265625">
        <ele>39.59999847412109375</ele>
        <time>2024-07-07T12:19:20.000Z</time>
        <extensions>
          <ns3:TrackPointExtension>
            <ns3:atemp>33.0</ns3:atemp>
            <ns3:hr>112</ns3:hr>
            <ns3:cad>74</ns3:cad>
          </ns3:TrackPointExtension>
        </extensions>
      </trkpt>
      <trkpt lat="30.42658519931137561798095703125" lon="-84.153018034994602203369140625">
        <ele>39.59999847412109375</ele>
        <time>2024-07-07T12:19:22.000Z</time>
        <extensions>
          <ns3:TrackPointExtension>
            <ns3:atemp>33.0</ns3:atemp>
            <ns3:hr>112</ns3:hr>
            <ns3:cad>75</ns3:cad>
          </ns3:TrackPointExtension>
        </extensions>
      </trkpt>
      <trkpt lat="30.4265805892646312713623046875" lon="-84.15299615822732448577880859375">
        <ele>39.59999847412109375</ele>
        <time>2024-07-07T12:19:25.000Z</time>
        <extensions>
          <ns3:TrackPointExtension>
            <ns3:atemp>33.0</ns3:atemp>
            <ns3:hr>111</ns3:hr>
            <ns3:cad>77</ns3:cad>
          </ns3:TrackPointExtension>
        </extensions>
      </trkpt>
      <trkpt lat="30.426580421626567840576171875" lon="-84.1529789753258228302001953125">
        <ele>39.59999847412109375</ele>
        <time>2024-07-07T12:19:27.000Z</time>
        <extensions>
          <ns3:TrackPointExtension>
            <ns3:atemp>33.0</ns3:atemp>
            <ns3:hr>111</ns3:hr>
            <ns3:cad>0</ns3:cad>
          </ns3:TrackPointExtension>
        </extensions>
      </trkpt>
      <trkpt lat="30.42657748796045780181884765625" lon="-84.15295341052114963531494140625">
        <ele>39.799999237060546875</ele>
        <time>2024-07-07T12:19:29.000Z</time>
        <extensions>
          <ns3:TrackPointExtension>
            <ns3:atemp>33.0</ns3:atemp>
            <ns3:hr>111</ns3:hr>
            <ns3:cad>0</ns3:cad>
          </ns3:TrackPointExtension>
        </extensions>
      </trkpt>
      <trkpt lat="30.42656843550503253936767578125" lon="-84.1529300250113010406494140625">
        <ele>40</ele>
        <time>2024-07-07T12:19:31.000Z</time>
        <extensions>
          <ns3:TrackPointExtension>
            <ns3:atemp>33.0</ns3:atemp>
            <ns3:hr>113</ns3:hr>
            <ns3:cad>0</ns3:cad>
          </ns3:TrackPointExtension>
        </extensions>
      </trkpt>
      <trkpt lat="30.42655753903090953826904296875" lon="-84.152871184051036834716796875">
        <ele>39.799999237060546875</ele>
        <time>2024-07-07T12:19:37.000Z</time>
        <extensions>
          <ns3:TrackPointExtension>
            <ns3:atemp>33.0</ns3:atemp>
            <ns3:hr>112</ns3:hr>
            <ns3:cad>47</ns3:cad>
          </ns3:TrackPointExtension>
        </extensions>
      </trkpt>
      <trkpt lat="30.42654580436646938323974609375" lon="-84.15278711356222629547119140625">
        <ele>40</ele>
        <time>2024-07-07T12:19:46.000Z</time>
        <extensions>
          <ns3:TrackPointExtension>
            <ns3:atemp>33.0</ns3:atemp>
            <ns3:hr>108</ns3:hr>
            <ns3:cad>40</ns3:cad>
          </ns3:TrackPointExtension>
        </extensions>
      </trkpt>
      <trkpt lat="30.4265453852713108062744140625" lon="-84.1527670808136463165283203125">
        <ele>40</ele>
        <time>2024-07-07T12:19:48.000Z</time>
        <extensions>
          <ns3:TrackPointExtension>
            <ns3:atemp>33.0</ns3:atemp>
            <ns3:hr>109</ns3:hr>
            <ns3:cad>75</ns3:cad>
          </ns3:TrackPointExtension>
        </extensions>
      </trkpt>
      <trkpt lat="30.42654597200453281402587890625" lon="-84.1526960022747516632080078125">
        <ele>40</ele>
        <time>2024-07-07T12:19:57.000Z</time>
        <extensions>
          <ns3:TrackPointExtension>
            <ns3:atemp>33.0</ns3:atemp>
            <ns3:hr>107</ns3:hr>
            <ns3:cad>0</ns3:cad>
          </ns3:TrackPointExtension>
        </extensions>
      </trkpt>
      <trkpt lat="30.426546223461627960205078125" lon="-84.15270145051181316375732421875">
        <ele>39.799999237060546875</ele>
        <time>2024-07-07T12:19:59.000Z</time>
        <extensions>
          <ns3:TrackPointExtension>
            <ns3:atemp>33.0</ns3:atemp>
            <ns3:hr>106</ns3:hr>
            <ns3:cad>0</ns3:cad>
          </ns3:TrackPointExtension>
        </extensions>
      </trkpt>
      <trkpt lat="30.4265390150249004364013671875" lon="-84.15270430035889148712158203125">
        <ele>39.59999847412109375</ele>
        <time>2024-07-07T12:20:04.000Z</time>
        <extensions>
          <ns3:TrackPointExtension>
            <ns3:atemp>33.0</ns3:atemp>
            <ns3:hr>104</ns3:hr>
            <ns3:cad>0</ns3:cad>
          </ns3:TrackPointExtension>
        </extensions>
      </trkpt>
      <trkpt lat="30.42651663534343242645263671875" lon="-84.15269860066473484039306640625">
        <ele>39.799999237060546875</ele>
        <time>2024-07-07T12:20:19.000Z</time>
        <extensions>
          <ns3:TrackPointExtension>
            <ns3:atemp>33.0</ns3:atemp>
            <ns3:hr>105</ns3:hr>
            <ns3:cad>0</ns3:cad>
          </ns3:TrackPointExtension>
        </extensions>
      </trkpt>
      <trkpt lat="30.42650959454476833343505859375" lon="-84.15261964313685894012451171875">
        <ele>39.799999237060546875</ele>
        <time>2024-07-07T12:20:24.000Z</time>
        <extensions>
          <ns3:TrackPointExtension>
            <ns3:atemp>33.0</ns3:atemp>
            <ns3:hr>106</ns3:hr>
            <ns3:cad>0</ns3:cad>
          </ns3:TrackPointExtension>
        </extensions>
      </trkpt>
      <trkpt lat="30.4265244305133819580078125" lon="-84.15254252962768077850341796875">
        <ele>39.799999237060546875</ele>
        <time>2024-07-07T12:20:28.000Z</time>
        <extensions>
          <ns3:TrackPointExtension>
            <ns3:atemp>33.0</ns3:atemp>
            <ns3:hr>110</ns3:hr>
            <ns3:cad>0</ns3:cad>
          </ns3:TrackPointExtension>
        </extensions>
      </trkpt>
      <trkpt lat="30.4265276156365871429443359375" lon="-84.152524173259735107421875">
        <ele>39.799999237060546875</ele>
        <time>2024-07-07T12:20:29.000Z</time>
        <extensions>
          <ns3:TrackPointExtension>
            <ns3:atemp>33.0</ns3:atemp>
            <ns3:hr>113</ns3:hr>
            <ns3:cad>0</ns3:cad>
          </ns3:TrackPointExtension>
        </extensions>
      </trkpt>
      <trkpt lat="30.4265272803604602813720703125" lon="-84.15251076221466064453125">
        <ele>39.799999237060546875</ele>
        <time>2024-07-07T12:20:30.000Z</time>
        <extensions>
          <ns3:TrackPointExtension>
            <ns3:atemp>33.0</ns3:atemp>
            <ns3:hr>113</ns3:hr>
            <ns3:cad>0</ns3:cad>
          </ns3:TrackPointExtension>
        </extensions>
      </trkpt>
      <trkpt lat="30.42652954347431659698486328125" lon="-84.15247312746942043304443359375">
        <ele>40</ele>
        <time>2024-07-07T12:20:33.000Z</time>
        <extensions>
          <ns3:TrackPointExtension>
            <ns3:atemp>33.0</ns3:atemp>
            <ns3:hr>110</ns3:hr>
            <ns3:cad>48</ns3:cad>
          </ns3:TrackPointExtension>
        </extensions>
      </trkpt>
      <trkpt lat="30.42653256095945835113525390625" lon="-84.15245837531983852386474609375">
        <ele>40</ele>
        <time>2024-07-07T12:20:34.000Z</time>
        <extensions>
          <ns3:TrackPointExtension>
            <ns3:atemp>33.0</ns3:atemp>
            <ns3:hr>110</ns3:hr>
            <ns3:cad>48</ns3:cad>
          </ns3:TrackPointExtension>
        </extensions>
      </trkpt>
      <trkpt lat="30.4265373386442661285400390625" lon="-84.1524314694106578826904296875">
        <ele>39.59999847412109375</ele>
        <time>2024-07-07T12:20:37.000Z</time>
        <extensions>
          <ns3:TrackPointExtension>
            <ns3:atemp>33.0</ns3:atemp>
            <ns3:hr>107</ns3:hr>
            <ns3:cad>48</ns3:cad>
          </ns3:TrackPointExtension>
        </extensions>
      </trkpt>
      <trkpt lat="30.42655385099351406097412109375" lon="-84.15233784355223178863525390625">
        <ele>39.59999847412109375</ele>
        <time>2024-07-07T12:20:45.000Z</time>
        <extensions>
          <ns3:TrackPointExtension>
            <ns3:atemp>33.0</ns3:atemp>
            <ns3:hr>106</ns3:hr>
            <ns3:cad>45</ns3:cad>
          </ns3:TrackPointExtension>
        </extensions>
      </trkpt>
      <trkpt lat="30.42657245881855487823486328125" lon="-84.15225100703537464141845703125">
        <ele>39.200000762939453125</ele>
        <time>2024-07-07T12:20:53.000Z</time>
        <extensions>
          <ns3:TrackPointExtension>
            <ns3:atemp>33.0</ns3:atemp>
            <ns3:hr>109</ns3:hr>
            <ns3:cad>47</ns3:cad>
          </ns3:TrackPointExtension>
        </extensions>
      </trkpt>
      <trkpt lat="30.426575727760791778564453125" lon="-84.15221697650849819183349609375">
        <ele>39.200000762939453125</ele>
        <time>2024-07-07T12:20:56.000Z</time>
        <extensions>
          <ns3:TrackPointExtension>
            <ns3:atemp>33.0</ns3:atemp>
            <ns3:hr>112</ns3:hr>
            <ns3:cad>47</ns3:cad>
          </ns3:TrackPointExtension>
        </extensions>
      </trkpt>
      <trkpt lat="30.4265789128839969635009765625" lon="-84.15220675058662891387939453125">
        <ele>39.40000152587890625</ele>
        <time>2024-07-07T12:20:57.000Z</time>
        <extensions>
          <ns3:TrackPointExtension>
            <ns3:atemp>33.0</ns3:atemp>
            <ns3:hr>112</ns3:hr>
            <ns3:cad>46</ns3:cad>
          </ns3:TrackPointExtension>
        </extensions>
      </trkpt>
      <trkpt lat="30.42659291066229343414306640625" lon="-84.15217154659330844879150390625">
        <ele>39.59999847412109375</ele>
        <time>2024-07-07T12:21:02.000Z</time>
        <extensions>
          <ns3:TrackPointExtension>
            <ns3:atemp>33.0</ns3:atemp>
            <ns3:hr>115</ns3:hr>
            <ns3:cad>41</ns3:cad>
          </ns3:TrackPointExtension>
        </extensions>
      </trkpt>
      <trkpt lat="30.426593162119388580322265625" lon="-84.15214707143604755401611328125">
        <ele>39.59999847412109375</ele>
        <time>2024-07-07T12:21:06.000Z</time>
        <extensions>
          <ns3:TrackPointExtension>
            <ns3:atemp>33.0</ns3:atemp>
            <ns3:hr>115</ns3:hr>
            <ns3:cad>0</ns3:cad>
          </ns3:TrackPointExtension>
        </extensions>
      </trkpt>
      <trkpt lat="30.4265879653394222259521484375" lon="-84.15211957879364490509033203125">
        <ele>39.59999847412109375</ele>
        <time>2024-07-07T12:21:09.000Z</time>
        <extensions>
          <ns3:TrackPointExtension>
            <ns3:atemp>33.0</ns3:atemp>
            <ns3:hr>112</ns3:hr>
            <ns3:cad>77</ns3:cad>
          </ns3:TrackPointExtension>
        </extensions>
      </trkpt>
      <trkpt lat="30.426577739417552947998046875" lon="-84.152073562145233154296875">
        <ele>39.59999847412109375</ele>
        <time>2024-07-07T12:21:12.000Z</time>
        <extensions>
          <ns3:TrackPointExtension>
            <ns3:atemp>33.0</ns3:atemp>
            <ns3:hr>111</ns3:hr>
            <ns3:cad>41</ns3:cad>
          </ns3:TrackPointExtension>
        </extensions>
      </trkpt>
      <trkpt lat="30.4265836067497730255126953125" lon="-84.15204472839832305908203125">
        <ele>39.59999847412109375</ele>
        <time>2024-07-07T12:21:14.000Z</time>
        <extensions>
          <ns3:TrackPointExtension>
            <ns3:atemp>33.0</ns3:atemp>
            <ns3:hr>110</ns3:hr>
            <ns3:cad>42</ns3:cad>
          </ns3:TrackPointExtension>
        </extensions>
      </trkpt>
      <trkpt lat="30.42667907662689685821533203125" lon="-84.1519795171916484832763671875">
        <ele>40</ele>
        <time>2024-07-07T12:21:25.000Z</time>
        <extensions>
          <ns3:TrackPointExtension>
            <ns3:atemp>33.0</ns3:atemp>
            <ns3:hr>108</ns3:hr>
            <ns3:cad>44</ns3:cad>
          </ns3:TrackPointExtension>
        </extensions>
      </trkpt>
      <trkpt lat="30.42668108828365802764892578125" lon="-84.1519714705646038055419921875">
        <ele>40.200000762939453125</ele>
        <time>2024-07-07T12:21:28.000Z</time>
        <extensions>
          <ns3:TrackPointExtension>
            <ns3:atemp>33.0</ns3:atemp>
            <ns3:hr>109</ns3:hr>
            <ns3:cad>42</ns3:cad>
          </ns3:TrackPointExtension>
        </extensions>
      </trkpt>
      <trkpt lat="30.42668544687330722808837890625" lon="-84.1519537009298801422119140625">
        <ele>40.200000762939453125</ele>
        <time>2024-07-07T12:21:31.000Z</time>
        <extensions>
          <ns3:TrackPointExtension>
            <ns3:atemp>33.0</ns3:atemp>
            <ns3:hr>108</ns3:hr>
            <ns3:cad>41</ns3:cad>
          </ns3:TrackPointExtension>
        </extensions>
      </trkpt>
      <trkpt lat="30.42668226175010204315185546875" lon="-84.151942469179630279541015625">
        <ele>40.200000762939453125</ele>
        <time>2024-07-07T12:21:32.000Z</time>
        <extensions>
          <ns3:TrackPointExtension>
            <ns3:atemp>33.0</ns3:atemp>
            <ns3:hr>108</ns3:hr>
            <ns3:cad>41</ns3:cad>
          </ns3:TrackPointExtension>
        </extensions>
      </trkpt>
      <trkpt lat="30.42670120485126972198486328125" lon="-84.1519077681005001068115234375">
        <ele>40.200000762939453125</ele>
        <time>2024-07-07T12:21:35.000Z</time>
        <extensions>
          <ns3:TrackPointExtension>
            <ns3:atemp>33.0</ns3:atemp>
            <ns3:hr>108</ns3:hr>
            <ns3:cad>44</ns3:cad>
          </ns3:TrackPointExtension>
        </extensions>
      </trkpt>
      <trkpt lat="30.42670556344091892242431640625" lon="-84.15189527906477451324462890625">
        <ele>40.200000762939453125</ele>
        <time>2024-07-07T12:21:36.000Z</time>
        <extensions>
          <ns3:TrackPointExtension>
            <ns3:atemp>33.0</ns3:atemp>
            <ns3:hr>107</ns3:hr>
            <ns3:cad>44</ns3:cad>
          </ns3:TrackPointExtension>
        </extensions>
      </trkpt>
      <trkpt lat="30.4267214052379131317138671875" lon="-84.15186158381402492523193359375">
        <ele>40</ele>
        <time>2024-07-07T12:21:39.000Z</time>
        <extensions>
          <ns3:TrackPointExtension>
            <ns3:atemp>33.0</ns3:atemp>
            <ns3:hr>108</ns3:hr>
            <ns3:cad>46</ns3:cad>
          </ns3:TrackPointExtension>
        </extensions>
      </trkpt>
      <trkpt lat="30.4267411865293979644775390625" lon="-84.15179796516895294189453125">
        <ele>40</ele>
        <time>2024-07-07T12:21:44.000Z</time>
        <extensions>
          <ns3:TrackPointExtension>
            <ns3:atemp>33.0</ns3:atemp>
            <ns3:hr>111</ns3:hr>
            <ns3:cad>45</ns3:cad>
          </ns3:TrackPointExtension>
        </extensions>
      </trkpt>
      <trkpt lat="30.42674210853874683380126953125" lon="-84.15176904760301113128662109375">
        <ele>40.200000762939453125</ele>
        <time>2024-07-07T12:21:47.000Z</time>
        <extensions>
          <ns3:TrackPointExtension>
            <ns3:atemp>33.0</ns3:atemp>
            <ns3:hr>111</ns3:hr>
            <ns3:cad>45</ns3:cad>
          </ns3:TrackPointExtension>
        </extensions>
      </trkpt>
      <trkpt lat="30.4267556034028530120849609375" lon="-84.15175932459533214569091796875">
        <ele>40.40000152587890625</ele>
        <time>2024-07-07T12:21:49.000Z</time>
        <extensions>
          <ns3:TrackPointExtension>
            <ns3:atemp>33.0</ns3:atemp>
            <ns3:hr>112</ns3:hr>
            <ns3:cad>41</ns3:cad>
          </ns3:TrackPointExtension>
        </extensions>
      </trkpt>
      <trkpt lat="30.4267961718142032623291015625" lon="-84.1516871564090251922607421875">
        <ele>40.59999847412109375</ele>
        <time>2024-07-07T12:21:58.000Z</time>
        <extensions>
          <ns3:TrackPointExtension>
            <ns3:atemp>33.0</ns3:atemp>
            <ns3:hr>114</ns3:hr>
            <ns3:cad>44</ns3:cad>
          </ns3:TrackPointExtension>
        </extensions>
      </trkpt>
      <trkpt lat="30.42680698446929454803466796875" lon="-84.1516734100878238677978515625">
        <ele>40.59999847412109375</ele>
        <time>2024-07-07T12:21:59.000Z</time>
        <extensions>
          <ns3:TrackPointExtension>
            <ns3:atemp>33.0</ns3:atemp>
            <ns3:hr>114</ns3:hr>
            <ns3:cad>44</ns3:cad>
          </ns3:TrackPointExtension>
        </extensions>
      </trkpt>
      <trkpt lat="30.42689985595643520355224609375" lon="-84.1515775211155414581298828125">
        <ele>41.200000762939453125</ele>
        <time>2024-07-07T12:22:11.000Z</time>
        <extensions>
          <ns3:TrackPointExtension>
            <ns3:atemp>34.0</ns3:atemp>
            <ns3:hr>113</ns3:hr>
            <ns3:cad>49</ns3:cad>
          </ns3:TrackPointExtension>
        </extensions>
      </trkpt>
      <trkpt lat="30.4269772209227085113525390625" lon="-84.15154776535928249359130859375">
        <ele>41.200000762939453125</ele>
        <time>2024-07-07T12:22:21.000Z</time>
        <extensions>
          <ns3:TrackPointExtension>
            <ns3:atemp>34.0</ns3:atemp>
            <ns3:hr>115</ns3:hr>
            <ns3:cad>0</ns3:cad>
          </ns3:TrackPointExtension>
        </extensions>
      </trkpt>
      <trkpt lat="30.42698116041719913482666015625" lon="-84.15155145339667797088623046875">
        <ele>41.40000152587890625</ele>
        <time>2024-07-07T12:22:24.000Z</time>
        <extensions>
          <ns3:TrackPointExtension>
            <ns3:atemp>34.0</ns3:atemp>
            <ns3:hr>116</ns3:hr>
            <ns3:cad>0</ns3:cad>
          </ns3:TrackPointExtension>
        </extensions>
      </trkpt>
      <trkpt lat="30.42698719538748264312744140625" lon="-84.151552878320217132568359375">
        <ele>41.200000762939453125</ele>
        <time>2024-07-07T12:22:31.000Z</time>
        <extensions>
          <ns3:TrackPointExtension>
            <ns3:atemp>34.0</ns3:atemp>
            <ns3:hr>119</ns3:hr>
            <ns3:cad>0</ns3:cad>
          </ns3:TrackPointExtension>
        </extensions>
      </trkpt>
      <trkpt lat="30.42698652483522891998291015625" lon="-84.15155262686312198638916015625">
        <ele>41</ele>
        <time>2024-07-07T12:22:32.000Z</time>
        <extensions>
          <ns3:TrackPointExtension>
            <ns3:atemp>34.0</ns3:atemp>
            <ns3:hr>119</ns3:hr>
            <ns3:cad>0</ns3:cad>
          </ns3:TrackPointExtension>
        </extensions>
      </trkpt>
      <trkpt lat="30.4269856028258800506591796875" lon="-84.15155681781470775604248046875">
        <ele>40.200000762939453125</ele>
        <time>2024-07-07T12:22:52.000Z</time>
        <extensions>
          <ns3:TrackPointExtension>
            <ns3:atemp>34.0</ns3:atemp>
            <ns3:hr>116</ns3:hr>
            <ns3:cad>0</ns3:cad>
          </ns3:TrackPointExtension>
        </extensions>
      </trkpt>
      <trkpt lat="30.42698618955910205841064453125" lon="-84.15155522525310516357421875">
        <ele>40.59999847412109375</ele>
        <time>2024-07-07T12:23:03.000Z</time>
        <extensions>
          <ns3:TrackPointExtension>
            <ns3:atemp>34.0</ns3:atemp>
            <ns3:hr>114</ns3:hr>
            <ns3:cad>0</ns3:cad>
          </ns3:TrackPointExtension>
        </extensions>
      </trkpt>
      <trkpt lat="30.42698635719716548919677734375" lon="-84.1515530459582805633544921875">
        <ele>39.799999237060546875</ele>
        <time>2024-07-07T12:23:08.000Z</time>
        <extensions>
          <ns3:TrackPointExtension>
            <ns3:atemp>34.0</ns3:atemp>
            <ns3:hr>110</ns3:hr>
            <ns3:cad>0</ns3:cad>
          </ns3:TrackPointExtension>
        </extensions>
      </trkpt>
      <trkpt lat="30.42698618955910205841064453125" lon="-84.151552207767963409423828125">
        <ele>40.200000762939453125</ele>
        <time>2024-07-07T12:23:13.000Z</time>
        <extensions>
          <ns3:TrackPointExtension>
            <ns3:atemp>34.0</ns3:atemp>
            <ns3:hr>107</ns3:hr>
            <ns3:cad>0</ns3:cad>
          </ns3:TrackPointExtension>
        </extensions>
      </trkpt>
      <trkpt lat="30.42698686011135578155517578125" lon="-84.1515506990253925323486328125">
        <ele>40.40000152587890625</ele>
        <time>2024-07-07T12:23:26.000Z</time>
        <extensions>
          <ns3:TrackPointExtension>
            <ns3:atemp>34.0</ns3:atemp>
            <ns3:hr>104</ns3:hr>
            <ns3:cad>0</ns3:cad>
          </ns3:TrackPointExtension>
        </extensions>
      </trkpt>
      <trkpt lat="30.426992140710353851318359375" lon="-84.15155245922505855560302734375">
        <ele>40</ele>
        <time>2024-07-07T12:23:32.000Z</time>
        <extensions>
          <ns3:TrackPointExtension>
            <ns3:atemp>34.0</ns3:atemp>
            <ns3:hr>101</ns3:hr>
            <ns3:cad>0</ns3:cad>
          </ns3:TrackPointExtension>
        </extensions>
      </trkpt>
      <trkpt lat="30.42699608020484447479248046875" lon="-84.151562936604022979736328125">
        <ele>40.200000762939453125</ele>
        <time>2024-07-07T12:23:35.000Z</time>
        <extensions>
          <ns3:TrackPointExtension>
            <ns3:atemp>34.0</ns3:atemp>
            <ns3:hr>104</ns3:hr>
            <ns3:cad>0</ns3:cad>
          </ns3:TrackPointExtension>
        </extensions>
      </trkpt>
      <trkpt lat="30.42700462974607944488525390625" lon="-84.15156771428883075714111328125">
        <ele>40</ele>
        <time>2024-07-07T12:23:40.000Z</time>
        <extensions>
          <ns3:TrackPointExtension>
            <ns3:atemp>34.0</ns3:atemp>
            <ns3:hr>107</ns3:hr>
            <ns3:cad>0</ns3:cad>
          </ns3:TrackPointExtension>
        </extensions>
      </trkpt>
      <trkpt lat="30.427011586725711822509765625" lon="-84.15156788192689418792724609375">
        <ele>39.799999237060546875</ele>
        <time>2024-07-07T12:23:44.000Z</time>
        <extensions>
          <ns3:TrackPointExtension>
            <ns3:atemp>34.0</ns3:atemp>
            <ns3:hr>111</ns3:hr>
            <ns3:cad>0</ns3:cad>
          </ns3:TrackPointExtension>
        </extensions>
      </trkpt>
      <trkpt lat="30.4270120896399021148681640625" lon="-84.15156788192689418792724609375">
        <ele>39.40000152587890625</ele>
        <time>2024-07-07T12:23:47.000Z</time>
        <extensions>
          <ns3:TrackPointExtension>
            <ns3:atemp>34.0</ns3:atemp>
            <ns3:hr>112</ns3:hr>
            <ns3:cad>0</ns3:cad>
          </ns3:TrackPointExtension>
        </extensions>
      </trkpt>
      <trkpt lat="30.4270137660205364227294921875" lon="-84.15156788192689418792724609375">
        <ele>39.200000762939453125</ele>
        <time>2024-07-07T12:23:56.000Z</time>
        <extensions>
          <ns3:TrackPointExtension>
            <ns3:atemp>34.0</ns3:atemp>
            <ns3:hr>115</ns3:hr>
            <ns3:cad>0</ns3:cad>
          </ns3:TrackPointExtension>
        </extensions>
      </trkpt>
      <trkpt lat="30.42701250873506069183349609375" lon="-84.151568971574306488037109375">
        <ele>39</ele>
        <time>2024-07-07T12:24:05.000Z</time>
        <extensions>
          <ns3:TrackPointExtension>
            <ns3:atemp>34.0</ns3:atemp>
            <ns3:hr>112</ns3:hr>
            <ns3:cad>0</ns3:cad>
          </ns3:TrackPointExtension>
        </extensions>
      </trkpt>
      <trkpt lat="30.427010245621204376220703125" lon="-84.15157131850719451904296875">
        <ele>39</ele>
        <time>2024-07-07T12:24:11.000Z</time>
        <extensions>
          <ns3:TrackPointExtension>
            <ns3:atemp>34.0</ns3:atemp>
            <ns3:hr>115</ns3:hr>
            <ns3:cad>0</ns3:cad>
          </ns3:TrackPointExtension>
        </extensions>
      </trkpt>
      <trkpt lat="30.4269410111010074615478515625" lon="-84.15154424495995044708251953125">
        <ele>41.200000762939453125</ele>
        <time>2024-07-07T12:24:45.000Z</time>
        <extensions>
          <ns3:TrackPointExtension>
            <ns3:atemp>34.0</ns3:atemp>
            <ns3:hr>114</ns3:hr>
            <ns3:cad>0</ns3:cad>
          </ns3:TrackPointExtension>
        </extensions>
      </trkpt>
      <trkpt lat="30.42693003080785274505615234375" lon="-84.1515409760177135467529296875">
        <ele>41.200000762939453125</ele>
        <time>2024-07-07T12:24:46.000Z</time>
        <extensions>
          <ns3:TrackPointExtension>
            <ns3:atemp>34.0</ns3:atemp>
            <ns3:hr>113</ns3:hr>
            <ns3:cad>0</ns3:cad>
          </ns3:TrackPointExtension>
        </extensions>
      </trkpt>
      <trkpt lat="30.42687236331403255462646484375" lon="-84.151537455618381500244140625">
        <ele>40.200000762939453125</ele>
        <time>2024-07-07T12:24:53.000Z</time>
        <extensions>
          <ns3:TrackPointExtension>
            <ns3:atemp>34.0</ns3:atemp>
            <ns3:hr>114</ns3:hr>
            <ns3:cad>0</ns3:cad>
          </ns3:TrackPointExtension>
        </extensions>
      </trkpt>
      <trkpt lat="30.4268597066402435302734375" lon="-84.15154047310352325439453125">
        <ele>40.200000762939453125</ele>
        <time>2024-07-07T12:24:55.000Z</time>
        <extensions>
          <ns3:TrackPointExtension>
            <ns3:atemp>34.0</ns3:atemp>
            <ns3:hr>114</ns3:hr>
            <ns3:cad>0</ns3:cad>
          </ns3:TrackPointExtension>
        </extensions>
      </trkpt>
      <trkpt lat="30.42682684957981109619140625" lon="-84.15154960937798023223876953125">
        <ele>40.200000762939453125</ele>
        <time>2024-07-07T12:25:01.000Z</time>
        <extensions>
          <ns3:TrackPointExtension>
            <ns3:atemp>34.0</ns3:atemp>
            <ns3:hr>114</ns3:hr>
            <ns3:cad>0</ns3:cad>
          </ns3:TrackPointExtension>
        </extensions>
      </trkpt>
      <trkpt lat="30.42679734528064727783203125" lon="-84.1515590809285640716552734375">
        <ele>40.200000762939453125</ele>
        <time>2024-07-07T12:25:05.000Z</time>
        <extensions>
          <ns3:TrackPointExtension>
            <ns3:atemp>34.0</ns3:atemp>
            <ns3:hr>111</ns3:hr>
            <ns3:cad>0</ns3:cad>
          </ns3:TrackPointExtension>
        </extensions>
      </trkpt>
      <trkpt lat="30.42674445547163486480712890625" lon="-84.15158598683774471282958984375">
        <ele>40.59999847412109375</ele>
        <time>2024-07-07T12:25:11.000Z</time>
        <extensions>
          <ns3:TrackPointExtension>
            <ns3:atemp>34.0</ns3:atemp>
            <ns3:hr>110</ns3:hr>
            <ns3:cad>80</ns3:cad>
          </ns3:TrackPointExtension>
        </extensions>
      </trkpt>
      <trkpt lat="30.42669684626162052154541015625" lon="-84.1515909321606159210205078125">
        <ele>39.799999237060546875</ele>
        <time>2024-07-07T12:25:19.000Z</time>
        <extensions>
          <ns3:TrackPointExtension>
            <ns3:atemp>34.0</ns3:atemp>
            <ns3:hr>108</ns3:hr>
            <ns3:cad>0</ns3:cad>
          </ns3:TrackPointExtension>
        </extensions>
      </trkpt>
      <trkpt lat="30.4266580380499362945556640625" lon="-84.1515962965786457061767578125">
        <ele>39.59999847412109375</ele>
        <time>2024-07-07T12:25:29.000Z</time>
        <extensions>
          <ns3:TrackPointExtension>
            <ns3:atemp>34.0</ns3:atemp>
            <ns3:hr>108</ns3:hr>
            <ns3:cad>0</ns3:cad>
          </ns3:TrackPointExtension>
        </extensions>
      </trkpt>
      <trkpt lat="30.42658184655010700225830078125" lon="-84.1516643576323986053466796875">
        <ele>39.40000152587890625</ele>
        <time>2024-07-07T12:26:00.000Z</time>
        <extensions>
          <ns3:TrackPointExtension>
            <ns3:atemp>34.0</ns3:atemp>
            <ns3:hr>110</ns3:hr>
            <ns3:cad>42</ns3:cad>
          </ns3:TrackPointExtension>
        </extensions>
      </trkpt>
      <trkpt lat="30.42653708718717098236083984375" lon="-84.15170752443373203277587890625">
        <ele>39.40000152587890625</ele>
        <time>2024-07-07T12:26:03.000Z</time>
        <extensions>
          <ns3:TrackPointExtension>
            <ns3:atemp>34.0</ns3:atemp>
            <ns3:hr>109</ns3:hr>
            <ns3:cad>0</ns3:cad>
          </ns3:TrackPointExtension>
        </extensions>
      </trkpt>
      <trkpt lat="30.42652308940887451171875" lon="-84.15171674452722072601318359375">
        <ele>39.200000762939453125</ele>
        <time>2024-07-07T12:26:04.000Z</time>
        <extensions>
          <ns3:TrackPointExtension>
            <ns3:atemp>34.0</ns3:atemp>
            <ns3:hr>110</ns3:hr>
            <ns3:cad>0</ns3:cad>
          </ns3:TrackPointExtension>
        </extensions>
      </trkpt>
      <trkpt lat="30.42650724761188030242919921875" lon="-84.15172688663005828857421875">
        <ele>39.200000762939453125</ele>
        <time>2024-07-07T12:26:05.000Z</time>
        <extensions>
          <ns3:TrackPointExtension>
            <ns3:atemp>34.0</ns3:atemp>
            <ns3:hr>115</ns3:hr>
            <ns3:cad>0</ns3:cad>
          </ns3:TrackPointExtension>
        </extensions>
      </trkpt>
      <trkpt lat="30.4264984466135501861572265625" lon="-84.15172864682972431182861328125">
        <ele>39.40000152587890625</ele>
        <time>2024-07-07T12:26:06.000Z</time>
        <extensions>
          <ns3:TrackPointExtension>
            <ns3:atemp>34.0</ns3:atemp>
            <ns3:hr>115</ns3:hr>
            <ns3:cad>43</ns3:cad>
          </ns3:TrackPointExtension>
        </extensions>
      </trkpt>
      <trkpt lat="30.42648863978683948516845703125" lon="-84.1517307423055171966552734375">
        <ele>39.59999847412109375</ele>
        <time>2024-07-07T12:26:07.000Z</time>
        <extensions>
          <ns3:TrackPointExtension>
            <ns3:atemp>34.0</ns3:atemp>
            <ns3:hr>119</ns3:hr>
            <ns3:cad>43</ns3:cad>
          </ns3:TrackPointExtension>
        </extensions>
      </trkpt>
      <trkpt lat="30.426478497684001922607421875" lon="-84.15173367597162723541259765625">
        <ele>39.59999847412109375</ele>
        <time>2024-07-07T12:26:08.000Z</time>
        <extensions>
          <ns3:TrackPointExtension>
            <ns3:atemp>34.0</ns3:atemp>
            <ns3:hr>119</ns3:hr>
            <ns3:cad>0</ns3:cad>
          </ns3:TrackPointExtension>
        </extensions>
      </trkpt>
      <trkpt lat="30.4264384321868419647216796875" lon="-84.15175027213990688323974609375">
        <ele>39.40000152587890625</ele>
        <time>2024-07-07T12:26:13.000Z</time>
        <extensions>
          <ns3:TrackPointExtension>
            <ns3:atemp>34.0</ns3:atemp>
            <ns3:hr>116</ns3:hr>
            <ns3:cad>0</ns3:cad>
          </ns3:TrackPointExtension>
        </extensions>
      </trkpt>
      <trkpt lat="30.42641035281121730804443359375" lon="-84.1517609171569347381591796875">
        <ele>39.200000762939453125</ele>
        <time>2024-07-07T12:26:16.000Z</time>
        <extensions>
          <ns3:TrackPointExtension>
            <ns3:atemp>34.0</ns3:atemp>
            <ns3:hr>121</ns3:hr>
            <ns3:cad>44</ns3:cad>
          </ns3:TrackPointExtension>
        </extensions>
      </trkpt>
      <trkpt lat="30.42640163563191890716552734375" lon="-84.15176133625209331512451171875">
        <ele>39.200000762939453125</ele>
        <time>2024-07-07T12:26:17.000Z</time>
        <extensions>
          <ns3:TrackPointExtension>
            <ns3:atemp>34.0</ns3:atemp>
            <ns3:hr>122</ns3:hr>
            <ns3:cad>44</ns3:cad>
          </ns3:TrackPointExtension>
        </extensions>
      </trkpt>
      <trkpt lat="30.426390655338764190673828125" lon="-84.15176066569983959197998046875">
        <ele>39.200000762939453125</ele>
        <time>2024-07-07T12:26:18.000Z</time>
        <extensions>
          <ns3:TrackPointExtension>
            <ns3:atemp>34.0</ns3:atemp>
            <ns3:hr>122</ns3:hr>
            <ns3:cad>44</ns3:cad>
          </ns3:TrackPointExtension>
        </extensions>
      </trkpt>
      <trkpt lat="30.42637883685529232025146484375" lon="-84.1517649404704570770263671875">
        <ele>38.799999237060546875</ele>
        <time>2024-07-07T12:26:21.000Z</time>
        <extensions>
          <ns3:TrackPointExtension>
            <ns3:atemp>34.0</ns3:atemp>
            <ns3:hr>123</ns3:hr>
            <ns3:cad>43</ns3:cad>
          </ns3:TrackPointExtension>
        </extensions>
      </trkpt>
      <trkpt lat="30.42637900449335575103759765625" lon="-84.15175831876695156097412109375">
        <ele>38.799999237060546875</ele>
        <time>2024-07-07T12:26:23.000Z</time>
        <extensions>
          <ns3:TrackPointExtension>
            <ns3:atemp>34.0</ns3:atemp>
            <ns3:hr>124</ns3:hr>
            <ns3:cad>0</ns3:cad>
          </ns3:TrackPointExtension>
        </extensions>
      </trkpt>
      <trkpt lat="30.4263804294168949127197265625" lon="-84.1517582349479198455810546875">
        <ele>38.799999237060546875</ele>
        <time>2024-07-07T12:26:24.000Z</time>
        <extensions>
          <ns3:TrackPointExtension>
            <ns3:atemp>34.0</ns3:atemp>
            <ns3:hr>124</ns3:hr>
            <ns3:cad>0</ns3:cad>
          </ns3:TrackPointExtension>
        </extensions>
      </trkpt>
      <trkpt lat="30.4263790883123874664306640625" lon="-84.15175898931920528411865234375">
        <ele>38.799999237060546875</ele>
        <time>2024-07-07T12:26:25.000Z</time>
        <extensions>
          <ns3:TrackPointExtension>
            <ns3:atemp>34.0</ns3:atemp>
            <ns3:hr>124</ns3:hr>
            <ns3:cad>0</ns3:cad>
          </ns3:TrackPointExtension>
        </extensions>
      </trkpt>
      <trkpt lat="30.426379255950450897216796875" lon="-84.1517632640898227691650390625">
        <ele>39.40000152587890625</ele>
        <time>2024-07-07T12:26:29.000Z</time>
        <extensions>
          <ns3:TrackPointExtension>
            <ns3:atemp>34.0</ns3:atemp>
            <ns3:hr>122</ns3:hr>
            <ns3:cad>0</ns3:cad>
          </ns3:TrackPointExtension>
        </extensions>
      </trkpt>
      <trkpt lat="30.426373891532421112060546875" lon="-84.151760078966617584228515625">
        <ele>39.200000762939453125</ele>
        <time>2024-07-07T12:26:37.000Z</time>
        <extensions>
          <ns3:TrackPointExtension>
            <ns3:atemp>34.0</ns3:atemp>
            <ns3:hr>119</ns3:hr>
            <ns3:cad>0</ns3:cad>
          </ns3:TrackPointExtension>
        </extensions>
      </trkpt>
      <trkpt lat="30.4263167269527912139892578125" lon="-84.1517610847949981689453125">
        <ele>38.799999237060546875</ele>
        <time>2024-07-07T12:26:41.000Z</time>
        <extensions>
          <ns3:TrackPointExtension>
            <ns3:atemp>34.0</ns3:atemp>
            <ns3:hr>116</ns3:hr>
            <ns3:cad>40</ns3:cad>
          </ns3:TrackPointExtension>
        </extensions>
      </trkpt>
      <trkpt lat="30.4262325726449489593505859375" lon="-84.15176577866077423095703125">
        <ele>38.40000152587890625</ele>
        <time>2024-07-07T12:26:47.000Z</time>
        <extensions>
          <ns3:TrackPointExtension>
            <ns3:atemp>34.0</ns3:atemp>
            <ns3:hr>113</ns3:hr>
            <ns3:cad>0</ns3:cad>
          </ns3:TrackPointExtension>
        </extensions>
      </trkpt>
      <trkpt lat="30.426194854080677032470703125" lon="-84.1517830453813076019287109375">
        <ele>38.40000152587890625</ele>
        <time>2024-07-07T12:26:51.000Z</time>
        <extensions>
          <ns3:TrackPointExtension>
            <ns3:atemp>34.0</ns3:atemp>
            <ns3:hr>110</ns3:hr>
            <ns3:cad>46</ns3:cad>
          </ns3:TrackPointExtension>
        </extensions>
      </trkpt>
      <trkpt lat="30.42617448605597019195556640625" lon="-84.15178178809583187103271484375">
        <ele>38.40000152587890625</ele>
        <time>2024-07-07T12:26:53.000Z</time>
        <extensions>
          <ns3:TrackPointExtension>
            <ns3:atemp>34.0</ns3:atemp>
            <ns3:hr>111</ns3:hr>
            <ns3:cad>0</ns3:cad>
          </ns3:TrackPointExtension>
        </extensions>
      </trkpt>
      <trkpt lat="30.42613425292074680328369140625" lon="-84.15178363211452960968017578125">
        <ele>38.40000152587890625</ele>
        <time>2024-07-07T12:27:00.000Z</time>
        <extensions>
          <ns3:TrackPointExtension>
            <ns3:atemp>34.0</ns3:atemp>
            <ns3:hr>110</ns3:hr>
            <ns3:cad>0</ns3:cad>
          </ns3:TrackPointExtension>
        </extensions>
      </trkpt>
      <trkpt lat="30.426071472465991973876953125" lon="-84.15178396739065647125244140625">
        <ele>38.40000152587890625</ele>
        <time>2024-07-07T12:27:08.000Z</time>
        <extensions>
          <ns3:TrackPointExtension>
            <ns3:atemp>34.0</ns3:atemp>
            <ns3:hr>109</ns3:hr>
            <ns3:cad>0</ns3:cad>
          </ns3:TrackPointExtension>
        </extensions>
      </trkpt>
      <trkpt lat="30.426037944853305816650390625" lon="-84.15177784860134124755859375">
        <ele>38.40000152587890625</ele>
        <time>2024-07-07T12:27:15.000Z</time>
        <extensions>
          <ns3:TrackPointExtension>
            <ns3:atemp>34.0</ns3:atemp>
            <ns3:hr>109</ns3:hr>
            <ns3:cad>0</ns3:cad>
          </ns3:TrackPointExtension>
        </extensions>
      </trkpt>
      <trkpt lat="30.42602545581758022308349609375" lon="-84.151781536638736724853515625">
        <ele>38.40000152587890625</ele>
        <time>2024-07-07T12:27:21.000Z</time>
        <extensions>
          <ns3:TrackPointExtension>
            <ns3:atemp>34.0</ns3:atemp>
            <ns3:hr>110</ns3:hr>
            <ns3:cad>0</ns3:cad>
          </ns3:TrackPointExtension>
        </extensions>
      </trkpt>
      <trkpt lat="30.42596275918185710906982421875" lon="-84.1518051736056804656982421875">
        <ele>38.200000762939453125</ele>
        <time>2024-07-07T12:27:30.000Z</time>
        <extensions>
          <ns3:TrackPointExtension>
            <ns3:atemp>33.0</ns3:atemp>
            <ns3:hr>109</ns3:hr>
            <ns3:cad>67</ns3:cad>
          </ns3:TrackPointExtension>
        </extensions>
      </trkpt>
      <trkpt lat="30.42590794153511524200439453125" lon="-84.15182101540267467498779296875">
        <ele>38.40000152587890625</ele>
        <time>2024-07-07T12:27:37.000Z</time>
        <extensions>
          <ns3:TrackPointExtension>
            <ns3:atemp>33.0</ns3:atemp>
            <ns3:hr>109</ns3:hr>
            <ns3:cad>70</ns3:cad>
          </ns3:TrackPointExtension>
        </extensions>
      </trkpt>
      <trkpt lat="30.4258994758129119873046875" lon="-84.151831157505512237548828125">
        <ele>38.200000762939453125</ele>
        <time>2024-07-07T12:27:40.000Z</time>
        <extensions>
          <ns3:TrackPointExtension>
            <ns3:atemp>33.0</ns3:atemp>
            <ns3:hr>108</ns3:hr>
            <ns3:cad>0</ns3:cad>
          </ns3:TrackPointExtension>
        </extensions>
      </trkpt>
      <trkpt lat="30.42590626515448093414306640625" lon="-84.1518350131809711456298828125">
        <ele>38</ele>
        <time>2024-07-07T12:27:44.000Z</time>
        <extensions>
          <ns3:TrackPointExtension>
            <ns3:atemp>33.0</ns3:atemp>
            <ns3:hr>106</ns3:hr>
            <ns3:cad>0</ns3:cad>
          </ns3:TrackPointExtension>
        </extensions>
      </trkpt>
      <trkpt lat="30.42590685188770294189453125" lon="-84.1518335044384002685546875">
        <ele>38</ele>
        <time>2024-07-07T12:27:51.000Z</time>
        <extensions>
          <ns3:TrackPointExtension>
            <ns3:atemp>33.0</ns3:atemp>
            <ns3:hr>104</ns3:hr>
            <ns3:cad>0</ns3:cad>
          </ns3:TrackPointExtension>
        </extensions>
      </trkpt>
      <trkpt lat="30.42588698677718639373779296875" lon="-84.1518454067409038543701171875">
        <ele>37.40000152587890625</ele>
        <time>2024-07-07T12:28:08.000Z</time>
        <extensions>
          <ns3:TrackPointExtension>
            <ns3:atemp>33.0</ns3:atemp>
            <ns3:hr>106</ns3:hr>
            <ns3:cad>0</ns3:cad>
          </ns3:TrackPointExtension>
        </extensions>
      </trkpt>
      <trkpt lat="30.4258014075458049774169921875" lon="-84.151873402297496795654296875">
        <ele>37.40000152587890625</ele>
        <time>2024-07-07T12:28:14.000Z</time>
        <extensions>
          <ns3:TrackPointExtension>
            <ns3:atemp>33.0</ns3:atemp>
            <ns3:hr>107</ns3:hr>
            <ns3:cad>43</ns3:cad>
          </ns3:TrackPointExtension>
        </extensions>
      </trkpt>
      <trkpt lat="30.42578523047268390655517578125" lon="-84.1518906690180301666259765625">
        <ele>37.40000152587890625</ele>
        <time>2024-07-07T12:28:16.000Z</time>
        <extensions>
          <ns3:TrackPointExtension>
            <ns3:atemp>33.0</ns3:atemp>
            <ns3:hr>107</ns3:hr>
            <ns3:cad>0</ns3:cad>
          </ns3:TrackPointExtension>
        </extensions>
      </trkpt>
      <trkpt lat="30.4257655330002307891845703125" lon="-84.1518869809806346893310546875">
        <ele>37.200000762939453125</ele>
        <time>2024-07-07T12:28:19.000Z</time>
        <extensions>
          <ns3:TrackPointExtension>
            <ns3:atemp>33.0</ns3:atemp>
            <ns3:hr>107</ns3:hr>
            <ns3:cad>0</ns3:cad>
          </ns3:TrackPointExtension>
        </extensions>
      </trkpt>
      <trkpt lat="30.425757654011249542236328125" lon="-84.15188941173255443572998046875">
        <ele>37</ele>
        <time>2024-07-07T12:28:20.000Z</time>
        <extensions>
          <ns3:TrackPointExtension>
            <ns3:atemp>33.0</ns3:atemp>
            <ns3:hr>107</ns3:hr>
            <ns3:cad>0</ns3:cad>
          </ns3:TrackPointExtension>
        </extensions>
      </trkpt>
      <trkpt lat="30.42571431957185268402099609375" lon="-84.1519030742347240447998046875">
        <ele>37.200000762939453125</ele>
        <time>2024-07-07T12:28:27.000Z</time>
        <extensions>
          <ns3:TrackPointExtension>
            <ns3:atemp>33.0</ns3:atemp>
            <ns3:hr>109</ns3:hr>
            <ns3:cad>75</ns3:cad>
          </ns3:TrackPointExtension>
        </extensions>
      </trkpt>
      <trkpt lat="30.425681211054325103759765625" lon="-84.1519104503095149993896484375">
        <ele>37</ele>
        <time>2024-07-07T12:28:32.000Z</time>
        <extensions>
          <ns3:TrackPointExtension>
            <ns3:atemp>33.0</ns3:atemp>
            <ns3:hr>107</ns3:hr>
            <ns3:cad>73</ns3:cad>
          </ns3:TrackPointExtension>
        </extensions>
      </trkpt>
      <trkpt lat="30.42566587217152118682861328125" lon="-84.15192805230617523193359375">
        <ele>36.799999237060546875</ele>
        <time>2024-07-07T12:28:35.000Z</time>
        <extensions>
          <ns3:TrackPointExtension>
            <ns3:atemp>33.0</ns3:atemp>
            <ns3:hr>107</ns3:hr>
            <ns3:cad>0</ns3:cad>
          </ns3:TrackPointExtension>
        </extensions>
      </trkpt>
      <trkpt lat="30.4256699793040752410888671875" lon="-84.1519260406494140625">
        <ele>36.59999847412109375</ele>
        <time>2024-07-07T12:28:43.000Z</time>
        <extensions>
          <ns3:TrackPointExtension>
            <ns3:atemp>33.0</ns3:atemp>
            <ns3:hr>106</ns3:hr>
            <ns3:cad>0</ns3:cad>
          </ns3:TrackPointExtension>
        </extensions>
      </trkpt>
      <trkpt lat="30.42564399540424346923828125" lon="-84.15197105146944522857666015625">
        <ele>37.200000762939453125</ele>
        <time>2024-07-07T12:28:51.000Z</time>
        <extensions>
          <ns3:TrackPointExtension>
            <ns3:atemp>33.0</ns3:atemp>
            <ns3:hr>107</ns3:hr>
            <ns3:cad>0</ns3:cad>
          </ns3:TrackPointExtension>
        </extensions>
      </trkpt>
      <trkpt lat="30.42564625851809978485107421875" lon="-84.1519594006240367889404296875">
        <ele>36.59999847412109375</ele>
        <time>2024-07-07T12:28:56.000Z</time>
        <extensions>
          <ns3:TrackPointExtension>
            <ns3:atemp>33.0</ns3:atemp>
            <ns3:hr>106</ns3:hr>
            <ns3:cad>0</ns3:cad>
          </ns3:TrackPointExtension>
        </extensions>
      </trkpt>
      <trkpt lat="30.42561155743896961212158203125" lon="-84.152036346495151519775390625">
        <ele>36.40000152587890625</ele>
        <time>2024-07-07T12:29:04.000Z</time>
        <extensions>
          <ns3:TrackPointExtension>
            <ns3:atemp>33.0</ns3:atemp>
            <ns3:hr>107</ns3:hr>
            <ns3:cad>77</ns3:cad>
          </ns3:TrackPointExtension>
        </extensions>
      </trkpt>
      <trkpt lat="30.42558096349239349365234375" lon="-84.152053110301494598388671875">
        <ele>36.200000762939453125</ele>
        <time>2024-07-07T12:29:08.000Z</time>
        <extensions>
          <ns3:TrackPointExtension>
            <ns3:atemp>33.0</ns3:atemp>
            <ns3:hr>104</ns3:hr>
            <ns3:cad>74</ns3:cad>
          </ns3:TrackPointExtension>
        </extensions>
      </trkpt>
      <trkpt lat="30.42556755244731903076171875" lon="-84.15207297541201114654541015625">
        <ele>36.40000152587890625</ele>
        <time>2024-07-07T12:29:10.000Z</time>
        <extensions>
          <ns3:TrackPointExtension>
            <ns3:atemp>33.0</ns3:atemp>
            <ns3:hr>102</ns3:hr>
            <ns3:cad>40</ns3:cad>
          </ns3:TrackPointExtension>
        </extensions>
      </trkpt>
      <trkpt lat="30.42555824853479862213134765625" lon="-84.1520881466567516326904296875">
        <ele>36.200000762939453125</ele>
        <time>2024-07-07T12:29:12.000Z</time>
        <extensions>
          <ns3:TrackPointExtension>
            <ns3:atemp>33.0</ns3:atemp>
            <ns3:hr>99</ns3:hr>
            <ns3:cad>40</ns3:cad>
          </ns3:TrackPointExtension>
        </extensions>
      </trkpt>
      <trkpt lat="30.42550795711576938629150390625" lon="-84.1521079279482364654541015625">
        <ele>36</ele>
        <time>2024-07-07T12:29:18.000Z</time>
        <extensions>
          <ns3:TrackPointExtension>
            <ns3:atemp>33.0</ns3:atemp>
            <ns3:hr>98</ns3:hr>
            <ns3:cad>78</ns3:cad>
          </ns3:TrackPointExtension>
        </extensions>
      </trkpt>
      <trkpt lat="30.42549689300358295440673828125" lon="-84.1521313972771167755126953125">
        <ele>36</ele>
        <time>2024-07-07T12:29:23.000Z</time>
        <extensions>
          <ns3:TrackPointExtension>
            <ns3:atemp>33.0</ns3:atemp>
            <ns3:hr>98</ns3:hr>
            <ns3:cad>0</ns3:cad>
          </ns3:TrackPointExtension>
        </extensions>
      </trkpt>
      <trkpt lat="30.425482057034969329833984375" lon="-84.15213550440967082977294921875">
        <ele>35.799999237060546875</ele>
        <time>2024-07-07T12:29:28.000Z</time>
        <extensions>
          <ns3:TrackPointExtension>
            <ns3:atemp>33.0</ns3:atemp>
            <ns3:hr>97</ns3:hr>
            <ns3:cad>0</ns3:cad>
          </ns3:TrackPointExtension>
        </extensions>
      </trkpt>
      <trkpt lat="30.42547828517854213714599609375" lon="-84.1521367616951465606689453125">
        <ele>35.799999237060546875</ele>
        <time>2024-07-07T12:29:29.000Z</time>
        <extensions>
          <ns3:TrackPointExtension>
            <ns3:atemp>33.0</ns3:atemp>
            <ns3:hr>100</ns3:hr>
            <ns3:cad>0</ns3:cad>
          </ns3:TrackPointExtension>
        </extensions>
      </trkpt>
      <trkpt lat="30.425470657646656036376953125" lon="-84.1521501727402210235595703125">
        <ele>35.40000152587890625</ele>
        <time>2024-07-07T12:29:32.000Z</time>
        <extensions>
          <ns3:TrackPointExtension>
            <ns3:atemp>33.0</ns3:atemp>
            <ns3:hr>103</ns3:hr>
            <ns3:cad>0</ns3:cad>
          </ns3:TrackPointExtension>
        </extensions>
      </trkpt>
      <trkpt lat="30.425457917153835296630859375" lon="-84.1521645896136760711669921875">
        <ele>35.40000152587890625</ele>
        <time>2024-07-07T12:29:35.000Z</time>
        <extensions>
          <ns3:TrackPointExtension>
            <ns3:atemp>33.0</ns3:atemp>
            <ns3:hr>106</ns3:hr>
            <ns3:cad>0</ns3:cad>
          </ns3:TrackPointExtension>
        </extensions>
      </trkpt>
      <trkpt lat="30.42545221745967864990234375" lon="-84.1521706245839595794677734375">
        <ele>35.40000152587890625</ele>
        <time>2024-07-07T12:29:36.000Z</time>
        <extensions>
          <ns3:TrackPointExtension>
            <ns3:atemp>33.0</ns3:atemp>
            <ns3:hr>107</ns3:hr>
            <ns3:cad>0</ns3:cad>
          </ns3:TrackPointExtension>
        </extensions>
      </trkpt>
      <trkpt lat="30.42540787719190120697021484375" lon="-84.15221546776592731475830078125">
        <ele>35</ele>
        <time>2024-07-07T12:29:43.000Z</time>
        <extensions>
          <ns3:TrackPointExtension>
            <ns3:atemp>33.0</ns3:atemp>
            <ns3:hr>108</ns3:hr>
            <ns3:cad>74</ns3:cad>
          </ns3:TrackPointExtension>
        </extensions>
      </trkpt>
      <trkpt lat="30.42539278976619243621826171875" lon="-84.15222535841166973114013671875">
        <ele>35</ele>
        <time>2024-07-07T12:29:45.000Z</time>
        <extensions>
          <ns3:TrackPointExtension>
            <ns3:atemp>33.0</ns3:atemp>
            <ns3:hr>109</ns3:hr>
            <ns3:cad>41</ns3:cad>
          </ns3:TrackPointExtension>
        </extensions>
      </trkpt>
      <trkpt lat="30.4253658838570117950439453125" lon="-84.15225419215857982635498046875">
        <ele>35.40000152587890625</ele>
        <time>2024-07-07T12:29:50.000Z</time>
        <extensions>
          <ns3:TrackPointExtension>
            <ns3:atemp>33.0</ns3:atemp>
            <ns3:hr>109</ns3:hr>
            <ns3:cad>77</ns3:cad>
          </ns3:TrackPointExtension>
        </extensions>
      </trkpt>
      <trkpt lat="30.42533663101494312286376953125" lon="-84.1523000411689281463623046875">
        <ele>35.200000762939453125</ele>
        <time>2024-07-07T12:29:56.000Z</time>
        <extensions>
          <ns3:TrackPointExtension>
            <ns3:atemp>33.0</ns3:atemp>
            <ns3:hr>109</ns3:hr>
            <ns3:cad>75</ns3:cad>
          </ns3:TrackPointExtension>
        </extensions>
      </trkpt>
      <trkpt lat="30.42531936429440975189208984375" lon="-84.15230548940598964691162109375">
        <ele>35</ele>
        <time>2024-07-07T12:29:58.000Z</time>
        <extensions>
          <ns3:TrackPointExtension>
            <ns3:atemp>33.0</ns3:atemp>
            <ns3:hr>109</ns3:hr>
            <ns3:cad>75</ns3:cad>
          </ns3:TrackPointExtension>
        </extensions>
      </trkpt>
      <trkpt lat="30.42528181336820125579833984375" lon="-84.1523221693933010101318359375">
        <ele>35</ele>
        <time>2024-07-07T12:30:05.000Z</time>
        <extensions>
          <ns3:TrackPointExtension>
            <ns3:atemp>33.0</ns3:atemp>
            <ns3:hr>110</ns3:hr>
            <ns3:cad>0</ns3:cad>
          </ns3:TrackPointExtension>
        </extensions>
      </trkpt>
      <trkpt lat="30.425281561911106109619140625" lon="-84.15232376195490360260009765625">
        <ele>34.799999237060546875</ele>
        <time>2024-07-07T12:30:06.000Z</time>
        <extensions>
          <ns3:TrackPointExtension>
            <ns3:atemp>33.0</ns3:atemp>
            <ns3:hr>110</ns3:hr>
            <ns3:cad>0</ns3:cad>
          </ns3:TrackPointExtension>
        </extensions>
      </trkpt>
      <trkpt lat="30.4252911172807216644287109375" lon="-84.15235745720565319061279296875">
        <ele>34.799999237060546875</ele>
        <time>2024-07-07T12:30:11.000Z</time>
        <extensions>
          <ns3:TrackPointExtension>
            <ns3:atemp>33.0</ns3:atemp>
            <ns3:hr>108</ns3:hr>
            <ns3:cad>0</ns3:cad>
          </ns3:TrackPointExtension>
        </extensions>
      </trkpt>
      <trkpt lat="30.42528365738689899444580078125" lon="-84.152334742248058319091796875">
        <ele>35</ele>
        <time>2024-07-07T12:30:15.000Z</time>
        <extensions>
          <ns3:TrackPointExtension>
            <ns3:atemp>33.0</ns3:atemp>
            <ns3:hr>107</ns3:hr>
            <ns3:cad>0</ns3:cad>
          </ns3:TrackPointExtension>
        </extensions>
      </trkpt>
      <trkpt lat="30.4252743534743785858154296875" lon="-84.152373969554901123046875">
        <ele>34.200000762939453125</ele>
        <time>2024-07-07T12:30:44.000Z</time>
        <extensions>
          <ns3:TrackPointExtension>
            <ns3:atemp>33.0</ns3:atemp>
            <ns3:hr>104</ns3:hr>
            <ns3:cad>76</ns3:cad>
          </ns3:TrackPointExtension>
        </extensions>
      </trkpt>
      <trkpt lat="30.42526312172412872314453125" lon="-84.15239567868411540985107421875">
        <ele>34.200000762939453125</ele>
        <time>2024-07-07T12:30:46.000Z</time>
        <extensions>
          <ns3:TrackPointExtension>
            <ns3:atemp>33.0</ns3:atemp>
            <ns3:hr>103</ns3:hr>
            <ns3:cad>75</ns3:cad>
          </ns3:TrackPointExtension>
        </extensions>
      </trkpt>
      <trkpt lat="30.425240993499755859375" lon="-84.15242669172585010528564453125">
        <ele>34</ele>
        <time>2024-07-07T12:30:49.000Z</time>
        <extensions>
          <ns3:TrackPointExtension>
            <ns3:atemp>33.0</ns3:atemp>
            <ns3:hr>103</ns3:hr>
            <ns3:cad>77</ns3:cad>
          </ns3:TrackPointExtension>
        </extensions>
      </trkpt>
      <trkpt lat="30.4252119921147823333740234375" lon="-84.15248871780931949615478515625">
        <ele>34</ele>
        <time>2024-07-07T12:30:56.000Z</time>
        <extensions>
          <ns3:TrackPointExtension>
            <ns3:atemp>33.0</ns3:atemp>
            <ns3:hr>101</ns3:hr>
            <ns3:cad>0</ns3:cad>
          </ns3:TrackPointExtension>
        </extensions>
      </trkpt>
      <trkpt lat="30.42521190829575061798095703125" lon="-84.15249207057058811187744140625">
        <ele>34</ele>
        <time>2024-07-07T12:30:57.000Z</time>
        <extensions>
          <ns3:TrackPointExtension>
            <ns3:atemp>33.0</ns3:atemp>
            <ns3:hr>102</ns3:hr>
            <ns3:cad>0</ns3:cad>
          </ns3:TrackPointExtension>
        </extensions>
      </trkpt>
      <trkpt lat="30.425195731222629547119140625" lon="-84.15251679718494415283203125">
        <ele>34.200000762939453125</ele>
        <time>2024-07-07T12:31:01.000Z</time>
        <extensions>
          <ns3:TrackPointExtension>
            <ns3:atemp>33.0</ns3:atemp>
            <ns3:hr>102</ns3:hr>
            <ns3:cad>0</ns3:cad>
          </ns3:TrackPointExtension>
        </extensions>
      </trkpt>
      <trkpt lat="30.4251804761588573455810546875" lon="-84.15253984741866588592529296875">
        <ele>34.200000762939453125</ele>
        <time>2024-07-07T12:31:04.000Z</time>
        <extensions>
          <ns3:TrackPointExtension>
            <ns3:atemp>33.0</ns3:atemp>
            <ns3:hr>101</ns3:hr>
            <ns3:cad>76</ns3:cad>
          </ns3:TrackPointExtension>
        </extensions>
      </trkpt>
      <trkpt lat="30.42517284862697124481201171875" lon="-84.15255024097859859466552734375">
        <ele>34</ele>
        <time>2024-07-07T12:31:06.000Z</time>
        <extensions>
          <ns3:TrackPointExtension>
            <ns3:atemp>33.0</ns3:atemp>
            <ns3:hr>100</ns3:hr>
            <ns3:cad>80</ns3:cad>
          </ns3:TrackPointExtension>
        </extensions>
      </trkpt>
      <trkpt lat="30.42517201043665409088134765625" lon="-84.15255644358694553375244140625">
        <ele>34</ele>
        <time>2024-07-07T12:31:08.000Z</time>
        <extensions>
          <ns3:TrackPointExtension>
            <ns3:atemp>33.0</ns3:atemp>
            <ns3:hr>99</ns3:hr>
            <ns3:cad>0</ns3:cad>
          </ns3:TrackPointExtension>
        </extensions>
      </trkpt>
      <trkpt lat="30.42516798712313175201416015625" lon="-84.1525659151375293731689453125">
        <ele>33.799999237060546875</ele>
        <time>2024-07-07T12:31:10.000Z</time>
        <extensions>
          <ns3:TrackPointExtension>
            <ns3:atemp>33.0</ns3:atemp>
            <ns3:hr>98</ns3:hr>
            <ns3:cad>0</ns3:cad>
          </ns3:TrackPointExtension>
        </extensions>
      </trkpt>
      <trkpt lat="30.42516329325735569000244140625" lon="-84.15257018990814685821533203125">
        <ele>33.799999237060546875</ele>
        <time>2024-07-07T12:31:11.000Z</time>
        <extensions>
          <ns3:TrackPointExtension>
            <ns3:atemp>33.0</ns3:atemp>
            <ns3:hr>98</ns3:hr>
            <ns3:cad>0</ns3:cad>
          </ns3:TrackPointExtension>
        </extensions>
      </trkpt>
      <trkpt lat="30.42515943758189678192138671875" lon="-84.1525766439735889434814453125">
        <ele>33.799999237060546875</ele>
        <time>2024-07-07T12:31:12.000Z</time>
        <extensions>
          <ns3:TrackPointExtension>
            <ns3:atemp>33.0</ns3:atemp>
            <ns3:hr>97</ns3:hr>
            <ns3:cad>0</ns3:cad>
          </ns3:TrackPointExtension>
        </extensions>
      </trkpt>
      <trkpt lat="30.42515256442129611968994140625" lon="-84.15259684436023235321044921875">
        <ele>33.799999237060546875</ele>
        <time>2024-07-07T12:31:14.000Z</time>
        <extensions>
          <ns3:TrackPointExtension>
            <ns3:atemp>33.0</ns3:atemp>
            <ns3:hr>93</ns3:hr>
            <ns3:cad>0</ns3:cad>
          </ns3:TrackPointExtension>
        </extensions>
      </trkpt>
      <trkpt lat="30.4251439310610294342041015625" lon="-84.152637161314487457275390625">
        <ele>33.59999847412109375</ele>
        <time>2024-07-07T12:31:18.000Z</time>
        <extensions>
          <ns3:TrackPointExtension>
            <ns3:atemp>33.0</ns3:atemp>
            <ns3:hr>90</ns3:hr>
            <ns3:cad>75</ns3:cad>
          </ns3:TrackPointExtension>
        </extensions>
      </trkpt>
      <trkpt lat="30.425139404833316802978515625" lon="-84.15263992734253406524658203125">
        <ele>33.40000152587890625</ele>
        <time>2024-07-07T12:31:19.000Z</time>
        <extensions>
          <ns3:TrackPointExtension>
            <ns3:atemp>33.0</ns3:atemp>
            <ns3:hr>90</ns3:hr>
            <ns3:cad>41</ns3:cad>
          </ns3:TrackPointExtension>
        </extensions>
      </trkpt>
      <trkpt lat="30.42513127438724040985107421875" lon="-84.15262199006974697113037109375">
        <ele>33</ele>
        <time>2024-07-07T12:31:27.000Z</time>
        <extensions>
          <ns3:TrackPointExtension>
            <ns3:atemp>33.0</ns3:atemp>
            <ns3:hr>89</ns3:hr>
            <ns3:cad>0</ns3:cad>
          </ns3:TrackPointExtension>
        </extensions>
      </trkpt>
      <trkpt lat="30.42513797990977764129638671875" lon="-84.15261830203235149383544921875">
        <ele>33</ele>
        <time>2024-07-07T12:31:28.000Z</time>
        <extensions>
          <ns3:TrackPointExtension>
            <ns3:atemp>33.0</ns3:atemp>
            <ns3:hr>93</ns3:hr>
            <ns3:cad>0</ns3:cad>
          </ns3:TrackPointExtension>
        </extensions>
      </trkpt>
      <trkpt lat="30.42514108121395111083984375" lon="-84.15261997841298580169677734375">
        <ele>32.799999237060546875</ele>
        <time>2024-07-07T12:31:35.000Z</time>
        <extensions>
          <ns3:TrackPointExtension>
            <ns3:atemp>33.0</ns3:atemp>
            <ns3:hr>97</ns3:hr>
            <ns3:cad>0</ns3:cad>
          </ns3:TrackPointExtension>
        </extensions>
      </trkpt>
      <trkpt lat="30.42514108121395111083984375" lon="-84.15261997841298580169677734375">
        <ele>32.799999237060546875</ele>
        <time>2024-07-07T12:31:38.000Z</time>
        <extensions>
          <ns3:TrackPointExtension>
            <ns3:atemp>33.0</ns3:atemp>
            <ns3:hr>102</ns3:hr>
            <ns3:cad>0</ns3:cad>
          </ns3:TrackPointExtension>
        </extensions>
      </trkpt>
      <trkpt lat="30.42514108121395111083984375" lon="-84.15261997841298580169677734375">
        <ele>32.799999237060546875</ele>
        <time>2024-07-07T12:31:39.000Z</time>
        <extensions>
          <ns3:TrackPointExtension>
            <ns3:atemp>33.0</ns3:atemp>
            <ns3:hr>102</ns3:hr>
            <ns3:cad>0</ns3:cad>
          </ns3:TrackPointExtension>
        </extensions>
      </trkpt>
      <trkpt lat="30.42514108121395111083984375" lon="-84.15261997841298580169677734375">
        <ele>33</ele>
        <time>2024-07-07T12:31:41.000Z</time>
        <extensions>
          <ns3:TrackPointExtension>
            <ns3:atemp>33.0</ns3:atemp>
            <ns3:hr>106</ns3:hr>
            <ns3:cad>0</ns3:cad>
          </ns3:TrackPointExtension>
        </extensions>
      </trkpt>
      <trkpt lat="30.42514108121395111083984375" lon="-84.15261997841298580169677734375">
        <ele>33.200000762939453125</ele>
        <time>2024-07-07T12:31:44.000Z</time>
        <extensions>
          <ns3:TrackPointExtension>
            <ns3:atemp>33.0</ns3:atemp>
            <ns3:hr>109</ns3:hr>
            <ns3:cad>0</ns3:cad>
          </ns3:TrackPointExtension>
        </extensions>
      </trkpt>
      <trkpt lat="30.42514108121395111083984375" lon="-84.15261997841298580169677734375">
        <ele>33.200000762939453125</ele>
        <time>2024-07-07T12:31:47.000Z</time>
        <extensions>
          <ns3:TrackPointExtension>
            <ns3:atemp>33.0</ns3:atemp>
            <ns3:hr>109</ns3:hr>
            <ns3:cad>0</ns3:cad>
          </ns3:TrackPointExtension>
        </extensions>
      </trkpt>
      <trkpt lat="30.42517729103565216064453125" lon="-84.1525803320109844207763671875">
        <ele>33</ele>
        <time>2024-07-07T12:31:53.000Z</time>
        <extensions>
          <ns3:TrackPointExtension>
            <ns3:atemp>33.0</ns3:atemp>
            <ns3:hr>108</ns3:hr>
            <ns3:cad>0</ns3:cad>
          </ns3:TrackPointExtension>
        </extensions>
      </trkpt>
      <trkpt lat="30.42520956136286258697509765625" lon="-84.15253984741866588592529296875">
        <ele>32.59999847412109375</ele>
        <time>2024-07-07T12:31:57.000Z</time>
        <extensions>
          <ns3:TrackPointExtension>
            <ns3:atemp>33.0</ns3:atemp>
            <ns3:hr>107</ns3:hr>
            <ns3:cad>0</ns3:cad>
          </ns3:TrackPointExtension>
        </extensions>
      </trkpt>
      <trkpt lat="30.42522816918790340423583984375" lon="-84.15252291597425937652587890625">
        <ele>33</ele>
        <time>2024-07-07T12:31:59.000Z</time>
        <extensions>
          <ns3:TrackPointExtension>
            <ns3:atemp>33.0</ns3:atemp>
            <ns3:hr>107</ns3:hr>
            <ns3:cad>0</ns3:cad>
          </ns3:TrackPointExtension>
        </extensions>
      </trkpt>
      <trkpt lat="30.4252425022423267364501953125" lon="-84.15251319296658039093017578125">
        <ele>33.200000762939453125</ele>
        <time>2024-07-07T12:32:01.000Z</time>
        <extensions>
          <ns3:TrackPointExtension>
            <ns3:atemp>33.0</ns3:atemp>
            <ns3:hr>108</ns3:hr>
            <ns3:cad>42</ns3:cad>
          </ns3:TrackPointExtension>
        </extensions>
      </trkpt>
      <trkpt lat="30.42524811811745166778564453125" lon="-84.15250732563436031341552734375">
        <ele>33.200000762939453125</ele>
        <time>2024-07-07T12:32:02.000Z</time>
        <extensions>
          <ns3:TrackPointExtension>
            <ns3:atemp>33.0</ns3:atemp>
            <ns3:hr>108</ns3:hr>
            <ns3:cad>42</ns3:cad>
          </ns3:TrackPointExtension>
        </extensions>
      </trkpt>
      <trkpt lat="30.4252954758703708648681640625" lon="-84.15247245691716670989990234375">
        <ele>32.59999847412109375</ele>
        <time>2024-07-07T12:32:11.000Z</time>
        <extensions>
          <ns3:TrackPointExtension>
            <ns3:atemp>33.0</ns3:atemp>
            <ns3:hr>108</ns3:hr>
            <ns3:cad>16</ns3:cad>
          </ns3:TrackPointExtension>
        </extensions>
      </trkpt>
      <trkpt lat="30.4253055341541767120361328125" lon="-84.152465499937534332275390625">
        <ele>32.59999847412109375</ele>
        <time>2024-07-07T12:32:13.000Z</time>
        <extensions>
          <ns3:TrackPointExtension>
            <ns3:atemp>33.0</ns3:atemp>
            <ns3:hr>108</ns3:hr>
            <ns3:cad>16</ns3:cad>
          </ns3:TrackPointExtension>
        </extensions>
      </trkpt>
      <trkpt lat="30.42530477978289127349853515625" lon="-84.15246306918561458587646484375">
        <ele>32.40000152587890625</ele>
        <time>2024-07-07T12:32:16.000Z</time>
        <extensions>
          <ns3:TrackPointExtension>
            <ns3:atemp>33.0</ns3:atemp>
            <ns3:hr>111</ns3:hr>
            <ns3:cad>0</ns3:cad>
          </ns3:TrackPointExtension>
        </extensions>
      </trkpt>
      <trkpt lat="30.4253028519451618194580078125" lon="-84.15245887823402881622314453125">
        <ele>32.40000152587890625</ele>
        <time>2024-07-07T12:32:17.000Z</time>
        <extensions>
          <ns3:TrackPointExtension>
            <ns3:atemp>33.0</ns3:atemp>
            <ns3:hr>108</ns3:hr>
            <ns3:cad>0</ns3:cad>
          </ns3:TrackPointExtension>
        </extensions>
      </trkpt>
      <trkpt lat="30.42530477978289127349853515625" lon="-84.15245711803436279296875">
        <ele>32.40000152587890625</ele>
        <time>2024-07-07T12:32:19.000Z</time>
        <extensions>
          <ns3:TrackPointExtension>
            <ns3:atemp>33.0</ns3:atemp>
            <ns3:hr>108</ns3:hr>
            <ns3:cad>0</ns3:cad>
          </ns3:TrackPointExtension>
        </extensions>
      </trkpt>
      <trkpt lat="30.42535364627838134765625" lon="-84.15243457071483135223388671875">
        <ele>32.40000152587890625</ele>
        <time>2024-07-07T12:32:26.000Z</time>
        <extensions>
          <ns3:TrackPointExtension>
            <ns3:atemp>33.0</ns3:atemp>
            <ns3:hr>108</ns3:hr>
            <ns3:cad>68</ns3:cad>
          </ns3:TrackPointExtension>
        </extensions>
      </trkpt>
      <trkpt lat="30.425368063151836395263671875" lon="-84.15241797454655170440673828125">
        <ele>32.59999847412109375</ele>
        <time>2024-07-07T12:32:30.000Z</time>
        <extensions>
          <ns3:TrackPointExtension>
            <ns3:atemp>33.0</ns3:atemp>
            <ns3:hr>109</ns3:hr>
            <ns3:cad>70</ns3:cad>
          </ns3:TrackPointExtension>
        </extensions>
      </trkpt>
      <trkpt lat="30.42537854053080081939697265625" lon="-84.152405820786952972412109375">
        <ele>32.799999237060546875</ele>
        <time>2024-07-07T12:32:32.000Z</time>
        <extensions>
          <ns3:TrackPointExtension>
            <ns3:atemp>33.0</ns3:atemp>
            <ns3:hr>109</ns3:hr>
            <ns3:cad>67</ns3:cad>
          </ns3:TrackPointExtension>
        </extensions>
      </trkpt>
      <trkpt lat="30.425395555794239044189453125" lon="-84.15237656794488430023193359375">
        <ele>32.799999237060546875</ele>
        <time>2024-07-07T12:32:35.000Z</time>
        <extensions>
          <ns3:TrackPointExtension>
            <ns3:atemp>33.0</ns3:atemp>
            <ns3:hr>109</ns3:hr>
            <ns3:cad>65</ns3:cad>
          </ns3:TrackPointExtension>
        </extensions>
      </trkpt>
      <trkpt lat="30.42541072703897953033447265625" lon="-84.15235728956758975982666015625">
        <ele>32.799999237060546875</ele>
        <time>2024-07-07T12:32:37.000Z</time>
        <extensions>
          <ns3:TrackPointExtension>
            <ns3:atemp>33.0</ns3:atemp>
            <ns3:hr>109</ns3:hr>
            <ns3:cad>65</ns3:cad>
          </ns3:TrackPointExtension>
        </extensions>
      </trkpt>
      <trkpt lat="30.42545934207737445831298828125" lon="-84.15231940336525440216064453125">
        <ele>32.59999847412109375</ele>
        <time>2024-07-07T12:32:43.000Z</time>
        <extensions>
          <ns3:TrackPointExtension>
            <ns3:atemp>33.0</ns3:atemp>
            <ns3:hr>111</ns3:hr>
            <ns3:cad>44</ns3:cad>
          </ns3:TrackPointExtension>
        </extensions>
      </trkpt>
      <trkpt lat="30.42546822689473628997802734375" lon="-84.1523107700049877166748046875">
        <ele>32.59999847412109375</ele>
        <time>2024-07-07T12:32:44.000Z</time>
        <extensions>
          <ns3:TrackPointExtension>
            <ns3:atemp>33.0</ns3:atemp>
            <ns3:hr>111</ns3:hr>
            <ns3:cad>44</ns3:cad>
          </ns3:TrackPointExtension>
        </extensions>
      </trkpt>
      <trkpt lat="30.42549907229840755462646484375" lon="-84.15227682329714298248291015625">
        <ele>32.59999847412109375</ele>
        <time>2024-07-07T12:32:49.000Z</time>
        <extensions>
          <ns3:TrackPointExtension>
            <ns3:atemp>33.0</ns3:atemp>
            <ns3:hr>111</ns3:hr>
            <ns3:cad>43</ns3:cad>
          </ns3:TrackPointExtension>
        </extensions>
      </trkpt>
      <trkpt lat="30.42550477199256420135498046875" lon="-84.1522725485265254974365234375">
        <ele>32.59999847412109375</ele>
        <time>2024-07-07T12:32:51.000Z</time>
        <extensions>
          <ns3:TrackPointExtension>
            <ns3:atemp>33.0</ns3:atemp>
            <ns3:hr>110</ns3:hr>
            <ns3:cad>0</ns3:cad>
          </ns3:TrackPointExtension>
        </extensions>
      </trkpt>
      <trkpt lat="30.42550728656351566314697265625" lon="-84.1522755660116672515869140625">
        <ele>32.59999847412109375</ele>
        <time>2024-07-07T12:32:55.000Z</time>
        <extensions>
          <ns3:TrackPointExtension>
            <ns3:atemp>33.0</ns3:atemp>
            <ns3:hr>110</ns3:hr>
            <ns3:cad>0</ns3:cad>
          </ns3:TrackPointExtension>
        </extensions>
      </trkpt>
      <trkpt lat="30.425506532192230224609375" lon="-84.15227816440165042877197265625">
        <ele>32.59999847412109375</ele>
        <time>2024-07-07T12:33:07.000Z</time>
        <extensions>
          <ns3:TrackPointExtension>
            <ns3:atemp>33.0</ns3:atemp>
            <ns3:hr>113</ns3:hr>
            <ns3:cad>0</ns3:cad>
          </ns3:TrackPointExtension>
        </extensions>
      </trkpt>
      <trkpt lat="30.42555338703095912933349609375" lon="-84.1522420383989810943603515625">
        <ele>32.59999847412109375</ele>
        <time>2024-07-07T12:33:11.000Z</time>
        <extensions>
          <ns3:TrackPointExtension>
            <ns3:atemp>33.0</ns3:atemp>
            <ns3:hr>112</ns3:hr>
            <ns3:cad>44</ns3:cad>
          </ns3:TrackPointExtension>
        </extensions>
      </trkpt>
      <trkpt lat="30.425576604902744293212890625" lon="-84.15222175419330596923828125">
        <ele>32.40000152587890625</ele>
        <time>2024-07-07T12:33:13.000Z</time>
        <extensions>
          <ns3:TrackPointExtension>
            <ns3:atemp>33.0</ns3:atemp>
            <ns3:hr>112</ns3:hr>
            <ns3:cad>47</ns3:cad>
          </ns3:TrackPointExtension>
        </extensions>
      </trkpt>
      <trkpt lat="30.42563234455883502960205078125" lon="-84.1521766595542430877685546875">
        <ele>32.40000152587890625</ele>
        <time>2024-07-07T12:33:17.000Z</time>
        <extensions>
          <ns3:TrackPointExtension>
            <ns3:atemp>33.0</ns3:atemp>
            <ns3:hr>112</ns3:hr>
            <ns3:cad>45</ns3:cad>
          </ns3:TrackPointExtension>
        </extensions>
      </trkpt>
      <trkpt lat="30.42563888244330883026123046875" lon="-84.1521773301064968109130859375">
        <ele>32.59999847412109375</ele>
        <time>2024-07-07T12:33:18.000Z</time>
        <extensions>
          <ns3:TrackPointExtension>
            <ns3:atemp>33.0</ns3:atemp>
            <ns3:hr>112</ns3:hr>
            <ns3:cad>45</ns3:cad>
          </ns3:TrackPointExtension>
        </extensions>
      </trkpt>
      <trkpt lat="30.4256656207144260406494140625" lon="-84.15219283662736415863037109375">
        <ele>32.799999237060546875</ele>
        <time>2024-07-07T12:33:22.000Z</time>
        <extensions>
          <ns3:TrackPointExtension>
            <ns3:atemp>33.0</ns3:atemp>
            <ns3:hr>111</ns3:hr>
            <ns3:cad>46</ns3:cad>
          </ns3:TrackPointExtension>
        </extensions>
      </trkpt>
      <trkpt lat="30.4256768524646759033203125" lon="-84.15227397345006465911865234375">
        <ele>32.40000152587890625</ele>
        <time>2024-07-07T12:33:30.000Z</time>
        <extensions>
          <ns3:TrackPointExtension>
            <ns3:atemp>33.0</ns3:atemp>
            <ns3:hr>111</ns3:hr>
            <ns3:cad>40</ns3:cad>
          </ns3:TrackPointExtension>
        </extensions>
      </trkpt>
      <trkpt lat="30.42568213306367397308349609375" lon="-84.152330048382282257080078125">
        <ele>32.200000762939453125</ele>
        <time>2024-07-07T12:33:36.000Z</time>
        <extensions>
          <ns3:TrackPointExtension>
            <ns3:atemp>33.0</ns3:atemp>
            <ns3:hr>111</ns3:hr>
            <ns3:cad>77</ns3:cad>
          </ns3:TrackPointExtension>
        </extensions>
      </trkpt>
      <trkpt lat="30.42568313889205455780029296875" lon="-84.1523463092744350433349609375">
        <ele>32.40000152587890625</ele>
        <time>2024-07-07T12:33:38.000Z</time>
        <extensions>
          <ns3:TrackPointExtension>
            <ns3:atemp>33.0</ns3:atemp>
            <ns3:hr>111</ns3:hr>
            <ns3:cad>73</ns3:cad>
          </ns3:TrackPointExtension>
        </extensions>
      </trkpt>
      <trkpt lat="30.42568431235849857330322265625" lon="-84.15242870338261127471923828125">
        <ele>31.799999237060546875</ele>
        <time>2024-07-07T12:33:46.000Z</time>
        <extensions>
          <ns3:TrackPointExtension>
            <ns3:atemp>33.0</ns3:atemp>
            <ns3:hr>113</ns3:hr>
            <ns3:cad>73</ns3:cad>
          </ns3:TrackPointExtension>
        </extensions>
      </trkpt>
      <trkpt lat="30.42568095959722995758056640625" lon="-84.152551330626010894775390625">
        <ele>31.6000003814697265625</ele>
        <time>2024-07-07T12:33:57.000Z</time>
        <extensions>
          <ns3:TrackPointExtension>
            <ns3:atemp>33.0</ns3:atemp>
            <ns3:hr>111</ns3:hr>
            <ns3:cad>45</ns3:cad>
          </ns3:TrackPointExtension>
        </extensions>
      </trkpt>
      <trkpt lat="30.425674505531787872314453125" lon="-84.152655266225337982177734375">
        <ele>31.6000003814697265625</ele>
        <time>2024-07-07T12:34:07.000Z</time>
        <extensions>
          <ns3:TrackPointExtension>
            <ns3:atemp>33.0</ns3:atemp>
            <ns3:hr>111</ns3:hr>
            <ns3:cad>75</ns3:cad>
          </ns3:TrackPointExtension>
        </extensions>
      </trkpt>
      <trkpt lat="30.42568556964397430419921875" lon="-84.152739085257053375244140625">
        <ele>31.6000003814697265625</ele>
        <time>2024-07-07T12:34:17.000Z</time>
        <extensions>
          <ns3:TrackPointExtension>
            <ns3:atemp>33.0</ns3:atemp>
            <ns3:hr>112</ns3:hr>
            <ns3:cad>0</ns3:cad>
          </ns3:TrackPointExtension>
        </extensions>
      </trkpt>
      <trkpt lat="30.42567844502627849578857421875" lon="-84.15273942053318023681640625">
        <ele>31.3999996185302734375</ele>
        <time>2024-07-07T12:34:24.000Z</time>
        <extensions>
          <ns3:TrackPointExtension>
            <ns3:atemp>33.0</ns3:atemp>
            <ns3:hr>117</ns3:hr>
            <ns3:cad>0</ns3:cad>
          </ns3:TrackPointExtension>
        </extensions>
      </trkpt>
      <trkpt lat="30.42568313889205455780029296875" lon="-84.15275827981531620025634765625">
        <ele>31.200000762939453125</ele>
        <time>2024-07-07T12:34:39.000Z</time>
        <extensions>
          <ns3:TrackPointExtension>
            <ns3:atemp>33.0</ns3:atemp>
            <ns3:hr>116</ns3:hr>
            <ns3:cad>0</ns3:cad>
          </ns3:TrackPointExtension>
        </extensions>
      </trkpt>
      <trkpt lat="30.425687916576862335205078125" lon="-84.15282935835421085357666015625">
        <ele>31.200000762939453125</ele>
        <time>2024-07-07T12:34:44.000Z</time>
        <extensions>
          <ns3:TrackPointExtension>
            <ns3:atemp>33.0</ns3:atemp>
            <ns3:hr>113</ns3:hr>
            <ns3:cad>0</ns3:cad>
          </ns3:TrackPointExtension>
        </extensions>
      </trkpt>
      <trkpt lat="30.4256848990917205810546875" lon="-84.152883589267730712890625">
        <ele>31</ele>
        <time>2024-07-07T12:34:48.000Z</time>
        <extensions>
          <ns3:TrackPointExtension>
            <ns3:atemp>33.0</ns3:atemp>
            <ns3:hr>119</ns3:hr>
            <ns3:cad>41</ns3:cad>
          </ns3:TrackPointExtension>
        </extensions>
      </trkpt>
      <trkpt lat="30.42568313889205455780029296875" lon="-84.15289490483701229095458984375">
        <ele>31</ele>
        <time>2024-07-07T12:34:49.000Z</time>
        <extensions>
          <ns3:TrackPointExtension>
            <ns3:atemp>33.0</ns3:atemp>
            <ns3:hr>119</ns3:hr>
            <ns3:cad>42</ns3:cad>
          </ns3:TrackPointExtension>
        </extensions>
      </trkpt>
      <trkpt lat="30.425685234367847442626953125" lon="-84.1529035381972789764404296875">
        <ele>31</ele>
        <time>2024-07-07T12:34:50.000Z</time>
        <extensions>
          <ns3:TrackPointExtension>
            <ns3:atemp>33.0</ns3:atemp>
            <ns3:hr>123</ns3:hr>
            <ns3:cad>42</ns3:cad>
          </ns3:TrackPointExtension>
        </extensions>
      </trkpt>
      <trkpt lat="30.42569202370941638946533203125" lon="-84.15293849073350429534912109375">
        <ele>31</ele>
        <time>2024-07-07T12:34:53.000Z</time>
        <extensions>
          <ns3:TrackPointExtension>
            <ns3:atemp>33.0</ns3:atemp>
            <ns3:hr>127</ns3:hr>
            <ns3:cad>42</ns3:cad>
          </ns3:TrackPointExtension>
        </extensions>
      </trkpt>
      <trkpt lat="30.42568649165332317352294921875" lon="-84.15298392064869403839111328125">
        <ele>31</ele>
        <time>2024-07-07T12:34:56.000Z</time>
        <extensions>
          <ns3:TrackPointExtension>
            <ns3:atemp>33.0</ns3:atemp>
            <ns3:hr>130</ns3:hr>
            <ns3:cad>42</ns3:cad>
          </ns3:TrackPointExtension>
        </extensions>
      </trkpt>
      <trkpt lat="30.42568783275783061981201171875" lon="-84.1530285961925983428955078125">
        <ele>31</ele>
        <time>2024-07-07T12:35:00.000Z</time>
        <extensions>
          <ns3:TrackPointExtension>
            <ns3:atemp>33.0</ns3:atemp>
            <ns3:hr>134</ns3:hr>
            <ns3:cad>47</ns3:cad>
          </ns3:TrackPointExtension>
        </extensions>
      </trkpt>
      <trkpt lat="30.425685904920101165771484375" lon="-84.15308785624802112579345703125">
        <ele>31</ele>
        <time>2024-07-07T12:35:05.000Z</time>
        <extensions>
          <ns3:TrackPointExtension>
            <ns3:atemp>33.0</ns3:atemp>
            <ns3:hr>137</ns3:hr>
            <ns3:cad>45</ns3:cad>
          </ns3:TrackPointExtension>
        </extensions>
      </trkpt>
      <trkpt lat="30.42568464763462543487548828125" lon="-84.15313764475286006927490234375">
        <ele>31.3999996185302734375</ele>
        <time>2024-07-07T12:35:09.000Z</time>
        <extensions>
          <ns3:TrackPointExtension>
            <ns3:atemp>33.0</ns3:atemp>
            <ns3:hr>138</ns3:hr>
            <ns3:cad>44</ns3:cad>
          </ns3:TrackPointExtension>
        </extensions>
      </trkpt>
      <trkpt lat="30.425688587129116058349609375" lon="-84.15315122343599796295166015625">
        <ele>31.6000003814697265625</ele>
        <time>2024-07-07T12:35:12.000Z</time>
        <extensions>
          <ns3:TrackPointExtension>
            <ns3:atemp>33.0</ns3:atemp>
            <ns3:hr>141</ns3:hr>
            <ns3:cad>43</ns3:cad>
          </ns3:TrackPointExtension>
        </extensions>
      </trkpt>
      <trkpt lat="30.42569034732878208160400390625" lon="-84.1531482897698879241943359375">
        <ele>31.6000003814697265625</ele>
        <time>2024-07-07T12:35:15.000Z</time>
        <extensions>
          <ns3:TrackPointExtension>
            <ns3:atemp>33.0</ns3:atemp>
            <ns3:hr>138</ns3:hr>
            <ns3:cad>0</ns3:cad>
          </ns3:TrackPointExtension>
        </extensions>
      </trkpt>
      <trkpt lat="30.4256902635097503662109375" lon="-84.1531462781131267547607421875">
        <ele>31.6000003814697265625</ele>
        <time>2024-07-07T12:35:16.000Z</time>
        <extensions>
          <ns3:TrackPointExtension>
            <ns3:atemp>33.0</ns3:atemp>
            <ns3:hr>140</ns3:hr>
            <ns3:cad>0</ns3:cad>
          </ns3:TrackPointExtension>
        </extensions>
      </trkpt>
      <trkpt lat="30.425691269338130950927734375" lon="-84.15314200334250926971435546875">
        <ele>31.6000003814697265625</ele>
        <time>2024-07-07T12:35:21.000Z</time>
        <extensions>
          <ns3:TrackPointExtension>
            <ns3:atemp>33.0</ns3:atemp>
            <ns3:hr>137</ns3:hr>
            <ns3:cad>0</ns3:cad>
          </ns3:TrackPointExtension>
        </extensions>
      </trkpt>
      <trkpt lat="30.425691269338130950927734375" lon="-84.15314200334250926971435546875">
        <ele>31.3999996185302734375</ele>
        <time>2024-07-07T12:35:23.000Z</time>
        <extensions>
          <ns3:TrackPointExtension>
            <ns3:atemp>33.0</ns3:atemp>
            <ns3:hr>129</ns3:hr>
            <ns3:cad>0</ns3:cad>
          </ns3:TrackPointExtension>
        </extensions>
      </trkpt>
      <trkpt lat="30.425691269338130950927734375" lon="-84.15314200334250926971435546875">
        <ele>31.3999996185302734375</ele>
        <time>2024-07-07T12:35:24.000Z</time>
        <extensions>
          <ns3:TrackPointExtension>
            <ns3:atemp>33.0</ns3:atemp>
            <ns3:hr>129</ns3:hr>
            <ns3:cad>0</ns3:cad>
          </ns3:TrackPointExtension>
        </extensions>
      </trkpt>
      <trkpt lat="30.42569495737552642822265625" lon="-84.1531771235167980194091796875">
        <ele>31</ele>
        <time>2024-07-07T12:35:29.000Z</time>
        <extensions>
          <ns3:TrackPointExtension>
            <ns3:atemp>33.0</ns3:atemp>
            <ns3:hr>125</ns3:hr>
            <ns3:cad>0</ns3:cad>
          </ns3:TrackPointExtension>
        </extensions>
      </trkpt>
      <trkpt lat="30.4256964661180973052978515625" lon="-84.153266139328479766845703125">
        <ele>31.6000003814697265625</ele>
        <time>2024-07-07T12:35:34.000Z</time>
        <extensions>
          <ns3:TrackPointExtension>
            <ns3:atemp>33.0</ns3:atemp>
            <ns3:hr>122</ns3:hr>
            <ns3:cad>0</ns3:cad>
          </ns3:TrackPointExtension>
        </extensions>
      </trkpt>
      <trkpt lat="30.425691269338130950927734375" lon="-84.15330578573048114776611328125">
        <ele>31.6000003814697265625</ele>
        <time>2024-07-07T12:35:36.000Z</time>
        <extensions>
          <ns3:TrackPointExtension>
            <ns3:atemp>33.0</ns3:atemp>
            <ns3:hr>121</ns3:hr>
            <ns3:cad>0</ns3:cad>
          </ns3:TrackPointExtension>
        </extensions>
      </trkpt>
      <trkpt lat="30.4256870783865451812744140625" lon="-84.15339522063732147216796875">
        <ele>31</ele>
        <time>2024-07-07T12:35:43.000Z</time>
        <extensions>
          <ns3:TrackPointExtension>
            <ns3:atemp>33.0</ns3:atemp>
            <ns3:hr>118</ns3:hr>
            <ns3:cad>48</ns3:cad>
          </ns3:TrackPointExtension>
        </extensions>
      </trkpt>
      <trkpt lat="30.42568556964397430419921875" lon="-84.15340854786336421966552734375">
        <ele>31</ele>
        <time>2024-07-07T12:35:44.000Z</time>
        <extensions>
          <ns3:TrackPointExtension>
            <ns3:atemp>33.0</ns3:atemp>
            <ns3:hr>118</ns3:hr>
            <ns3:cad>48</ns3:cad>
          </ns3:TrackPointExtension>
        </extensions>
      </trkpt>
      <trkpt lat="30.4256688058376312255859375" lon="-84.15350250899791717529296875">
        <ele>31</ele>
        <time>2024-07-07T12:35:52.000Z</time>
        <extensions>
          <ns3:TrackPointExtension>
            <ns3:atemp>33.0</ns3:atemp>
            <ns3:hr>117</ns3:hr>
            <ns3:cad>49</ns3:cad>
          </ns3:TrackPointExtension>
        </extensions>
      </trkpt>
      <trkpt lat="30.42563150636851787567138671875" lon="-84.1536035947501659393310546875">
        <ele>31.200000762939453125</ele>
        <time>2024-07-07T12:36:03.000Z</time>
        <extensions>
          <ns3:TrackPointExtension>
            <ns3:atemp>33.0</ns3:atemp>
            <ns3:hr>116</ns3:hr>
            <ns3:cad>0</ns3:cad>
          </ns3:TrackPointExtension>
        </extensions>
      </trkpt>
      <trkpt lat="30.4256173409521579742431640625" lon="-84.153664447367191314697265625">
        <ele>30.799999237060546875</ele>
        <time>2024-07-07T12:36:12.000Z</time>
        <extensions>
          <ns3:TrackPointExtension>
            <ns3:atemp>33.0</ns3:atemp>
            <ns3:hr>116</ns3:hr>
            <ns3:cad>0</ns3:cad>
          </ns3:TrackPointExtension>
        </extensions>
      </trkpt>
      <trkpt lat="30.425618179142475128173828125" lon="-84.15367743931710720062255859375">
        <ele>30.799999237060546875</ele>
        <time>2024-07-07T12:36:13.000Z</time>
        <extensions>
          <ns3:TrackPointExtension>
            <ns3:atemp>33.0</ns3:atemp>
            <ns3:hr>116</ns3:hr>
            <ns3:cad>47</ns3:cad>
          </ns3:TrackPointExtension>
        </extensions>
      </trkpt>
      <trkpt lat="30.4256066121160984039306640625" lon="-84.15382043458521366119384765625">
        <ele>30.3999996185302734375</ele>
        <time>2024-07-07T12:36:24.000Z</time>
        <extensions>
          <ns3:TrackPointExtension>
            <ns3:atemp>33.0</ns3:atemp>
            <ns3:hr>118</ns3:hr>
            <ns3:cad>0</ns3:cad>
          </ns3:TrackPointExtension>
        </extensions>
      </trkpt>
      <trkpt lat="30.42560384608805179595947265625" lon="-84.1538936085999011993408203125">
        <ele>30.6000003814697265625</ele>
        <time>2024-07-07T12:36:29.000Z</time>
        <extensions>
          <ns3:TrackPointExtension>
            <ns3:atemp>33.0</ns3:atemp>
            <ns3:hr>115</ns3:hr>
            <ns3:cad>52</ns3:cad>
          </ns3:TrackPointExtension>
        </extensions>
      </trkpt>
      <trkpt lat="30.42559227906167507171630859375" lon="-84.15400165133178234100341796875">
        <ele>30.6000003814697265625</ele>
        <time>2024-07-07T12:36:37.000Z</time>
        <extensions>
          <ns3:TrackPointExtension>
            <ns3:atemp>33.0</ns3:atemp>
            <ns3:hr>115</ns3:hr>
            <ns3:cad>50</ns3:cad>
          </ns3:TrackPointExtension>
        </extensions>
      </trkpt>
      <trkpt lat="30.42558766901493072509765625" lon="-84.1540357656776905059814453125">
        <ele>30.3999996185302734375</ele>
        <time>2024-07-07T12:36:41.000Z</time>
        <extensions>
          <ns3:TrackPointExtension>
            <ns3:atemp>33.0</ns3:atemp>
            <ns3:hr>114</ns3:hr>
            <ns3:cad>0</ns3:cad>
          </ns3:TrackPointExtension>
        </extensions>
      </trkpt>
      <trkpt lat="30.4255881719291210174560546875" lon="-84.154035262763500213623046875">
        <ele>30.3999996185302734375</ele>
        <time>2024-07-07T12:36:43.000Z</time>
        <extensions>
          <ns3:TrackPointExtension>
            <ns3:atemp>33.0</ns3:atemp>
            <ns3:hr>114</ns3:hr>
            <ns3:cad>0</ns3:cad>
          </ns3:TrackPointExtension>
        </extensions>
      </trkpt>
      <trkpt lat="30.42557199485599994659423828125" lon="-84.15408496744930744171142578125">
        <ele>30.6000003814697265625</ele>
        <time>2024-07-07T12:36:50.000Z</time>
        <extensions>
          <ns3:TrackPointExtension>
            <ns3:atemp>33.0</ns3:atemp>
            <ns3:hr>114</ns3:hr>
            <ns3:cad>0</ns3:cad>
          </ns3:TrackPointExtension>
        </extensions>
      </trkpt>
      <trkpt lat="30.425554811954498291015625" lon="-84.1541185788810253143310546875">
        <ele>30.3999996185302734375</ele>
        <time>2024-07-07T12:36:57.000Z</time>
        <extensions>
          <ns3:TrackPointExtension>
            <ns3:atemp>33.0</ns3:atemp>
            <ns3:hr>113</ns3:hr>
            <ns3:cad>80</ns3:cad>
          </ns3:TrackPointExtension>
        </extensions>
      </trkpt>
      <trkpt lat="30.4255239665508270263671875" lon="-84.15423232130706310272216796875">
        <ele>30.6000003814697265625</ele>
        <time>2024-07-07T12:37:04.000Z</time>
        <extensions>
          <ns3:TrackPointExtension>
            <ns3:atemp>33.0</ns3:atemp>
            <ns3:hr>114</ns3:hr>
            <ns3:cad>54</ns3:cad>
          </ns3:TrackPointExtension>
        </extensions>
      </trkpt>
      <trkpt lat="30.42550854384899139404296875" lon="-84.1543435491621494293212890625">
        <ele>31.200000762939453125</ele>
        <time>2024-07-07T12:37:13.000Z</time>
        <extensions>
          <ns3:TrackPointExtension>
            <ns3:atemp>33.0</ns3:atemp>
            <ns3:hr>116</ns3:hr>
            <ns3:cad>0</ns3:cad>
          </ns3:TrackPointExtension>
        </extensions>
      </trkpt>
      <trkpt lat="30.4255100525915622711181640625" lon="-84.15434765629470348358154296875">
        <ele>31.3999996185302734375</ele>
        <time>2024-07-07T12:37:14.000Z</time>
        <extensions>
          <ns3:TrackPointExtension>
            <ns3:atemp>33.0</ns3:atemp>
            <ns3:hr>116</ns3:hr>
            <ns3:cad>0</ns3:cad>
          </ns3:TrackPointExtension>
        </extensions>
      </trkpt>
    </trkseg>
  </trk>
</gpx>
